Id,"Approval Type",Status,"Release Type",Urgent,Fingerprint,Carriers,Countries,Reviewer,Submitter,"Submission Date","Last Updated On","Review Completion Time","Approval Date","Uploaded Date","Device Code","Security Patch","PL Email",Group,"Review Progress",AP,CP,CSC,"Model Name","Form Factor","Expected Review Time",Provisional,"Build Type","Auto Approved","Chipset Type","FM/OS Upgrade Type","Reviewer Group"
6235965245095936,Regular,Submitted,LR,false,samsung/a16xmnsxx/a16xm:17/CP2A.260605.016/A166PXXU9EZJ2:user/release-keys,XME,Malaysia,phan.hue@samsung.com,srv.gba@samsung.com,"2026-10-07 17:54:06 KST","2026-10-07 17:54:06 KST",,,,a16xmnsxx,2026-09-05,hoang.vn@samsung.com,SRV,,A166PXXU9EZJ2,A166PXXU9EZJ1,A166POLM9EZJ2,SM-A166P,PHONE,,false,FULL,No,MT6835V/TZ,LD,SRV
5119599461007360,Vendor,Submitted,,false,samsung/a15xsq/a15x:17/CP2A.260605.016/A156USQUCFZI6:user/release-keys,,,vishnu.d@samsung.com,srin-pregba@samsung.com,"2026-10-07 17:46:14 KST","2026-10-07 17:46:14 KST",,,,a15xsq,,manish.s7@samsung.com,SRI-Noida,,A156USQUCFZI6,,,SM-A156U,PHONE,,false,,No,MT6835V/ZA,,SRI-N
6646893052690432,SafetyNet,Approved,,,samsung/a25xeea/a25x:17/CP2A.260605.016/A256BXXUEFZJ3:user/release-keys,,,,srv.gba@samsung.com,"2026-10-07 17:45:53 KST","2026-10-07 17:46:05 KST",,"2026-10-07 17:46:05 KST",,a25xeea,2026-10-05,theanh.tr@samsung.com,SRV,100.0,,,,SM-A256B,,,false,,No,s5e8825,,
5180122361757696,SKU,Submitted,MR,false,samsung/a56xnaxx/a56x:17/CP2A.260605.016/A566BXXUEDZJ1_OXMEDZJ1:user/release-keys,"EUY,MBM,MSR,TOP","Ukraine,Macedonia,Serbia",huy.dn@samsung.com,srv.gba@samsung.com,"2026-10-07 17:36:34 KST","2026-10-07 17:36:34 KST",,,,a56xnaxx,2026-10-05,jaywon.chey@samsung.com,SRV,,A566BXXUEDZJ1,A566BXXUEDZJ1,A566BOXMEDZJ1,SM-A566B,PHONE,,false,VARIANT,No,s5e8855,,SRV
5554036107640832,SKU,Submitted,MR,false,samsung/a56xnaeea/a56x:17/CP2A.260605.016/A566BXXUEDZJ1_OXMEDZJ1:user/release-keys,"ATL,BOG,EUX,EVR,MEO,MET,MOB,MOT,PLS,PRT,SFR,SIM,SWC,TIM,VIP","Spain,France,Portugal,Iceland,Greece,Netherlands,Sweden,Austria,Latvia,Luxembourg,Poland,Slovakia,Slovenia,Bulgaria,Lithuania,Croatia,Romania,Hungary,United Kingdom,Switzerland,Czech Republic,Belgium,Norway,Finland,Denmark,Italy,Germany,Estonia,Ireland",yen.dt@samsung.com,srv.gba@samsung.com,"2026-10-07 17:35:59 KST","2026-10-07 17:35:59 KST",,,,a56xnaeea,2026-10-05,jaywon.chey@samsung.com,SRV,,A566BXXUEDZJ1,A566BXXUEDZJ1,A566BOXMEDZJ1,SM-A566B,PHONE,,false,VARIANT,No,s5e8855,,SRV
6018573462142976,NormalException,Submitted,MR,false,samsung/a55xnsins/a55x:17/CP2A.260605.016/A556EXXUIEZJ1:user/release-keys,INS,India,d.khantwal@samsung.com,srin-pregba@samsung.com,"2026-10-07 17:30:15 KST","2026-10-07 17:30:15 KST",,,,a55xnsins,2026-10-05,neha.mittal@samsung.com,SRI-Noida,,A556EXXUIEZJ1,A556EXXUIEZJ1,A556EODMIEZJ1,SM-A556E,PHONE,,false,FULL,No,s5e8845,,SRI-N
5595553476116480,Vendor,Submitted,,false,samsung/SC-51D/SC-51D:13/TP1A.220624.014/SC51DOMU1FZI9:user/release-keys,,,vishnu.d@samsung.com,suwonga2.sec@samsung.com,"2026-10-07 17:28:05 KST","2026-10-07 17:28:05 KST",,,,SC-51D,,chjo@samsung.com,HQ-Suwon2,,SC51DOMU1FZI9,,,SC-51D,PHONE,,false,,No,SM8550,,SRI-N
4817030524174336,Regular,Submitted,MR,false,samsung/a16nsxx/a16:17/CP2A.260605.016/A165FXXUBEZJ2:user/release-keys,XXV,Vietnam,vuong.hue@samsung.com,srv.gba@samsung.com,"2026-10-07 17:20:01 KST","2026-10-07 17:44:02 KST",,,,a16nsxx,2026-10-05,dat.tien@samsung.com,SRV,,A165FXXUBEZJ2,A165FXXUBEZJ2,A165FOLMBEZJ2,SM-A165F,PHONE,"2026-10-07 23:30:00 KST",false,FULL,No,MT6789V/CD,,SRV
5489465569312768,Widevine,Submitted,,,samsung/xcover8jpn/xcover8:17/CP2A.260605.016/G586BOPU0AZJ1_SJP0AZJ1:user/release-keys,SJP,Japan,phan.hue@samsung.com,suwonga2.sec@samsung.com,"2026-10-07 17:11:00 KST","2026-10-07 17:11:00 KST",,,,xcover8jpn,2026-10-05,ym2005.park@samsung.com,HQ-Suwon2,,,,,SM-G586B,PHONE,,false,,No,,,SRV
4920428405719040,SafetyNet,Approved,,,samsung/a25xxx/a25x:17/CP2A.260605.016/A256BXXUEFZJ3:user/release-keys,,,,srv.gba@samsung.com,"2026-10-07 17:02:58 KST","2026-10-07 17:03:16 KST",,"2026-10-07 17:03:16 KST",,a25xxx,2026-10-05,dat.le.tien@samsung.com,SRV,100.0,,,,SM-A256B,,,false,,No,s5e8825,,
6503197976035328,Regular,Reviewed,MR,true,samsung/SC-55E/SC-55E:17/CP2A.260605.016/SC55EOMU1EZIH:user/release-keys,DCM,Japan,d2.kumar@samsung.com,suwonga2.sec@samsung.com,"2026-10-07 17:00:05 KST","2026-10-07 17:50:45 KST","2026-10-07 17:50:45 KST",,,SC-55E,2026-09-05,youngjune.jang@samsung.com,HQ-Suwon2,100.0,SC55EOMU1EZIH,SC55EOMU1EZIH,SC55EQCM1EZIH,SC-55E,PHONE,"2026-10-08 00:00:00 KST",false,FULL,No,SM8650,,SRI-N
6016926879055872,Vendor,Submitted,,false,samsung/gta11puew/gta11p:14/UP1A.231005.007/X238U1UEU8CZI8:user/release-keys,,,vishnu.d@samsung.com,srin-pregba@samsung.com,"2026-10-07 16:36:11 KST","2026-10-07 17:11:59 KST",,,,gta11puew,,prateek1.k@samsung.com,SRI-Noida,,X238U1UEU8CZI8,,,SM-X238U1,TABLET,"2026-10-07 23:00:00 KST",false,,No,MT8775,,SRI-N
6569905059266560,SMR,On_Hold,SMR,,samsung/r9q2csx/r9q:16/BP2A.250605.031.A3/G990W2VLSNIZI2:user/release-keys,"BMC,BWA,CHR,ESK,FIZ,FMC,GLW,KDO,PCM,PMB,RWC,SOL,TBT,TLS,VMC,VTR,XAC",Canada,approval.se@samsung.com,srin-pregba@samsung.com,"2026-10-07 16:33:26 KST","2026-10-07 17:18:43 KST","2026-10-07 17:18:43 KST",,,r9q2csx,2026-10-05,prem.bhatt@samsung.com,SRI-Noida,100.0,G990W2VLSNIZI2,G990W2VLSNIZI2,G990W2OYVNIZI2,SM-G990W2,PHONE,"2026-10-07 21:30:00 KST",false,,No,SM8350,,SRI-N
5638725229084672,Regular,Submitted,MR,false,samsung/a56xcs/a56x:17/CP2A.260605.016/A566WVLUBDZJ1_OYVBDZJ1:user/release-keys,"CHR,ESK,FIZ,FMC,GLW,KDO,PMB,TBT,TLS,VTR,XAC,RWC",Canada,akansha.s1@samsung.com,srin-pregba@samsung.com,"2026-10-07 16:31:21 KST","2026-10-07 17:46:59 KST",,,,a56xcs,2026-10-05,manisha.g1@samsung.com,SRI-Noida,Reviewing,A566WVLUBDZJ1,A566WVLUBDZJ1,A566WOYVBDZJ1,SM-A566W,PHONE,"2026-10-08 00:30:00 KST",false,FULL,No,s5e8855,,SRI-N
6285204025245696,Regular,Submitted,LR,false,samsung/r12sjpnx/r12s:17/CP2A.260605.016/S721QOPU1EZIB:user/release-keys,SJP,Japan,deeksha.s@samsung.com,suwonga2.sec@samsung.com,"2026-10-07 16:31:14 KST","2026-10-07 17:12:32 KST",,,,r12sjpnx,2026-09-05,chjo@samsung.com,HQ-Suwon2,,S721QOPU1EZIB,S721QOPU1EZIB,S721QSJP1EZIB,SM-S721Q,PHONE,"2026-10-16 23:30:00 KST",false,FULL,No,s5e9945,LD,SRI-N
5774619319730176,SMR,On_Hold,SMR,,samsung/r11quew/r11q:16/BP4A.251205.006/S711U1UES8FZJ3:user/release-keys,"ACG,AIO,ATC,ATT,CCT,CHA,DSA,DSH,FKR,LRA,TFN,TMB,TMK,USC,VZW,XAA,XAG,XAR","United States",ruchi.joshi@samsung.com,srin-pregba@samsung.com,"2026-10-07 16:25:08 KST","2026-10-07 17:46:29 KST","2026-10-07 17:46:29 KST",,,r11quew,2026-10-05,jaspinder.g@samsung.com,SRI-Noida,100.0,S711U1UES8FZJ3,S711U1UES8FZJ3,S711U1OYM8FZJ3,SM-S711U1,PHONE,"2026-10-07 21:30:00 KST",false,,No,SM8450,,SRI-N
6046212583325696,NormalException,Approved,MR,false,samsung/a35xxx/a35x:17/CP2A.260605.016/A356BXXUCEZJ1:user/release-keys,"MBM,MSR,TOP","Macedonia,Serbia",tu.nv1@samsung.com,srv.gba@samsung.com,"2026-10-07 16:16:10 KST","2026-10-07 16:51:16 KST","2026-10-07 16:51:16 KST","2026-10-07 16:51:16 KST",,a35xxx,2026-10-05,theanh.duc@samsung.com,SRV,100.0,A356BXXUCEZJ1,A356BXXUCEZJ1,A356BOXMCEZJ1,SM-A356B,PHONE,"2026-10-07 22:00:00 KST",false,FULL,No,s5e8835,,SRV
6226297944801280,NormalException,Submitted,MR,false,samsung/a55xnsxx/a55x:17/CP2A.260605.016/A556EXXUIEZJ1:user/release-keys,"BKD,BNG,NPB,SLK","Bangladesh,Nepal,Sri Lanka",priyanka.l@samsung.com,srin-pregba@samsung.com,"2026-10-07 16:15:03 KST","2026-10-07 16:40:27 KST",,,,a55xnsxx,2026-10-05,chien.ngoc@samsung.com,SRI-Noida,,A556EXXUIEZJ1,A556EXXUIEZJ1,A556EODMIEZJ1,SM-A556E,PHONE,"2026-10-07 22:30:00 KST",false,FULL,No,s5e8845,,SRI-N
5259144055750656,Regular,Submitted,MR,false,samsung/a56xnsins/a56x:17/CP2A.260605.016/A566EXXUEDZJ1_ODMEDZJ1:user/release-keys,INS,India,bhawna.s1@samsung.com,srin-pregba@samsung.com,"2026-10-07 16:10:34 KST","2026-10-07 16:40:45 KST",,,,a56xnsins,2026-10-05,neha.mittal@samsung.com,SRI-Noida,,A566EXXUEDZJ1,A566EXXUEDZJ1,A566EODMEDZJ1,SM-A566E,PHONE,"2026-10-08 00:00:00 KST",false,VARIANT,No,s5e8855,,SRI-N
5610571433246720,SMR,Reviewed,SMR,,samsung/a15xue/a15x:16/BP4A.251205.006/A156U1UESDEZJ4:user/release-keys,"ACG,AIO,ATC,ATT,CCT,CHA,DSA,DSH,FKR,LRA,TFV,TMB,TMK,USC,VZW,XAA,XAG,XAR","United States",approval.se@samsung.com,srin-pregba@samsung.com,"2026-10-07 16:09:06 KST","2026-10-07 17:20:56 KST","2026-10-07 16:49:08 KST",,,a15xue,2026-09-05,a.toshniwal@samsung.com,SRI-Noida,100.0,A156U1UESDEZJ4,A156U1UESDEZJ4,A156U1OYMDEZJ4,SM-A156U1,PHONE,"2026-10-07 21:30:00 KST",false,,No,MT6835V/ZA,,SRI-N
6251172382113792,Vendor,Submitted,,false,samsung/r12sjpnx/r12s:14/UP1A.231005.007/S721QOPU1EZIB:user/release-keys,,,vishnu.d@samsung.com,suwonga2.sec@samsung.com,"2026-10-07 16:05:56 KST","2026-10-07 16:39:39 KST",,,,r12sjpnx,,chjo@samsung.com,HQ-Suwon2,,S721QOPU1EZIB,,,SM-S721Q,PHONE,"2026-10-07 23:00:00 KST",false,,No,s5e9945,,SRI-N
6117547359600640,Regular,Submitted,MR,false,samsung/a56xnsxx/a56x:17/CP2A.260605.016/A566EXXUEDZJ1_ODMEDZJ1:user/release-keys,NPB,Nepal,a2.rajput@samsung.com,srin-pregba@samsung.com,"2026-10-07 15:59:27 KST","2026-10-07 17:50:21 KST",,,,a56xnsxx,2026-10-05,neha.mittal@samsung.com,SRI-Noida,Reviewing,A566EXXUEDZJ1,A566EXXUEDZJ1,A566EODMEDZJ1,SM-A566E,PHONE,"2026-10-08 00:00:00 KST",false,FULL,No,s5e8855,,SRI-N
4528966128107520,Regular,Pending,MR,false,samsung/a07xx/a07:17/CP2A.260605.016/A075FXXU7DZJ1_VFJ7DZJ1:user/release-keys,"CAU,VFJ","Armenia,New Zealand",oanh.lt@samsung.com,srv.gba@samsung.com,"2026-10-07 15:53:43 KST","2026-10-07 16:46:12 KST",,,,a07xx,2026-10-05,tiendung.h@samsung.com,SRV,Reviewing,A075FXXU7DZJ1,A075FXXU7DZJ1,A075FVFJ7DZJ1,SM-A075F,PHONE,"2026-10-07 23:30:00 KST",false,VARIANT,No,MT6789V/CD,,SRV
4915342526906368,Regular,Pending,MR,false,samsung/a07xx/a07:17/CP2A.260605.016/A075FXXU7DZJ1_PNG7DZJ1:user/release-keys,"CAU,PNG","Armenia,New Zealand",thuynga.dt@samsung.com,srv.gba@samsung.com,"2026-10-07 15:53:31 KST","2026-10-07 17:07:24 KST",,,,a07xx,2026-10-05,tiendung.h@samsung.com,SRV,Reviewing,A075FXXU7DZJ1,A075FXXU7DZJ1,A075FPNG7DZJ1,SM-A075F,PHONE,"2026-10-07 23:30:00 KST",false,VARIANT,No,MT6789V/CD,,SRV
6075780883021824,Regular,Submitted,MR,false,samsung/a07xx/a07:17/CP2A.260605.016/A075FXXU7DZJ1_OLM7DZJ1:user/release-keys,"GLB,THL,XME,XNZ,XSP,XTC,XXV","Philippines,Myanmar,Cambodia,Thailand,Laos,Malaysia,New Zealand,Singapore,Vietnam",ng.thanhtuan@samsung.com,srv.gba@samsung.com,"2026-10-07 15:53:16 KST","2026-10-07 16:39:55 KST",,,,a07xx,2026-10-05,tiendung.h@samsung.com,SRV,,A075FXXU7DZJ1,A075FXXU7DZJ1,A075FOLM7DZJ1,SM-A075F,PHONE,"2026-10-07 23:30:00 KST",false,VARIANT,No,MT6789V/CD,,SRV
5013222281445376,NormalException,Submitted,MR,false,samsung/gta9wifixx/gta9wifi:16/BP2A.250605.031.A3/X110XXUBDZI1:user/release-keys,KOO,Korea,ducmanh.ng1@samsung.com,gid5490.han@samsung.com,"2026-10-07 15:25:04 KST","2026-10-07 17:50:36 KST",,,,gta9wifixx,2026-07-05,viet.thanh@samsung.com,HQ-Gumi,Reviewing,X110XXUBDZI1,,X110KOOBDZI1,SM-X110,TABLET,"2026-10-07 22:30:00 KST",false,FULL,No,MT8781V/CA,,SRV
5130941563666432,NormalException,Approved,MR,false,samsung/gta9xx/gta9:16/BP2A.250605.031.A3/X115XXUBDZI1:user/release-keys,CAU,"Armenia,Azerbaijan,Georgia",hoai.nt4@samsung.com,srv.gba@samsung.com,"2026-10-07 15:17:17 KST","2026-10-07 16:18:22 KST","2026-10-07 16:18:22 KST","2026-10-07 16:18:22 KST",,gta9xx,2026-07-05,hieu.tr1@samsung.com,SRV,100.0,X115XXUBDZI1,X115XXUBDZI1,X115OXEBDZI1,SM-X115,TABLET,"2026-10-07 22:00:00 KST",false,FULL,No,MT8781V/CA,,SRV
5643863268261888,NormalException,Approved,MR,false,samsung/a55xnaxx/a55x:17/CP2A.260605.016/A556BXXUIEZJ1:user/release-keys,"MBM,MSR,TOP","Macedonia,Serbia",khanh.toan@samsung.com,srv.gba@samsung.com,"2026-10-07 15:01:54 KST","2026-10-07 15:50:16 KST","2026-10-07 15:50:16 KST","2026-10-07 15:50:16 KST",,a55xnaxx,2026-10-05,thang.nv12@samsung.com,SRV,100.0,A556BXXUIEZJ1,A556BXXUIEZJ1,A556BOXMIEZJ1,SM-A556B,PHONE,"2026-10-07 22:00:00 KST",false,FULL,No,s5e8845,,SRV
4591473203085312,NormalException,Approved,MR,false,samsung/gta9xx/gta9:16/BP2A.250605.031.A3/X115XXUBDZI1:user/release-keys,"CAU,SKZ,SEK","Armenia,Azerbaijan,Georgia,Mongolia,Uzbekistan,Kazakhstan,Turkmenistan,Kyrgyzstan,Tajikistan,Ukraine,Moldova",ly.ltt@samsung.com,hai.anh@samsung.com,"2026-10-07 15:00:14 KST","2026-10-07 17:08:46 KST","2026-10-07 17:08:46 KST","2026-10-07 17:08:46 KST",,gta9xx,2026-07-05,hieu.tr1@samsung.com,SRV,100.0,X115XXUBDZI1,X115XXUBDZI1,X115OXEBDZI1,SM-X115,TABLET,"2026-10-07 22:00:00 KST",false,FULL,No,MT8781V/CA,,SRV
6358182834470912,Vendor,Reviewed,,false,samsung/SC-55E/SC-55E:14/UP1A.231005.007/SC55EOMU1EZIH:user/release-keys,,,d2.kumar@samsung.com,suwonga2.sec@samsung.com,"2026-10-07 14:57:56 KST","2026-10-07 17:48:47 KST","2026-10-07 17:48:47 KST",,,SC-55E,,youngjune.jang@samsung.com,HQ-Suwon2,100.0,SC55EOMU1EZIH,,,SC-55E,PHONE,"2026-10-07 23:00:00 KST",false,,No,SM8650,,SRI-N
6169762619195392,Regular,Verified,MR,false,samsung/a17tur/a17:17/CP2A.260605.016/A175FXXU7DZJ2_OXM7DZJ2:user/release-keys,TUR,Turkey,nam.dt1@samsung.com,srv.gba@samsung.com,"2026-10-07 14:43:18 KST","2026-10-07 17:09:06 KST","2026-10-07 17:09:06 KST",,,a17tur,2026-10-05,the.toan@samsung.com,SRV,100.0,A175FXXU7DZJ2,A175FXXU7DZJ2,A175FOXM7DZJ2,SM-A175F,PHONE,"2026-10-07 23:30:00 KST",false,VARIANT,No,MT6789V/CD,,SRV
5901232673914880,Regular,Verified,MR,false,samsung/a17eea/a17:17/CP2A.260605.016/A175FXXU7DZJ2_OXM7DZJ2:user/release-keys,EUX,"Romania,Hungary,United Kingdom,Portugal,Switzerland,Spain,Greece,Netherlands,Sweden,Austria,Czech Republic,Latvia,Belgium,Ireland,Poland,Italy,Slovakia,France,Bulgaria,Germany,Croatia",huy.dn@samsung.com,srv.gba@samsung.com,"2026-10-07 14:43:10 KST","2026-10-07 16:46:45 KST","2026-10-07 16:46:45 KST",,,a17eea,2026-10-05,the.toan@samsung.com,SRV,100.0,A175FXXU7DZJ2,A175FXXU7DZJ2,A175FOXM7DZJ2,SM-A175F,PHONE,"2026-10-07 23:30:00 KST",false,VARIANT,No,MT6789V/CD,,SRV
5241066806837248,Regular,Verified,MR,false,samsung/a17ser/a17:17/CP2A.260605.016/A175FXXU7DZJ2_OXM7DZJ2:user/release-keys,"SER,SKZ","Belarus,Russia,Kazakhstan",yen.dt@samsung.com,srv.gba@samsung.com,"2026-10-07 14:43:08 KST","2026-10-07 15:14:02 KST","2026-10-07 15:14:02 KST",,,a17ser,2026-10-05,the.toan@samsung.com,SRV,100.0,A175FXXU7DZJ2,A175FXXU7DZJ2,A175FOXM7DZJ2,SM-A175F,PHONE,"2026-10-07 23:30:00 KST",false,VARIANT,No,MT6789V/CD,,SRV
4833317778358272,Regular,Verified,MR,false,samsung/a24nnxx/a24:17/CP2A.260605.016/A245FXXUEGZJ2:user/release-keys,INS,India,d2.kumar@samsung.com,srin-pregba@samsung.com,"2026-10-07 14:42:58 KST","2026-10-07 15:44:29 KST","2026-10-07 15:44:29 KST",,,a24nnxx,2026-10-05,vinay.verma@samsung.com,SRI-Noida,100.0,A245FXXUEGZJ2,A245FXXUEGZJ2,A245FOJMEGZJ2,SM-A245F,PHONE,"2026-10-08 00:00:00 KST",false,VARIANT,No,MT6789V/CD,,SRI-N
4826101797093376,Regular,Submitted,MR,false,samsung/a15nsxx/a15:17/CP2A.260605.016/A155FXXUCFZJ1:user/release-keys,XME,Malaysia,vuong.hue@samsung.com,srv.gba@samsung.com,"2026-10-07 14:33:27 KST","2026-10-07 16:07:08 KST",,,,a15nsxx,2026-10-05,hieu.ld1@samsung.com,SRV,Reviewing,A155FXXUCFZJ1,A155FXXUCFZJ1,A155FOLMCFZJ1,SM-A155F,PHONE,"2026-10-07 23:30:00 KST",false,FULL,No,MT6789V/CD,,SRV
6191882975838208,Regular,Reviewed,MR,false,samsung/a35xks/a35x:17/CP2A.260605.016/A356NKSUAEZJ1:user/release-keys,"KOO,SKC,LUC,KTC",Korea,deeksha.s@samsung.com,ga1.sec@samsung.com,"2026-10-07 14:22:35 KST","2026-10-07 17:00:22 KST","2026-10-07 16:03:43 KST",,,a35xks,2026-10-05,jkmanse@samsung.com,HQ-Suwon,100.0,A356NKSUAEZJ1,A356NKOUAEZJ1,A356NOKRAEZJ1,SM-A356N,PHONE,"2026-10-08 00:00:00 KST",false,FULL,No,s5e8835,,SRI-N
5445986004762624,Regular,Uploaded,LR,false,samsung/a25xks/a25x:17/CP2A.260605.016/A256NKSUBFZJ1:user/release-keys,"SKC,KOO,KTC,LUC",Korea,d.khantwal@samsung.com,ga1.sec@samsung.com,"2026-10-07 14:21:03 KST","2026-10-07 17:48:43 KST",,,"2026-10-07 17:48:43 KST",a25xks,2026-10-05,kw.kwon@samsung.com,HQ-Suwon,10.0,A256NKSUBFZJ1,A256NKOUBFZJ1,A256NOKRBFZJ1,SM-A256N,PHONE,"2026-10-16 23:30:00 KST",false,FULL,No,s5e8825,LD,SRI-N
5972459807571968,Vendor,Reviewed,,false,samsung/a35xks/a35x:13/TP1A.220624.014/A356NKSUAEZJ1:user/release-keys,,,deeksha.s@samsung.com,ga1.sec@samsung.com,"2026-10-07 14:18:18 KST","2026-10-07 16:01:36 KST","2026-10-07 15:34:52 KST",,,a35xks,,jkmanse@samsung.com,HQ-Suwon,100.0,A356NKSUAEZJ1,,,SM-A356N,PHONE,"2026-10-07 23:00:00 KST",false,,No,s5e8835,,SRI-N
6616072065384448,Regular,Approved,MR,false,samsung/a55xnsins/a55x:17/CP2A.260605.016/A556EXXUIEZJ1:user/release-keys,INS,India,d.khantwal@samsung.com,srin-pregba@samsung.com,"2026-10-07 13:53:41 KST","2026-10-07 15:00:18 KST","2026-10-07 14:40:50 KST","2026-10-07 15:00:18 KST",,a55xnsins,2026-10-05,neha.mittal@samsung.com,SRI-Noida,100.0,A556EXXUIEZJ1,A556EXXUIEZJ1,A556EOXEIEZJ1,SM-A556E,PHONE,"2026-10-08 00:00:00 KST",false,VARIANT,Yes,s5e8845,,SRI-N
6187141331943424,SMR,Approved,SMR,,samsung/a15xtfn/a15x:16/BP4A.251205.006/S156VUDSDEZJ4:user/release-keys,"TFN,TFV","United States",approval.se@samsung.com,srin-pregba@samsung.com,"2026-10-07 13:52:58 KST","2026-10-07 15:35:16 KST","2026-10-07 14:59:02 KST","2026-10-07 15:35:16 KST",,a15xtfn,2026-09-05,himanshu.a@samsung.com,SRI-Noida,100.0,S156VUDSDEZJ4,S156VUDSDEZJ4,S156VTFNDEZJ4,SM-S156V,PHONE,"2026-10-07 21:30:00 KST",false,,Yes,MT6835V/ZA,,SRI-N
5022018374467584,SMR,Approved,SMR,,samsung/a08xx/a08:17/CP2A.260605.016/A085FXXS2AZI3_ODM2AZI3:user/release-keys,SLK,"Sri Lanka",approval.se@samsung.com,srin-pregba@samsung.com,"2026-10-07 13:49:14 KST","2026-10-07 15:01:13 KST","2026-10-07 14:59:57 KST","2026-10-07 15:01:13 KST",,a08xx,2026-09-05,sharik.a@samsung.com,SRI-Noida,100.0,A085FXXS2AZI3,A085FXXS2AZI1,A085FODM2AZI3,SM-A085F,PHONE,"2026-10-07 21:30:00 KST",false,,No,MT6789V/CD,,SRI-N
5475432568979456,Regular,Approved,MR,true,samsung/a56xnaeea/a56x:17/CP2A.260605.016/A566BXXUEDZJ1_OXMEDZJ1:user/release-keys,EUX,"Portugal,Iceland,Greece,Netherlands,Sweden,Austria,Latvia,Luxembourg,Poland,Slovakia,Slovenia,Bulgaria,France,Lithuania,Croatia,Romania,Hungary,United Kingdom,Switzerland,Spain,Czech Republic,Belgium,Norway,Finland,Denmark,Italy,Germany,Estonia",tu.nv1@samsung.com,suwonga2.sec@samsung.com,"2026-10-07 13:41:03 KST","2026-10-07 17:35:48 KST","2026-10-07 17:23:53 KST","2026-10-07 17:35:48 KST",,a56xnaeea,2026-10-05,jaywon.chey@samsung.com,HQ-Suwon2,100.0,A566BXXUEDZJ1,A566BXXUEDZJ1,A566BOXMEDZJ1,SM-A566B,PHONE,"2026-10-08 00:00:00 KST",false,VARIANT,Yes,s5e8855,,SRV
4788237801619456,SKU,Approved,MR,false,samsung/a56xnsxx/a56x:17/CP2A.260605.016/A566EXXUEDZJ1_OXEEDZJ1:user/release-keys,"CAC,SOZ","Mongolia,Turkmenistan,Kyrgyzstan,Tajikistan,Uzbekistan",oanh.lt@samsung.com,srv.gba@samsung.com,"2026-10-07 13:35:38 KST","2026-10-07 15:14:46 KST","2026-10-07 15:14:46 KST","2026-10-07 15:14:46 KST",,a56xnsxx,2026-10-05,yen.nh3@samsung.com,SRV,100.0,A566EXXUEDZJ1,A566EXXUEDZJ1,A566EOXEEDZJ1,SM-A566E,PHONE,"2026-10-07 22:00:00 KST",false,VARIANT,No,s5e8855,,SRV
5043537569906688,Regular,Approved,MR,true,samsung/a56xnaxx/a56x:17/CP2A.260605.016/A566BXXUEDZJ1_OXMEDZJ1:user/release-keys,EUY,"Ukraine,Macedonia,Serbia",thuynga.dt@samsung.com,suwonga2.sec@samsung.com,"2026-10-07 13:33:17 KST","2026-10-07 17:36:27 KST","2026-10-07 17:23:02 KST","2026-10-07 17:36:27 KST",,a56xnaxx,2026-10-05,jaywon.chey@samsung.com,HQ-Suwon2,100.0,A566BXXUEDZJ1,A566BXXUEDZJ1,A566BOXMEDZJ1,SM-A566B,PHONE,"2026-10-08 00:00:00 KST",false,FULL,Yes,s5e8855,,SRV
6079918010269696,Vendor,Reviewed,,false,samsung/a56xnaxx/a56x:15/AP3A.240905.015.A2/A566BXXUEDZJ1:user/release-keys,,,thuynga.dt@samsung.com,suwonga2.sec@samsung.com,"2026-10-07 13:30:24 KST","2026-10-07 17:40:19 KST","2026-10-07 17:20:24 KST",,,a56xnaxx,,jaywon.chey@samsung.com,HQ-Suwon2,100.0,A566BXXUEDZJ1,,,SM-A566B,PHONE,"2026-10-07 23:00:00 KST",false,,No,s5e8855,,SRV
6345359337193472,Regular,Submitted,LR,false,samsung/dm1qrktw/dm1q:17/CP2A.260605.016/S911CONU1FZI9:user/release-keys,"SJP,RKT",Japan,r1.rawat@samsung.com,suwonga2.sec@samsung.com,"2026-10-07 12:43:25 KST","2026-10-07 17:28:24 KST",,,,dm1qrktw,2026-09-05,chjo@samsung.com,HQ-Suwon2,10.0,S911CONU1FZI9,S911CONU1FZI9,S911CQKT1FZI9,SM-S911C,PHONE,"2026-10-20 23:30:00 KST",false,FULL,No,SM8550,LD,SRI-N
4995192545607680,SKU,Pending,MR,false,samsung/a07xx/a07:17/CP2A.260605.016/A075FXXU7DZJ1_OXM7DZJ1:user/release-keys,"SOZ,CAC,CAU,SEE,SEK","Uzbekistan,Mongolia,Turkmenistan,Kyrgyzstan,Tajikistan,Armenia,Azerbaijan,Georgia,Kosovo,Macedonia,Serbia,Bosnia and Herzegovina,Montenegro,Albania,Ukraine,Moldova",ducmanh.ng1@samsung.com,srv.gba@samsung.com,"2026-10-07 12:36:01 KST","2026-10-07 17:14:59 KST",,,,a07xx,2026-10-05,huy.tb@samsung.com,SRV,Reviewing,A075FXXU7DZJ1,A075FXXU7DZJ1,A075FOXM7DZJ1,SM-A075F,PHONE,"2026-10-07 20:00:00 KST",false,VARIANT,No,MT6789V/CD,,SRV
6406497592672256,Vendor,Submitted,,false,samsung/dm1qrktw/dm1q:13/TP1A.220624.014/S911CONU1FZI9:user/release-keys,,,vishnu.d@samsung.com,suwonga2.sec@samsung.com,"2026-10-07 12:32:33 KST","2026-10-07 17:28:25 KST",,,,dm1qrktw,,chjo@samsung.com,HQ-Suwon2,Reviewing,S911CONU1FZI9,,,SM-S911C,PHONE,"2026-10-07 21:00:00 KST",false,,No,SM8550,,SRI-N
6168785782571008,Regular,Pending,MR,false,samsung/a17xx/a17:17/CP2A.260605.016/A175FXXU7DZJ2_OXM7DZJ2:user/release-keys,EUY,"Ukraine,Macedonia,Serbia",hoai.nt4@samsung.com,srv.gba@samsung.com,"2026-10-07 12:27:07 KST","2026-10-07 13:22:39 KST",,,,a17xx,2026-10-05,the.toan@samsung.com,SRV,Reviewing,A175FXXU7DZJ2,A175FXXU7DZJ2,A175FOXM7DZJ2,SM-A175F,PHONE,"2026-10-07 21:30:00 KST",false,FULL,No,MT6789V/CD,,SRV
5333156945461248,SMR,On_Hold,SMR,,samsung/a54xnstur/a54x:16/BP4A.251205.006/A546EXXSNFZJ1:user/release-keys,TUR,Turkey,ng.thanhtuan@samsung.com,srv.gba@samsung.com,"2026-10-07 12:06:40 KST","2026-10-07 15:37:49 KST","2026-10-07 15:37:49 KST",,,a54xnstur,2026-10-05,chinh.hoa@samsung.com,SRV,100.0,A546EXXSNFZJ1,A546EXXSNFZJ1,A546EOJMNFZJ1,SM-A546E,PHONE,"2026-10-07 19:00:00 KST",false,,No,s5e8835,,SRV
6402567429160960,Regular,Approved,MR,false,samsung/a07xx/a07:17/CP2A.260605.016/A075FXXU7DZJ1_OJM7DZJ1:user/release-keys,"AFR,ACR,AFG,DKR,ECT,EGY,FWD,ILO,ILP,KSA,LYS,MID,MWD,PAK,PKD,TKD,TUN,XFA,XFV,XSG","Kenya,Ghana,Afghanistan,Senegal,Nigeria,Egypt,Morocco,Israel,Palestine,Saudi Arabia,Libya,Lebanon,Iraq,Jordan,Pakistan,Algeria,Tunisia,South Africa,Zambia,Mauritius,Qatar,United Arab Emirates,Kuwait,Bahrain,Oman",khanh.toan@samsung.com,srv.gba@samsung.com,"2026-10-07 12:05:10 KST","2026-10-07 17:36:03 KST","2026-10-07 15:26:15 KST","2026-10-07 17:36:03 KST",,a07xx,2026-10-05,vhieu.ng@samsung.com,SRV,100.0,A075FXXU7DZJ1,A075FXXU7DZJ1,A075FOJM7DZJ1,SM-A075F,PHONE,"2026-10-07 22:00:00 KST",false,VARIANT,Yes,MT6789V/CD,,SRV
5327768640552960,SMR,On_Hold,SMR,,samsung/xcover7proxx/xcover7pro:16/BP4A.251205.006/G766BXXSACZJ2_OJMACZJ2:user/release-keys,"EGY,EUY,FWD,ILO,ILP,KSA,MID,MWD,TUN,XSG","Egypt,Serbia,Morocco,Israel,Saudi Arabia,Lebanon,Iraq,Jordan,Tunisia,Qatar,United Arab Emirates,Kuwait,Bahrain,Oman",approval.se@samsung.com,srv.gba@samsung.com,"2026-10-07 11:49:12 KST","2026-10-07 12:48:43 KST","2026-10-07 12:48:43 KST",,,xcover7proxx,2026-10-05,theanh.duc@samsung.com,SRV,100.0,G766BXXSACZJ2,G766BXXSACZJ2,G766BOJMACZJ2,SM-G766B,PHONE,"2026-10-07 19:00:00 KST",false,,No,SM7635,,SRV
4992525639352320,Regular,Approved,MR,false,samsung/m16xskt/m16x:17/CP2A.260605.016/M166SKSU8DZJ2_SKC8DZJ2:user/release-keys,SKC,Korea,d.khantwal@samsung.com,ga1.sec@samsung.com,"2026-10-07 11:19:00 KST","2026-10-07 17:36:42 KST","2026-10-07 15:37:17 KST","2026-10-07 17:36:42 KST",,m16xskt,2026-10-05,ki_won.kim@samsung.com,HQ-Suwon,100.0,M166SKSU8DZJ2,M166SKSU8DZJ2,M166SSKC8DZJ2,SM-M166S,PHONE,"2026-10-07 22:00:00 KST",false,FULL,Yes,s5e8535,,SRI-N
6266439850000384,Regular,Reviewed,MR,false,samsung/a56xnatur/a56x:17/CP2A.260605.016/A566BXXUEDZJ1_OXMEDZJ1:user/release-keys,TUR,Türkiye,ly.ltt@samsung.com,srv.gba@samsung.com,"2026-10-07 11:15:42 KST","2026-10-07 17:40:32 KST","2026-10-07 17:23:32 KST",,,a56xnatur,2026-10-05,vanviet.do@samsung.com,SRV,100.0,A566BXXUEDZJ1,A566BXXUEDZJ1,A566BOXMEDZJ1,SM-A566B,PHONE,,false,VARIANT,No,s5e8855,,SRV
4612565149941760,Vendor,Reviewed,,false,samsung/m16xskt/m16x:13/TP1A.220624.014/M166SKSU8DZJ2:user/release-keys,,,d.khantwal@samsung.com,ga1.sec@samsung.com,"2026-10-07 11:02:27 KST","2026-10-07 16:01:02 KST","2026-10-07 15:34:11 KST",,,m16xskt,,ki_won.kim@samsung.com,HQ-Suwon,100.0,M166SKSU8DZJ2,,,SM-M166S,PHONE,"2026-10-07 21:00:00 KST",false,,No,s5e8535,,SRI-N
5992143776907264,Regular,Approved,MR,false,samsung/a17xskt/a17x:17/CP2A.260605.016/M176SKSU4BZJ3_SKC4BZJ3:user/release-keys,SKC,Korea,ruchi.joshi@samsung.com,kyuung.lee@samsung.com,"2026-10-07 10:37:45 KST","2026-10-07 16:36:02 KST","2026-10-07 14:59:45 KST","2026-10-07 16:36:02 KST",,a17xskt,2026-10-05,yong.k.park@samsung.com,HQ-Suwon,100.0,M176SKSU4BZJ3,M176SKSU4BZJ3,M176SSKC4BZJ3,SM-M176S,PHONE,"2026-10-07 22:00:00 KST",false,FULL,Yes,s5e8535,,SRI-N
6266230638116864,Vendor,Reviewed,,false,samsung/a17xskt/a17x:13/TP1A.220624.014/M176SKSU4BZJ3:user/release-keys,,,ruchi.joshi@samsung.com,ga1.sec@samsung.com,"2026-10-07 10:37:09 KST","2026-10-07 15:21:03 KST","2026-10-07 14:48:05 KST",,,a17xskt,,yong.k.park@samsung.com,HQ-Suwon,100.0,M176SKSU4BZJ3,,,SM-M176S,PHONE,"2026-10-07 21:00:00 KST",false,,No,s5e8535,,SRI-N
5515152158097408,Regular,Pending,MR,false,samsung/a16ks/a16:17/CP2A.260605.016/A165NKSU9EZJ2:user/release-keys,"SKC,KOO,KTC,LUC",Korea,priyanka.l@samsung.com,ga1.sec@samsung.com,"2026-10-07 10:01:28 KST","2026-10-07 14:32:23 KST",,,,a16ks,2026-10-05,yong.k.park@samsung.com,HQ-Suwon,Reviewing,A165NKSU9EZJ2,A165NKSU9EZJ2,A165NOKR9EZJ2,SM-A165N,PHONE,"2026-10-07 22:00:00 KST",false,FULL,No,MT6789V/CD,,SRI-N
5437533777559552,Regular,Pending,MR,false,samsung/fresh9blue/fresh9bl:17/CP2A.260330.023/L350XXU1AZI3:user/release-keys,XAA,"United States",d2.kumar@samsung.com,gumi.ga1.sec@samsung.com,"2026-10-07 09:27:08 KST","2026-10-07 13:23:47 KST",,,,fresh9blue,2026-08-05,jsparc@samsung.com,HQ-Gumi,Reviewing,L350XXU1AZI3,,L350OXM1AZI3,SM-L350,WEARABLE,"2026-10-07 22:00:00 KST",false,FULL,No,SW6100,,SRI-N
5820548693360640,NormalException,Submitted,MR,false,samsung/dm3qsqw/dm3q:17/CP2A.260605.016/S918USQU8GZIF:user/release-keys,LLA,"Puerto Rico",welton.seabra@samsung.com,googleapproval.sidia@samsung.com,"2026-10-07 08:47:20 KST","2026-10-07 09:18:29 KST",,,,dm3qsqw,2026-10-05,sumit.gaur@samsung.com,SIDIA,,S918USQU8GZIF,S918USQU8GZIF,S918UOYN8GZIF,SM-S918U,PHONE,"2026-10-08 03:00:00 KST",false,FULL,No,SM8550,,SIDIA
4945742104100864,Regular,Pending,LR,false,samsung/a15xlgt/a15x:17/CP2A.260605.016/A156LKSUAEZI6:user/release-keys,LUC,Korea,akansha.s1@samsung.com,ga1.sec@samsung.com,"2026-10-07 08:01:07 KST","2026-10-07 17:45:25 KST",,,,a15xlgt,2026-09-05,js_oh@samsung.com,HQ-Suwon,10.0,A156LKSUAEZI6,A156LKLUAEZI4,A156LLUCAEZI6,SM-A156L,PHONE,"2026-10-14 23:30:00 KST",false,FULL,No,MT6835V/ZA,LD,SRI-N
5758976042205184,NormalException,Approved,MR,false,samsung/dm2qsqw/dm2q:17/CP2A.260605.016/S916USQU8GZIF:user/release-keys,LLA,"Puerto Rico",welton.seabra@samsung.com,googleapproval.sidia@samsung.com,"2026-10-07 04:28:15 KST","2026-10-07 05:05:04 KST","2026-10-07 05:05:04 KST","2026-10-07 05:05:04 KST",,dm2qsqw,2026-10-05,sumit.gaur@samsung.com,SIDIA,100.0,S916USQU8GZIF,S916USQU8GZIF,S916UOYN8GZIF,SM-S916U,PHONE,,false,FULL,No,SM8550,,SIDIA
4621608253915136,Regular,Submitted,LR,false,samsung/a15xub/a15x:17/CP2A.260605.016/A156MUBUAFZI4:user/release-keys,GTO,Guatemala,paulo.cunha@samsung.com,googleapproval.sidia@samsung.com,"2026-10-07 02:39:53 KST","2026-10-07 04:41:09 KST",,,,a15xub,2026-09-05,vinicius.souza@samsung.com,SIDIA,10.0,A156MUBUAFZI4,A156MUBUAFZI4,A156MOWOAFZI4,SM-A156M,PHONE,"2026-10-15 23:30:00 KST",false,FULL,No,MT6835V/ZA,LD,SIDIA
6291510446522368,Vendor,Submitted,,false,samsung/a15xub/a15x:17/CP2A.260605.016/A156MUBUAFZI4:user/release-keys,,,paulo.cunha@samsung.com,googleapproval.sidia@samsung.com,"2026-10-07 02:30:08 KST","2026-10-07 04:41:10 KST",,,,a15xub,,vinicius.souza@samsung.com,SIDIA,Reviewing,A156MUBUAFZI4,,,SM-A156M,PHONE,"2026-10-07 07:30:00 KST",false,,No,MT6835V/ZA,,SIDIA
6744303716270080,Regular,Pending,MR,false,samsung/a56xnsxx/a56x:17/CP2A.260605.016/A566EXXUEDZJ1_OWOEDZJ1:user/release-keys,"ARO,BVO,CAU,CDR,CGU,CHE,CHL,CHO,CHT,COB,COL,COM,COO,CRC,CTI,CTP,CTU,DOR,EBE,ECO,EON,GLO,GTO,IUS,MXO,PEO,PET,PGU,PNT,PSN,PSP,SAM,TCE,TGP,TMM,TPA,UFN,UFU,UPO,UYO,ZTA,ZTM,ZTO,ZVV","Argentina,Bolivia,Armenia,Azerbaijan,Georgia,Dominican Republic,Guatemala,Chile,Colombia,Costa Rica,Paraguay,Uruguay,Ecuador,Mexico,Peru,Panama,Brazil",jonathan.g@samsung.com,googleapproval.sidia@samsung.com,"2026-10-07 00:57:07 KST","2026-10-07 04:47:51 KST",,,,a56xnsxx,2026-10-05,marcos.pereira@samsung.com,SIDIA,,A566EXXUEDZJ1,A566EXXUEDZJ1,A566EOWOEDZJ1,SM-A566E,PHONE,"2026-10-07 05:00:00 KST",false,VARIANT,No,s5e8855,,SIDIA
5716176089120768,Regular,Pending,MR,false,samsung/a07ub/a07:17/CP2A.260605.016/A075MUBU7DZJ1_OWB7DZJ1:user/release-keys,"CDR,CGU,CHE,CHL,CHO,CHT,COB,COL,COM,COO,CRC,DOR,EBE,ECO,EON,GLO,GTO,PCT,PEO,PET,PGU,PNT,SAM","Dominican Republic,Guatemala,Chile,Colombia,Costa Rica,Ecuador,Puerto Rico,Peru",dinara.araujo@samsung.com,googleapproval.sidia@samsung.com,"2026-10-07 00:45:38 KST","2026-10-07 04:32:20 KST",,,,a07ub,2026-10-05,aglair.p@samsung.com,SIDIA,Reviewing,A075MUBU7DZJ1,A075MUBU7DZJ1,A075MOWB7DZJ1,SM-A075M,PHONE,"2026-10-07 05:00:00 KST",false,FULL,No,MT6789V/CD,,SIDIA
6497331335921664,Vendor,Pending,,false,samsung/a07ub/a07:16/BP2A.250605.031.A3/A075MUBU7DZJ1:user/release-keys,,,dinara.araujo@samsung.com,googleapproval.sidia@samsung.com,"2026-10-07 00:18:25 KST","2026-10-07 04:32:13 KST",,,,a07ub,,aglair.p@samsung.com,SIDIA,Reviewing,A075MUBU7DZJ1,,,SM-A075M,PHONE,"2026-10-07 03:30:00 KST",false,,No,MT6789V/CD,,SIDIA
4625558063546368,Regular,Approved,MR,false,samsung/a17xlgt/a17x:17/CP2A.260605.016/A176LKSU4CZJ3_LUC4CZJ3:user/release-keys,LUC,Korea,a2.rajput@samsung.com,ga1.sec@samsung.com,"2026-10-06 20:32:59 KST","2026-10-07 15:35:42 KST","2026-10-07 15:11:40 KST","2026-10-07 15:35:42 KST",,a17xlgt,2026-10-05,yong.k.park@samsung.com,HQ-Suwon,100.0,A176LKSU4CZJ3,A176LKLU4CZJ3,A176LLUC4CZJ3,SM-A176L,PHONE,"2026-10-07 20:00:00 KST",false,FULL,Yes,s5e8535,,SRI-N
6595050683498496,Vendor,Approved,,false,samsung/a17xlgt/a17x:13/TP1A.220624.014/A176LKSU4CZJ3:user/release-keys,,,a2.rajput@samsung.com,ga1.sec@samsung.com,"2026-10-06 20:19:37 KST","2026-10-07 16:00:05 KST","2026-10-07 12:18:11 KST","2026-10-07 16:00:05 KST",,a17xlgt,,yong.k.park@samsung.com,HQ-Suwon,100.0,A176LKSU4CZJ3,,,SM-A176L,PHONE,"2026-10-07 19:00:00 KST",false,,No,s5e8535,,SRI-N
4534531281649664,Regular,Submitted,LR,false,samsung/gta11pjpn/gta11p:17/CP2A.260605.016/X238QOPU7CZJ1_SJP7CZJ1:user/release-keys,SJP,Japan,d2.kumar@samsung.com,gr.kang@samsung.com,"2026-10-06 20:14:06 KST","2026-10-07 15:47:56 KST",,,,gta11pjpn,2026-09-05,cainkim@samsung.com,HQ-Gumi,10.0,X238QOPU7CZJ1,X238QOPU7CZJ1,X238QSJP7CZJ1,SM-X238Q,TABLET,"2026-10-13 23:30:00 KST",false,FULL,No,MT8775,LD,SRI-N
5708803173777408,SKU,Approved,MR,false,samsung/gts11wifixx/gts11wifi:17/CP2A.260605.016/X730XXU9CZI3_OXM9CZI3:user/release-keys,NPL,Nepal,umesh.k@samsung.com,srin-pregba@samsung.com,"2026-10-06 20:13:39 KST","2026-10-07 13:50:43 KST","2026-10-07 13:50:43 KST","2026-10-07 13:50:43 KST",,gts11wifixx,2026-09-05,shikha.gupta@samsung.com,SRI-Noida,100.0,X730XXU9CZI3,,X730OXM9CZI3,SM-X730,TABLET,"2026-10-07 18:30:00 KST",false,VARIANT,No,MT6991,,SRI-N
5399614249500672,SMR,Approved,SMR,,samsung/a15xsq/a15x:16/BP4A.251205.006/A156USQSDEZJ4:user/release-keys,"AIO,APP,ASR,ATT,CCT,CHA,DSA,DSG,DSH,TMB,TMK,USC,VPP,VZW","United States",approval.se@samsung.com,srin-pregba@samsung.com,"2026-10-06 20:12:37 KST","2026-10-07 04:01:58 KST","2026-10-06 20:39:06 KST","2026-10-07 04:01:58 KST",,a15xsq,2026-09-05,manish.s7@samsung.com,SRI-Noida,100.0,A156USQSDEZJ4,A156USQSDEZJ4,A156UOYNDEZJ4,SM-A156U,PHONE,,false,,Yes,MT6835V/ZA,,SRI-N
6631411473973248,Vendor,Pending,,false,samsung/a16ks/a16:16/BP2A.250605.031.A3/A165NKSU9EZJ2:user/release-keys,,,vishnu.d@samsung.com,ga1.sec@samsung.com,"2026-10-06 20:04:35 KST","2026-10-07 14:32:10 KST",,,,a16ks,,yong.k.park@samsung.com,HQ-Suwon,Reviewing,A165NKSU9EZJ2,,,SM-A165N,PHONE,"2026-10-07 19:00:00 KST",false,,No,MT6789V/CD,,SRI-N
5638434429599744,SMR,On_Hold,SMR,,samsung/a54xnsxx/a54x:16/BP4A.251205.006/A546EXXSNFZJ1:user/release-keys,XID,Indonesia,approval.se@samsung.com,endri.s@samsung.com,"2026-10-06 20:02:21 KST","2026-10-06 20:48:43 KST","2026-10-06 20:48:43 KST",,,a54xnsxx,2026-10-05,danar.kurnia@samsung.com,SRV,100.0,A546EXXSNFZJ1,A546EXXSNFZJ1,A546EOLENFZJ1,SM-A546E,PHONE,,false,,No,s5e8835,,SRV
5319324734849024,SKU,Approved,MR,false,samsung/m47xqdxx/m47xq:17/CP2A.260605.016/E476BXXU3BZIF_ODM3BZIF:user/release-keys,SLI,"Sri Lanka",r1.rawat@samsung.com,srin-pregba@samsung.com,"2026-10-06 20:01:47 KST","2026-10-07 15:54:18 KST","2026-10-07 15:54:18 KST","2026-10-07 15:54:18 KST",,m47xqdxx,2026-09-05,tarun.lohia@samsung.com,SRI-Noida,100.0,E476BXXU3BZIF,E476BXXU3BZIF,E476BODM3BZIF,SM-E476B,PHONE,"2026-10-07 18:30:00 KST",false,VARIANT,No,SM6475,,SRI-N
6486776369905664,SMR,On_Hold,SMR,,samsung/r9quew/r9q:16/BP2A.250605.031.A3/G990U1UESPIZI2:user/release-keys,"ACG,AIO,ATC,ATT,CCT,CHA,DSA,DSH,FKR,LRA,TFN,TMB,TMK,USC,VZW,XAA,XAG,XAR","United States",approval.se@samsung.com,srin-pregba@samsung.com,"2026-10-06 19:58:22 KST","2026-10-06 20:48:44 KST","2026-10-06 20:48:44 KST",,,r9quew,2026-10-05,akash.gupta@samsung.com,SRI-Noida,100.0,G990U1UESPIZI2,G990U1UESPIZI2,G990U1OYMPIZI2,SM-G990U1,PHONE,"2026-10-07 17:30:00 KST",false,,No,Qualcomm,,SRI-N
4848707283714048,Regular,Approved,MR,true,samsung/q5quew/q5q:17/CP2A.260605.016/F946U1UEU8HZIJ:user/release-keys,"ACG,XAG,VZW,AIO,XAA,ATC,TMK,DSA,CHA,ATT,TFN,XAR,DSH,FKR,CCT,LRA,TMB,USC","United States",umesh.k@samsung.com,srin-pregba@samsung.com,"2026-10-06 19:53:48 KST","2026-10-06 22:01:32 KST","2026-10-06 21:40:18 KST","2026-10-06 22:01:32 KST",,q5quew,2026-10-05,chandan2.das@samsung.com,SRI-Noida,100.0,F946U1UEU8HZIJ,F946U1UEU8HZIJ,F946U1OYM8HZIJ,SM-F946U1,PHONE,"2026-10-07 20:30:00 KST",false,FULL,No,SM8550,,SRI-N
5973493485404160,SMR,On_Hold,SMR,,samsung/xcover7prokx/xcover7pro:16/BP4A.251205.006/G766NKSSBCZJ2_KOOBCZJ2:user/release-keys,KOO,Korea,approval.se@samsung.com,ga1.sec@samsung.com,"2026-10-06 19:53:30 KST","2026-10-06 20:58:43 KST","2026-10-06 20:58:43 KST",,,xcover7prokx,2026-10-05,th.kim@samsung.com,HQ-Suwon,100.0,G766NKSSBCZJ2,G766NKSSBCZI3,G766NKOOBCZJ2,SM-G766N,PHONE,"2026-10-07 17:30:00 KST",false,,No,SM7635,,SRI-N
6414221084721152,Vendor,Approved,,false,samsung/q5quew/q5q:13/TP1A.220624.014/F946U1UEU8HZIJ:user/release-keys,,,umesh.k@samsung.com,srin-pregba@samsung.com,"2026-10-06 19:47:39 KST","2026-10-07 00:00:02 KST","2026-10-06 21:28:23 KST","2026-10-07 00:00:02 KST",,q5quew,,chandan2.das@samsung.com,SRI-Noida,100.0,F946U1UEU8HZIJ,,,SM-F946U1,PHONE,"2026-10-07 19:00:00 KST",false,,No,SM8550,,SRI-N
6118493124820992,Regular,Approved,MR,true,samsung/b5quew/b5q:17/CP2A.260605.016/F731U1UEU8HZIJ:user/release-keys,"DSA,XAG,ATC,ACG,LRA,VZW,ATT,XAR,DSH,XAA,CHA,USC,TMB,TMK,FKR,AIO,TFN,CCT","United States",jonathan.g@samsung.com,srin-pregba@samsung.com,"2026-10-06 19:29:26 KST","2026-10-07 02:35:22 KST","2026-10-07 02:26:36 KST","2026-10-07 02:35:22 KST",,b5quew,2026-10-05,chandan2.das@samsung.com,SRI-Noida,100.0,F731U1UEU8HZIJ,F731U1UEU8HZIJ,F731U1OYM8HZIJ,SM-F731U1,PHONE,"2026-10-07 20:30:00 KST",false,FULL,Yes,SM8550,,SIDIA
4974413829373952,Regular,Approved,MR,true,samsung/dm1qcsx/dm1q:17/CP2A.260605.016/S911WVLU8GZIF:user/release-keys,"BWA,FMC,PCM,RWC,PMB,SOL,TLS,TBT,VMC,XAC,VTR,FIZ,KDO,GLW,BMC,CHR,ESK",Canada,priyanka.l@samsung.com,srin-pregba@samsung.com,"2026-10-06 19:26:56 KST","2026-10-07 02:36:45 KST","2026-10-06 22:11:59 KST","2026-10-07 02:36:45 KST",,dm1qcsx,2026-10-05,harminder.s@samsung.com,SRI-Noida,100.0,S911WVLU8GZIF,S911WVLU8GZIF,S911WOYV8GZIF,SM-S911W,PHONE,"2026-10-07 20:30:00 KST",false,FULL,Yes,SM8550,,SRI-N
5136619241996288,Regular,Approved,MR,true,samsung/dm1quew/dm1q:17/CP2A.260605.016/S911U1UEU8GZIF:user/release-keys,"ACG,AIO,ATC,ATT,CCT,CHA,DSA,DSH,FKR,LRA,TFN,TMB,TMK,USC,VZW,WWD,XAA,XAG,XAR","United States",priyanka.l@samsung.com,srin-pregba@samsung.com,"2026-10-06 19:26:33 KST","2026-10-06 22:00:53 KST","2026-10-06 21:42:58 KST","2026-10-06 22:00:41 KST",,dm1quew,2026-10-05,deepak.k1@samsung.com,SRI-Noida,100.0,S911U1UEU8GZIF,S911U1UEU8GZIF,S911U1OYM8GZIF,SM-S911U1,PHONE,"2026-10-07 20:30:00 KST",false,FULL,No,SM8550,,SRI-N
6258765448085504,Regular,Approved,MR,true,samsung/dm2quew/dm2q:17/CP2A.260605.016/S916U1UEU8GZIF:user/release-keys,"ATT,FKR,TMB,TMK,USC,ACG,AIO,ATC,CCT,CHA,DSA,DSH,LRA,TFN,VZW,WWD,XAA,XAG,XAR","United States",d2.kumar@samsung.com,srin-pregba@samsung.com,"2026-10-06 19:26:17 KST","2026-10-06 21:35:59 KST","2026-10-06 21:10:54 KST","2026-10-06 21:35:59 KST",,dm2quew,2026-10-05,deepak.k1@samsung.com,SRI-Noida,100.0,S916U1UEU8GZIF,S916U1UEU8GZIF,S916U1OYM8GZIF,SM-S916U1,PHONE,"2026-10-07 20:30:00 KST",false,FULL,Yes,SM8550,,SRI-N
4814672184475648,Vendor,Pending,,false,samsung/gta11pjpn/gta11p:14/UP1A.231005.007/X238QOPU7CZJ1:user/release-keys,,,vishnu.d@samsung.com,gumi.ga1.sec@samsung.com,"2026-10-06 19:25:54 KST","2026-10-07 14:13:24 KST",,,,gta11pjpn,,cainkim@samsung.com,HQ-Gumi,Reviewing,X238QOPU7CZJ1,,,SM-X238Q,TABLET,"2026-10-07 19:00:00 KST",false,,No,MT8775,,SRI-N
6716627450331136,Regular,Approved,MR,false,samsung/a56xue/a56x:17/CP2A.260605.016/A566U1UEUBDZJ1_OYMBDZJ1:user/release-keys,"ATC,AIO,TMK,ACG,XAG,FKR,XAA,USC,VZW,CHA,XAR,CCT,ATT,LRA,TMB,TFV","United States",d.khantwal@samsung.com,srin-pregba@samsung.com,"2026-10-06 19:25:41 KST","2026-10-07 14:36:04 KST","2026-10-07 14:07:25 KST","2026-10-07 14:36:04 KST",,a56xue,2026-10-05,k.mittal@samsung.com,SRI-Noida,100.0,A566U1UEUBDZJ1,A566U1UEUBDZJ1,A566U1OYMBDZJ1,SM-A566U1,PHONE,"2026-10-07 20:30:00 KST",false,FULL,Yes,s5e8855,,SRI-N
6524825082527744,Regular,Approved,MR,true,samsung/dm3quew/dm3q:17/CP2A.260605.016/S918U1UEU8GZIF:user/release-keys,"XAR,TMK,XAG,USC,LRA,WWD,TFN,ATC,ACG,AIO,ATT,CCT,CHA,DSA,DSH,FKR,TMB,VZW,XAA","United States",umesh.k@samsung.com,srin-pregba@samsung.com,"2026-10-06 19:05:12 KST","2026-10-06 22:01:11 KST","2026-10-06 21:48:07 KST","2026-10-06 22:00:26 KST",,dm3quew,2026-10-05,deepak.k1@samsung.com,SRI-Noida,100.0,S918U1UEU8GZIF,S918U1UEU8GZIF,S918U1OYM8GZIF,SM-S918U1,PHONE,"2026-10-07 20:30:00 KST",false,FULL,Yes,SM8550,,SRI-N
6247095317299200,Vendor,Approved,,false,samsung/b5quew/b5q:13/TP1A.220624.014/F731U1UEU8HZIJ:user/release-keys,,,welton.seabra@samsung.com,srin-pregba@samsung.com,"2026-10-06 19:03:09 KST","2026-10-07 08:00:02 KST","2026-10-07 02:08:11 KST","2026-10-07 08:00:02 KST",,b5quew,,chandan2.das@samsung.com,SRI-Noida,100.0,F731U1UEU8HZIJ,,,SM-F731U1,PHONE,"2026-10-07 19:00:00 KST",false,,No,SM8550,,SIDIA
6615915231969280,Regular,Pending,MR,false,samsung/a55xnsser/a55x:17/CP2A.260605.016/A556EXXUIEZJ1:user/release-keys,SER,"Belarus,Russia",nam.dt1@samsung.com,srv.gba@samsung.com,"2026-10-06 19:01:28 KST","2026-10-07 17:01:19 KST",,,,a55xnsser,2026-10-05,chien.ngoc@samsung.com,SRV,Reviewing,A556EXXUIEZJ1,A556EXXUIEZJ1,A556EOXEIEZJ1,SM-A556E,PHONE,"2026-10-07 19:30:00 KST",false,VARIANT,No,s5e8845,,SRV
6700972630081536,Vendor,Approved,,false,samsung/dm2quew/dm2q:13/TP1A.220624.014/S916U1UEU8GZIF:user/release-keys,,,d2.kumar@samsung.com,srin-pregba@samsung.com,"2026-10-06 18:54:07 KST","2026-10-07 00:00:02 KST","2026-10-06 21:05:30 KST","2026-10-07 00:00:02 KST",,dm2quew,,deepak.k1@samsung.com,SRI-Noida,100.0,S916U1UEU8GZIF,,,SM-S916U1,PHONE,"2026-10-07 19:00:00 KST",false,,No,SM8550,,SRI-N
6480599267409920,Widevine,Approved,,,samsung/on1sksx/on1s:17/CP4A.260831.006/S952NKSU0AZJ1_OKR0AZJ1:user/release-keys,"KOO,KTC,LUC,SKC",Korea,phan.hue@samsung.com,phan.hue@samsung.com,"2026-10-06 18:42:39 KST","2026-10-07 16:37:33 KST","2026-10-07 16:37:33 KST","2026-10-07 16:37:33 KST",,on1sksx,2026-10-05,bk1.seo@samsung.com,SRV,100.0,,,,SM-S952N,PHONE,,false,,No,s5e9975,,SRV
4598337567457280,Widevine,Pending,,,samsung/on2sksx/on2s:17/CP4A.260831.006/S956NKSU0AZJ1_OKR0AZJ1:user/release-keys,"KOO,KTC,LUC,SKC",Korea,phan.hue@samsung.com,gumi.ga2.sec@samsung.com,"2026-10-06 18:42:36 KST","2026-10-07 15:41:08 KST",,,,on2sksx,2026-10-05,kamui007@samsung.com,HQ-Gumi,Reviewing,,,,SM-S956N,PHONE,,false,,No,,,SRV
6499125877276672,Regular,Approved,MR,false,samsung/a55xnstur/a55x:17/CP2A.260605.016/A556EXXUIEZJ1:user/release-keys,TUR,"Turkey,Türkiye",huy.dn@samsung.com,srv.gba@samsung.com,"2026-10-06 18:42:22 KST","2026-10-07 14:01:17 KST","2026-10-07 13:44:53 KST","2026-10-07 14:01:17 KST",,a55xnstur,2026-10-05,chien.ngoc@samsung.com,SRV,100.0,A556EXXUIEZJ1,A556EXXUIEZJ1,A556EOXEIEZJ1,SM-A556E,PHONE,"2026-10-07 19:30:00 KST",false,VARIANT,Yes,s5e8845,,SRV
6214097486217216,SafetyNet,Approved,,,samsung/a54xnsxx/a54x:17/CP2A.260605.016/A546EXXUNZZJ2:user/release-keys,,,,srin-pregba@samsung.com,"2026-10-06 18:36:24 KST","2026-10-06 18:36:39 KST",,"2026-10-06 18:36:39 KST",,a54xnsxx,2026-10-05,ankur.gautam@samsung.com,SRI-Noida,100.0,,,,SM-A546E,,,false,,No,s5e8835,,
5445230358953984,Regular,Approved,MR,true,samsung/q6qjpnw/q6q:17/CP2A.260605.016/F956QOPU1EZIH:user/release-keys,SJP,Japan,umesh.k@samsung.com,suwonga2.sec@samsung.com,"2026-10-06 18:31:42 KST","2026-10-07 01:02:00 KST","2026-10-06 20:01:32 KST","2026-10-07 01:02:00 KST",,q6qjpnw,2026-09-05,sungheelee@samsung.com,HQ-Suwon2,100.0,F956QOPU1EZIH,F956QOPU1EZIH,F956QSJP1EZIH,SM-F956Q,PHONE,"2026-10-07 20:00:00 KST",false,FULL,Yes,SM8650,,SRI-N
5601092171988992,Vendor,Approved,,false,samsung/a56xue/a56x:15/AP3A.240905.015.A2/A566U1UEUBDZJ1:user/release-keys,,,d.khantwal@samsung.com,srin-pregba@samsung.com,"2026-10-06 18:31:32 KST","2026-10-07 16:00:05 KST","2026-10-07 13:39:35 KST","2026-10-07 16:00:05 KST",,a56xue,,k.mittal@samsung.com,SRI-Noida,100.0,A566U1UEUBDZJ1,,,SM-A566U1,PHONE,"2026-10-07 19:00:00 KST",false,,No,s5e8855,,SRI-N
4994980716478464,Widevine,Approved,,,samsung/xcoverfrwifitur/xcoverfrwifi:16/BP2A.250605.031.A3/G771FXXU0AZI8_OXM0AZI8:user/release-keys,TUR,Türkiye,phan.hue@samsung.com,phan.hue@samsung.com,"2026-10-06 18:30:09 KST","2026-10-07 13:39:40 KST","2026-10-07 13:39:40 KST","2026-10-07 13:39:40 KST",,xcoverfrwifitur,2026-10-05,doan.truong1@samsung.com,SRV,100.0,,,,SM-G771F,PHONE,,false,,No,QCM6690,,SRV
4668267218337792,Vendor,Approved,,false,samsung/q6qjpnw/q6q:14/UP1A.231005.007/F956QOPU1EZIH:user/release-keys,,,umesh.k@samsung.com,suwonga2.sec@samsung.com,"2026-10-06 18:29:43 KST","2026-10-07 08:00:04 KST","2026-10-06 19:59:27 KST","2026-10-07 08:00:04 KST",,q6qjpnw,,sungheelee@samsung.com,HQ-Suwon2,100.0,F956QOPU1EZIH,,,SM-F956Q,PHONE,"2026-10-07 19:00:00 KST",false,,No,SM8650,,SRI-N
5698668158255104,Regular,Reviewed,MR,true,samsung/SCG29_jp_kdi/SCG29:17/CP2A.260605.016/SCG29KDU1EZIH:user/release-keys,KDI,Japan,akansha.s1@samsung.com,suwonga2.sec@samsung.com,"2026-10-06 18:25:23 KST","2026-10-07 07:40:16 KST","2026-10-06 19:23:23 KST",,,SCG29_jp_kdi,2026-09-05,is.shim@samsung.com,HQ-Suwon2,100.0,SCG29KDU1EZIH,SCG29KDU1EZIH,SCG29QDI1EZIH,SCG29,PHONE,"2026-10-07 20:00:00 KST",false,FULL,No,SM8650,,SRI-N
5789013164425216,Vendor,Reviewed,,false,samsung/SCG29_jp_kdi/SCG29:14/UP1A.231005.007/SCG29KDU1EZIH:user/release-keys,,,akansha.s1@samsung.com,suwonga2.sec@samsung.com,"2026-10-06 18:20:21 KST","2026-10-06 19:40:14 KST","2026-10-06 19:05:48 KST",,,SCG29_jp_kdi,,is.shim@samsung.com,HQ-Suwon2,100.0,SCG29KDU1EZIH,,,SCG29,PHONE,"2026-10-07 19:00:00 KST",false,,No,SM8650,,SRI-N
6407611532705792,Widevine,Pending,,,samsung/on3sksx/on3s:17/CP4A.260831.006/S957NKSU0AZJ1_OKR0AZJ1:user/release-keys,"KOO,KTC,LUC,SKC",Korea,phan.hue@samsung.com,gumi.ga1.sec@samsung.com,"2026-10-06 18:14:40 KST","2026-10-07 15:23:42 KST",,,,on3sksx,2026-10-05,bk1.seo@samsung.com,HQ-Gumi,Reviewing,,,,SM-S957N,PHONE,,false,,No,,,SRV
5165583360589824,Regular,Pending,MR,false,samsung/gtactive5kxx/gtactive5:17/CP2A.260605.016/X306NKOUEEZJ1:user/release-keys,KOO,Korea,ruchi.joshi@samsung.com,gumi.ga2.sec@samsung.com,"2026-10-06 18:13:02 KST","2026-10-07 14:55:49 KST",,,,gtactive5kxx,2026-09-05,faith.choi@samsung.com,HQ-Gumi,Reviewing,X306NKOUEEZJ1,X306NKOUEEZJ1,X306NKOOEEZJ1,SM-X306N,TABLET,"2026-10-07 20:00:00 KST",false,FULL,No,s5e8835,,SRI-N
5761141846573056,Regular,Passed,LR,false,samsung/e1qjpnx/e1q:17/CP2A.260605.016/S921QOPU1EZIB:user/release-keys,SJP,Japan,priyanka.l@samsung.com,suwonga2.sec@samsung.com,"2026-10-06 18:04:58 KST","2026-10-07 17:54:27 KST",,,,e1qjpnx,2026-09-05,chjo@samsung.com,HQ-Suwon2,10.0,S921QOPU1EZIB,S921QOPU1EZIB,S921QSJP1EZIB,SM-S921Q,PHONE,"2026-10-15 23:30:00 KST",false,FULL,No,SM8650,LD,SRI-N
5374517748957184,Regular,Approved,MR,false,samsung/a55xnsxx/a55x:17/CP2A.260605.016/A556EXXUIEZJ1:user/release-keys,SKZ,"Mongolia,Uzbekistan,Kazakhstan,Turkmenistan,Kyrgyzstan,Tajikistan",yen.dt@samsung.com,srv.gba@samsung.com,"2026-10-06 18:03:44 KST","2026-10-07 13:01:27 KST","2026-10-07 12:46:09 KST","2026-10-07 13:01:27 KST",,a55xnsxx,2026-10-05,chien.ngoc@samsung.com,SRV,100.0,A556EXXUIEZJ1,A556EXXUIEZJ1,A556EOXEIEZJ1,SM-A556E,PHONE,"2026-10-06 23:30:00 KST",false,FULL,Yes,s5e8845,,SRV
5173605084430336,Vendor,Pending,,false,samsung/e1qjpnx/e1q:14/UP1A.231005.007/S921QOPU1EZIB:user/release-keys,,,vishnu.d@samsung.com,suwonga2.sec@samsung.com,"2026-10-06 18:02:47 KST","2026-10-07 14:20:26 KST",,,,e1qjpnx,,chjo@samsung.com,HQ-Suwon2,Reviewing,S921QOPU1EZIB,,,SM-S921Q,PHONE,"2026-10-07 19:00:00 KST",false,,No,SM8650,,SRI-N
6146818769682432,Widevine,Pending,,,samsung/on4qksx/on4q:17/CP4A.260831.006/S958NKSU0AZJ1_OKR0AZJ1:user/release-keys,"KOO,KTC,LUC,SKC",Korea,phan.hue@samsung.com,gumi.ga2.sec@samsung.com,"2026-10-06 17:58:06 KST","2026-10-07 15:12:10 KST",,,,on4qksx,2026-10-05,gg7575.kim@samsung.com,HQ-Gumi,Reviewing,,,,SM-S958N,PHONE,,false,,No,,,SRV
6510978107965440,Regular,Pending,LR,false,samsung/SCT22_jp_kdi/SCT22:17/CP2A.260605.016/SCT22KDUFFZJ1:user/release-keys,KDI,Japan,ruchi.joshi@samsung.com,gumi.ga2.sec@samsung.com,"2026-10-06 17:49:58 KST","2026-10-07 17:47:58 KST",,,,SCT22_jp_kdi,2026-09-05,jsnake.nam@samsung.com,HQ-Gumi,60.0,SCT22KDUFFZJ1,SCT22KDUFFZJ1,SCT22QDIFFZJ1,SCT22,TABLET,"2026-10-15 23:30:00 KST",false,FULL,No,s5e8835,LD,SRI-N
5626232024858624,Regular,Pending,LR,false,samsung/gta4xlstur/gta4xls:17/CP2A.260605.016/P625XXUDDZJ1:user/release-keys,TUR,Turkey,hoai.nt4@samsung.com,srv.gba@samsung.com,"2026-10-06 17:49:48 KST","2026-10-07 11:31:58 KST",,,,gta4xlstur,2026-10-05,bui.tthanh@samsung.com,SRV,10.0,P625XXUDDZJ1,P625XXUDDZJ1,P625OXMDDZJ1,SM-P625,TABLET,"2026-10-15 23:30:00 KST",false,VARIANT,No,s5e8825,LV,SRV
6086622856871936,Vendor,Pending,,false,samsung/a15xlgt/a15x:17/CP2A.260605.016/A156LKSUAEZI6:user/release-keys,,,vishnu.d@samsung.com,ga1.sec@samsung.com,"2026-10-06 17:49:36 KST","2026-10-07 17:45:34 KST",,,,a15xlgt,,js_oh@samsung.com,HQ-Suwon,Reviewing,A156LKSUAEZI6,,,SM-A156L,PHONE,"2026-10-07 19:00:00 KST",false,,No,MT6835V/ZA,,SRI-N
6141305440960512,Regular,Submitted,LR,false,samsung/gta4xlsxx/gta4xls:17/CP2A.260605.016/P625XXUDDZJ1:user/release-keys,EUY,"Ukraine,Serbia",hoai.nt4@samsung.com,dao.nguyen1@samsung.com,"2026-10-06 17:47:22 KST","2026-10-07 14:36:46 KST",,,,gta4xlsxx,2026-10-05,bui.tthanh@samsung.com,SRV,10.0,P625XXUDDZJ1,P625XXUDDZJ1,P625OXMDDZJ1,SM-P625,TABLET,"2026-10-15 23:30:00 KST",false,FULL,No,s5e8825,LD,SRV
6030872704974848,Regular,Pending,LR,false,samsung/gta4xlseea/gta4xls:17/CP2A.260605.016/P625XXUDDZJ1:user/release-keys,EUX,"Romania,Hungary,United Kingdom,Switzerland,Portugal,Spain,Greece,Austria,Sweden,Netherlands,Latvia,Czech Republic,Luxembourg,Poland,Italy,Slovakia,Slovenia,Bulgaria,France,Germany",hoai.nt4@samsung.com,srv.gba@samsung.com,"2026-10-06 17:45:57 KST","2026-10-07 11:37:17 KST",,,,gta4xlseea,2026-10-05,bui.tthanh@samsung.com,SRV,10.0,P625XXUDDZJ1,P625XXUDDZJ1,P625OXMDDZJ1,SM-P625,TABLET,"2026-10-15 23:30:00 KST",false,VARIANT,No,s5e8825,LV,SRV
6749717019230208,Vendor,Submitted,,false,samsung/a16nsxx/a16:16/BP2A.250605.031.A3/A165FXXUBEZJ2:user/release-keys,,,bich.hanh@samsung.com,srv.gba@samsung.com,"2026-10-06 17:44:56 KST","2026-10-06 18:10:42 KST",,,,a16nsxx,,dat.tien@samsung.com,SRV,,A165FXXUBEZJ2,,,SM-A165F,PHONE,"2026-10-06 22:30:00 KST",false,,No,MT6789V/CD,,SRV
5623817112387584,Vendor,Submitted,,false,samsung/gta4xlsxx/gta4xls:15/AP3A.240905.015.A2/P625XXUDDZJ1:user/release-keys,,,bich.hanh@samsung.com,srv.gba@samsung.com,"2026-10-06 17:44:32 KST","2026-10-07 11:12:58 KST",,,,gta4xlsxx,,bui.tthanh@samsung.com,SRV,Reviewing,P625XXUDDZJ1,,,SM-P625,TABLET,"2026-10-06 22:30:00 KST",false,,No,s5e8825,,SRV
6369540942594048,Regular,Pending,MR,false,samsung/a16nsser/a16:17/CP2A.260605.016/A165FXXUBEZJ2:user/release-keys,SER,Russia,vuong.hue@samsung.com,srv.gba@samsung.com,"2026-10-06 17:43:16 KST","2026-10-07 15:16:19 KST",,,,a16nsser,2026-10-05,dat.tien@samsung.com,SRV,Reviewing,A165FXXUBEZJ2,A165FXXUBEZJ2,A165FOLMBEZJ2,SM-A165F,PHONE,"2026-10-06 23:30:00 KST",false,VARIANT,No,MT6789V/CD,,SRV
5089402921680896,Regular,Pending,MR,false,samsung/a16nstur/a16:17/CP2A.260605.016/A165FXXUBEZJ2:user/release-keys,TUR,"Turkey,Türkiye",tu.nv1@samsung.com,srv.gba@samsung.com,"2026-10-06 17:43:15 KST","2026-10-07 11:48:00 KST",,,,a16nstur,2026-10-05,dat.tien@samsung.com,SRV,Reviewing,A165FXXUBEZJ2,A165FXXUBEZJ2,A165FOLMBEZJ2,SM-A165F,PHONE,"2026-10-06 23:30:00 KST",false,VARIANT,No,MT6789V/CD,,SRV
5806367717982208,Regular,Pending,MR,false,samsung/a16nseea/a16:17/CP2A.260605.016/A165FXXUBEZJ2:user/release-keys,EUX,Austria,oanh.lt@samsung.com,srv.gba@samsung.com,"2026-10-06 17:42:58 KST","2026-10-07 11:10:51 KST",,,,a16nseea,2026-10-05,dat.tien@samsung.com,SRV,Reviewing,A165FXXUBEZJ2,A165FXXUBEZJ2,A165FOLMBEZJ2,SM-A165F,PHONE,"2026-10-06 23:30:00 KST",false,VARIANT,No,MT6789V/CD,,SRV
5842475038277632,Vendor,Approved,,false,samsung/a55xnsxx/a55x:14/UP1A.231005.007/A556EXXUIEZJ1:user/release-keys,,,yen.dt@samsung.com,srv.gba@samsung.com,"2026-10-06 17:41:28 KST","2026-10-07 16:00:06 KST","2026-10-07 12:15:31 KST","2026-10-07 16:00:06 KST",,a55xnsxx,,chien.ngoc@samsung.com,SRV,100.0,A556EXXUIEZJ1,,,SM-A556E,PHONE,"2026-10-06 22:30:00 KST",false,,No,s5e8845,,SRV
5247555697115136,Regular,Pending,MR,false,samsung/a15nstur/a15:17/CP2A.260605.016/A155FXXUCFZJ1:user/release-keys,TUR,"Turkey,Türkiye",thuynga.dt@samsung.com,srv.gba@samsung.com,"2026-10-06 17:40:15 KST","2026-10-07 11:11:10 KST",,,,a15nstur,2026-10-05,hieu.ld1@samsung.com,SRV,Reviewing,A155FXXUCFZJ1,A155FXXUCFZJ1,A155FOLMCFZJ1,SM-A155F,PHONE,"2026-10-06 23:30:00 KST",false,VARIANT,No,MT6789V/CD,,SRV
5479177512026112,Regular,Pending,MR,false,samsung/a15nseea/a15:17/CP2A.260605.016/A155FXXUCFZJ1:user/release-keys,EUX,Austria,ng.thanhtuan@samsung.com,srv.gba@samsung.com,"2026-10-06 17:38:34 KST","2026-10-07 11:55:59 KST",,,,a15nseea,2026-10-05,hieu.ld1@samsung.com,SRV,Reviewing,A155FXXUCFZJ1,A155FXXUCFZJ1,A155FOLMCFZJ1,SM-A155F,PHONE,"2026-10-06 23:30:00 KST",false,VARIANT,No,MT6789V/CD,,SRV
5658721640513536,Regular,Verified,MR,false,samsung/a15nsser/a15:17/CP2A.260605.016/A155FXXUCFZJ1:user/release-keys,SER,Russia,ducmanh.ng1@samsung.com,srv.gba@samsung.com,"2026-10-06 17:37:53 KST","2026-10-07 17:19:32 KST","2026-10-07 17:19:32 KST",,,a15nsser,2026-10-05,hieu.ld1@samsung.com,SRV,100.0,A155FXXUCFZJ1,A155FXXUCFZJ1,A155FOLMCFZJ1,SM-A155F,PHONE,"2026-10-06 23:30:00 KST",false,VARIANT,No,MT6789V/CD,,SRV
5253450808164352,Vendor,Submitted,,false,samsung/a16xmnsxx/a16xm:17/CP2A.260605.016/A166PXXU9EZJ2:user/release-keys,,,bich.hanh@samsung.com,srv.gba@samsung.com,"2026-10-06 17:31:51 KST","2026-10-06 18:09:15 KST",,,,a16xmnsxx,,hoang.vn@samsung.com,SRV,,A166PXXU9EZJ2,,,SM-A166P,PHONE,"2026-10-06 22:30:00 KST",false,,No,MT6835V/TZ,,SRV
6558638286307328,SMR,On_Hold,SMR,,samsung/a54xnsxx/a54x:16/BP4A.251205.006/A546EXXSNFZJ1:user/release-keys,"CAU,SEK,SKZ","Armenia,Azerbaijan,Georgia,Ukraine,Moldova,Mongolia,Uzbekistan,Kazakhstan,Turkmenistan,Kyrgyzstan,Tajikistan",approval.se@samsung.com,srv.gba@samsung.com,"2026-10-06 17:27:44 KST","2026-10-06 18:08:43 KST","2026-10-06 18:08:43 KST",,,a54xnsxx,2026-10-05,theanh.duc@samsung.com,SRV,100.0,A546EXXSNFZJ1,A546EXXSNFZJ1,A546EOXENFZJ1,SM-A546E,PHONE,,false,,No,s5e8835,,SRV
5432738379464704,SMR,On_Hold,SMR,,samsung/a54xnsxx/a54x:16/BP4A.251205.006/A546EXXSNFZJ1:user/release-keys,"ACR,AFG,AFR,DKR,ECT,EGY,FWD,ILO,ILP,KSA,LYS,MID,MWD,PKD,TUN,XFA,XFE,XFV,XSG","Ghana,Afghanistan,Kenya,Senegal,Nigeria,Egypt,Morocco,Israel,Saudi Arabia,Libya,Lebanon,Iraq,Jordan,Pakistan,Tunisia,South Africa,Zambia,Mauritius,Qatar,United Arab Emirates,Kuwait,Bahrain,Oman",approval.se@samsung.com,srv.gba@samsung.com,"2026-10-06 17:27:34 KST","2026-10-06 18:18:43 KST","2026-10-06 18:18:43 KST",,,a54xnsxx,2026-10-05,chinh.hoa@samsung.com,SRV,100.0,A546EXXSNFZJ1,A546EXXSNFZJ1,A546EOJMNFZJ1,SM-A546E,PHONE,"2026-10-06 21:00:00 KST",false,,No,s5e8835,,SRV
6260617820504064,SMR,On_Hold,SMR,,samsung/a54xnsxx/a54x:16/BP4A.251205.006/A546EXXSNFZJ1:user/release-keys,"CAL,GLB,MM1,MYM,OPS,SIN,STH,TEL,THL,XME,XNZ,XSA,XSP,XTC,XXV","Cambodia,Philippines,Singapore,Myanmar,Australia,Thailand,Laos,Malaysia,New Zealand,Vietnam",approval.se@samsung.com,srv.gba@samsung.com,"2026-10-06 17:27:20 KST","2026-10-06 18:18:44 KST","2026-10-06 18:18:44 KST",,,a54xnsxx,2026-10-05,tran.minh@samsung.com,SRV,100.0,A546EXXSNFZJ1,A546EXXSNFZJ1,A546EOLMNFZJ1,SM-A546E,PHONE,"2026-10-06 21:00:00 KST",false,,No,s5e8835,,SRV
5519390418403328,Regular,Approved,MR,false,samsung/a55xskt/a55x:17/CP2A.260605.016/A556SKSUBEZJ1:user/release-keys,SKC,Korea,d.khantwal@samsung.com,ga1.sec@samsung.com,"2026-10-06 17:04:41 KST","2026-10-06 23:36:50 KST","2026-10-06 18:15:25 KST","2026-10-06 23:36:50 KST",,a55xskt,2026-10-05,kw.kwon@samsung.com,HQ-Suwon,100.0,A556SKSUBEZJ1,A556SKSUBEZI8,A556SSKCBEZJ1,SM-A556S,PHONE,"2026-10-07 20:00:00 KST",false,FULL,Yes,s5e8845,,SRI-N
4742133072527360,NormalException,Approved,MR,false,samsung/dm2qxxx/dm2q:17/CP2A.260605.016/S916BXXUAGZIF:user/release-keys,"BKD,INS,NPL,SLK","Bangladesh,India,Nepal,Sri Lanka",akansha.s1@samsung.com,srin-pregba@samsung.com,"2026-10-06 17:04:09 KST","2026-10-06 19:17:25 KST","2026-10-06 19:17:25 KST","2026-10-06 19:17:25 KST",,dm2qxxx,2026-10-05,suyeon79.kim@samsung.com,SRI-Noida,100.0,S916BXXUAGZIF,S916BXXUAGZIF,S916BOXMAGZIF,SM-S916B,PHONE,"2026-10-07 18:30:00 KST",false,FULL,No,SM8550,,SRI-N
5025682786877440,Vendor,Approved,,false,samsung/a55xskt/a55x:14/UP1A.231005.007/A556SKSUBEZJ1:user/release-keys,,,d.khantwal@samsung.com,ga1.sec@samsung.com,"2026-10-06 17:03:25 KST","2026-10-07 00:00:03 KST","2026-10-06 18:09:33 KST","2026-10-07 00:00:03 KST",,a55xskt,,kw.kwon@samsung.com,HQ-Suwon,100.0,A556SKSUBEZJ1,,,SM-A556S,PHONE,"2026-10-07 19:00:00 KST",false,,No,s5e8845,,SRI-N
4885834641965056,NormalException,Pending,MR,false,samsung/a54xnaxx/a54x:17/CP2A.260605.016/A546BXXUNGZJ1:user/release-keys,"MBM,MSR,TOP","Macedonia,Serbia",hoai.nt4@samsung.com,srv.gba@samsung.com,"2026-10-06 17:03:03 KST","2026-10-07 09:41:00 KST",,,,a54xnaxx,2026-10-05,thuy.nn@samsung.com,SRV,Reviewing,A546BXXUNGZJ1,A546BXXUNGZJ1,A546BOXMNGZJ1,SM-A546B,PHONE,"2026-10-06 22:00:00 KST",false,FULL,No,s5e8835,,SRV
6292320182075392,Widevine,Pending,,,samsung/a18xqcs/a18xq:17/CP2A.260605.016/A186WVLU0AZJ1_OYV0AZJ1:user/release-keys,"BMC,BWA,CHR,ESK,FIZ,FMC,GLW,KDO,PCM,PMB,RWC,SOL,TBT,TLS,VMC,VTR,XAC",Canada,phan.hue@samsung.com,srin-pregba@samsung.com,"2026-10-06 16:56:01 KST","2026-10-06 17:14:51 KST",,,,a18xqcs,2026-10-05,shiwangi.n@samsung.com,SRI-Noida,Reviewing,,,,SM-A186W,PHONE,,false,,No,,,SRV
5592885898772480,SafetyNet,Approved,,,samsung/a54xnsxx/a54x:17/CP2A.260605.016/A546EXXUNGZJ1:user/release-keys,,,,srv.gba@samsung.com,"2026-10-06 16:48:11 KST","2026-10-06 16:48:28 KST",,"2026-10-06 16:48:28 KST",,a54xnsxx,2026-10-05,thanh.dat.ng@samsung.com,SRV,100.0,,,,SM-A546E,,,false,,No,s5e8835,,
6528094257283072,Vendor,Approved,,false,samsung/dm3quew/dm3q:13/TP1A.220624.014/S918U1UEU8GZIF:user/release-keys,,,umesh.k@samsung.com,srin-pregba@samsung.com,"2026-10-06 16:46:44 KST","2026-10-07 00:00:03 KST","2026-10-06 21:31:33 KST","2026-10-07 00:00:03 KST",,dm3quew,,deepak.k1@samsung.com,SRI-Noida,100.0,S918U1UEU8GZIF,,,SM-S918U1,PHONE,"2026-10-06 23:00:00 KST",false,,No,SM8550,,SRI-N
6607154773753856,Regular,Approved,MR,true,samsung/q5qcsx/q5q:17/CP2A.260605.016/F946WVLU8HZIJ:user/release-keys,"KDO,BMC,VTR,TBT,TLS,GLW,FIZ,PMB,RWC,CHR,ESK,PCM,BWA,XAC,SOL,VMC,FMC",Canada,d.khantwal@samsung.com,srin-pregba@samsung.com,"2026-10-06 16:45:06 KST","2026-10-06 21:36:41 KST","2026-10-06 21:07:26 KST","2026-10-06 21:36:41 KST",,q5qcsx,2026-10-05,swati.batra@samsung.com,SRI-Noida,100.0,F946WVLU8HZIJ,F946WVLU8HZIJ,F946WOYV8HZIJ,SM-F946W,PHONE,"2026-10-07 00:30:00 KST",false,FULL,Yes,SM8550,,SRI-N
6115663613788160,Regular,Approved,MR,false,samsung/dm2qcsx/dm2q:17/CP2A.260605.016/S916WVLU8GZIF:user/release-keys,"PMB,TBT,GLW,FIZ,KDO,BMC,TLS,XAC,PCM,ESK,BWA,CHR,FMC,RWC,SOL,VMC,VTR",Canada,umesh.k@samsung.com,srin-pregba@samsung.com,"2026-10-06 16:37:49 KST","2026-10-06 23:36:41 KST","2026-10-06 19:12:03 KST","2026-10-06 23:36:41 KST",,dm2qcsx,2026-10-05,harminder.s@samsung.com,SRI-Noida,100.0,S916WVLU8GZIF,S916WVLU8GZIF,S916WOYV8GZIF,SM-S916W,PHONE,"2026-10-07 00:30:00 KST",false,FULL,Yes,SM8550,,SRI-N
6737912167399424,Regular,Approved,MR,false,samsung/dm3qcsx/dm3q:17/CP2A.260605.016/S918WVLU8GZIF:user/release-keys,"GLW,XAC,BWA,BMC,TLS,KDO,VTR,ESK,TBT,FMC,VMC,PCM,RWC,CHR,SOL,FIZ,PMB",Canada,priyanka.l@samsung.com,srin-pregba@samsung.com,"2026-10-06 16:37:38 KST","2026-10-06 23:00:55 KST","2026-10-06 19:35:52 KST","2026-10-06 23:00:55 KST",,dm3qcsx,2026-10-05,harminder.s@samsung.com,SRI-Noida,100.0,S918WVLU8GZIF,S918WVLU8GZIF,S918WOYV8GZIF,SM-S918W,PHONE,"2026-10-07 00:30:00 KST",false,FULL,No,SM8550,,SRI-N
5033160056504320,Vendor,Approved,,false,samsung/dm2qcsx/dm2q:13/TP1A.220624.014/S916WVLU8GZIF:user/release-keys,,,umesh.k@samsung.com,srin-pregba@samsung.com,"2026-10-06 16:37:02 KST","2026-10-07 00:00:03 KST","2026-10-06 18:59:11 KST","2026-10-07 00:00:03 KST",,dm2qcsx,,harminder.s@samsung.com,SRI-Noida,100.0,S916WVLU8GZIF,,,SM-S916W,PHONE,"2026-10-06 23:00:00 KST",false,,No,SM8550,,SRI-N
5389546846158848,Regular,Cancelled,MR,false,samsung/gta9wifiser/gta9wifi:16/BP2A.250605.031.A3/X110XXUBDZI1:user/release-keys,SER,Russia,khanh.toan@samsung.com,srv.gba@samsung.com,"2026-10-06 16:36:49 KST","2026-10-07 12:14:17 KST",,,,gta9wifiser,2026-07-05,viet.thanh@samsung.com,SRV,100.0,X110XXUBDZI1,,X110OXMBDZI1,SM-X110,TABLET,"2026-10-06 23:30:00 KST",false,VARIANT,No,MT8781V/CA,,SRV
5696480509952000,Regular,Approved,MR,false,samsung/gta9wifieea/gta9wifi:16/BP2A.250605.031.A3/X110XXUBDZI1:user/release-keys,EUX,"Romania,Hungary,United Kingdom,Switzerland,Portugal,Spain,Greece,Austria,Sweden,Netherlands,Latvia,Czech Republic,Belgium,Luxembourg,Poland,Italy,Slovakia,Slovenia,Bulgaria,France,Germany",thuynga.dt@samsung.com,tuyen.lt1@samsung.com,"2026-10-06 16:36:40 KST","2026-10-06 19:35:15 KST","2026-10-06 19:23:26 KST","2026-10-06 19:35:15 KST",,gta9wifieea,2026-07-05,viet.thanh@samsung.com,SRV,100.0,X110XXUBDZI1,,X110OXMBDZI1,SM-X110,TABLET,"2026-10-06 23:30:00 KST",false,VARIANT,Yes,MT8781V/CA,,SRV
5169561439830016,Regular,Pending,MR,false,samsung/a26xeea/a26x:17/CP2A.260605.016/A266BXXUCDZJ1_OXMCDZJ1:user/release-keys,EUX,"Romania,Hungary,United Kingdom,Portugal,Switzerland,Spain,Greece,Netherlands,Sweden,Austria,Czech Republic,Latvia,Belgium,Poland,Italy,Slovakia,France,Bulgaria,Germany,Croatia",nam.dt1@samsung.com,srv.gba@samsung.com,"2026-10-06 16:18:01 KST","2026-10-06 18:26:50 KST",,,,a26xeea,2026-10-05,dung.ttt@samsung.com,SRV,Reviewing,A266BXXUCDZJ1,A266BXXUCDZJ1,A266BOXMCDZJ1,SM-A266B,PHONE,"2026-10-06 23:30:00 KST",false,VARIANT,No,s5e8835,,SRV
6492909885194240,Regular,Submitted,MR,false,samsung/a26xtur/a26x:17/CP2A.260605.016/A266BXXUCDZJ1_OXMCDZJ1:user/release-keys,TUR,Türkiye,huy.dn@samsung.com,thinh.dong@samsung.com,"2026-10-06 16:09:05 KST","2026-10-06 17:34:05 KST",,,,a26xtur,2026-10-05,dung.ttt@samsung.com,SRV,Reviewing,A266BXXUCDZJ1,A266BXXUCDZJ1,A266BOXMCDZJ1,SM-A266B,PHONE,"2026-10-06 23:30:00 KST",false,VARIANT,No,s5e8835,,SRV
4897773560528896,Regular,Pending,MR,false,samsung/a26xser/a26x:17/CP2A.260605.016/A266BXXUCDZJ1_OXMCDZJ1:user/release-keys,"SER,SKZ","Belarus,Russia,Kazakhstan",yen.dt@samsung.com,srv.gba@samsung.com,"2026-10-06 16:08:10 KST","2026-10-06 17:43:57 KST",,,,a26xser,2026-10-05,hieu.luong@samsung.com,SRV,Reviewing,A266BXXUCDZJ1,A266BXXUCDZJ1,A266BOXMCDZJ1,SM-A266B,PHONE,"2026-10-06 23:30:00 KST",false,VARIANT,No,s5e8835,,SRV
4522585048219648,Vendor,Submitted,,false,samsung/a17xx/a17:16/BP2A.250605.031.A3/A175FXXU7DZJ2:user/release-keys,,,bich.hanh@samsung.com,srv.gba@samsung.com,"2026-10-06 16:07:17 KST","2026-10-07 12:51:38 KST",,,,a17xx,,the.toan@samsung.com,SRV,Reviewing,A175FXXU7DZJ2,,,SM-A175F,PHONE,"2026-10-06 22:30:00 KST",false,,No,MT6789V/CD,,SRV
5447814251544576,Vendor,Approved,,false,samsung/q5qcsx/q5q:13/TP1A.220624.014/F946WVLU8HZIJ:user/release-keys,,,d.khantwal@samsung.com,srin-pregba@samsung.com,"2026-10-06 16:05:03 KST","2026-10-07 00:00:03 KST","2026-10-06 21:04:02 KST","2026-10-07 00:00:03 KST",,q5qcsx,,swati.batra@samsung.com,SRI-Noida,100.0,F946WVLU8HZIJ,,,SM-F946W,PHONE,"2026-10-06 23:00:00 KST",false,,No,SM8550,,SRI-N
4631288304893952,Vendor,Approved,,false,samsung/dm3qcsx/dm3q:13/TP1A.220624.014/S918WVLU8GZIF:user/release-keys,,,priyanka.l@samsung.com,srin-pregba@samsung.com,"2026-10-06 16:03:37 KST","2026-10-07 00:00:04 KST","2026-10-06 19:30:34 KST","2026-10-07 00:00:04 KST",,dm3qcsx,,harminder.s@samsung.com,SRI-Noida,100.0,S918WVLU8GZIF,,,SM-S918W,PHONE,"2026-10-06 23:00:00 KST",false,,No,SM8550,,SRI-N
5971347041943552,Widevine,Cancelled,,,samsung/xcoverfrwifitur/xcoverfrwifi:16/BP2A.250605.031.A3/G771FXXU0AZI8_OXM0AZI8:user/release-keys,TUR,Türkiye,phan.hue@samsung.com,srv.gba@samsung.com,"2026-10-06 15:52:21 KST","2026-10-06 17:10:10 KST",,,,xcoverfrwifitur,2026-10-05,doan.truong1@samsung.com,SRV,100.0,,,,SM-G771F,PHONE,,false,,No,QCM6690,,SRV
5982845642473472,Regular,Approved,MR,true,samsung/b6qjpnx/b6q:17/CP2A.260605.016/F741QOPU1EZIH:user/release-keys,SJP,Japan,priyanka.l@samsung.com,suwonga2.sec@samsung.com,"2026-10-06 15:32:10 KST","2026-10-06 22:36:45 KST","2026-10-06 18:00:49 KST","2026-10-06 22:36:45 KST",,b6qjpnx,2026-09-05,sungheelee@samsung.com,HQ-Suwon2,100.0,F741QOPU1EZIH,F741QOPU1EZIH,F741QSJP1EZIH,SM-F741Q,PHONE,"2026-10-07 00:00:00 KST",false,FULL,Yes,SM8650,,SRI-N
5526223174500352,NormalException,Approved,MR,false,samsung/dm2qxxx/dm2q:17/CP2A.260605.016/S916BXXUAGZIF:user/release-keys,"CAU,MWD,OPS,PKD,XFE,XME,XNZ,XXV","Armenia,Azerbaijan,Georgia,Morocco,Australia,Pakistan,South Africa,Malaysia,New Zealand,Vietnam",vuong.hue@samsung.com,srv.gba@samsung.com,"2026-10-06 15:30:25 KST","2026-10-06 17:19:59 KST","2026-10-06 17:19:59 KST","2026-10-06 17:19:59 KST",,dm2qxxx,2026-10-05,suyeon79.kim@samsung.com,SRV,100.0,S916BXXUAGZIF,S916BXXUAGZIF,S916BOXMAGZIF,SM-S916B,PHONE,"2026-10-06 22:00:00 KST",false,FULL,No,SM8550,,SRV
5701370665762816,NormalException,Approved,MR,false,samsung/dm1qxxx/dm1q:17/CP2A.260605.016/S911BXXUAGZIF:user/release-keys,"CAU,MWD,OPS,PKD,XFE,XME,XNZ,XXV","Armenia,Azerbaijan,Georgia,Morocco,Australia,Pakistan,South Africa,Malaysia,New Zealand,Vietnam",tu.nv1@samsung.com,srv.gba@samsung.com,"2026-10-06 15:30:10 KST","2026-10-06 16:00:19 KST","2026-10-06 16:00:19 KST","2026-10-06 16:00:19 KST",,dm1qxxx,2026-10-05,suyeon79.kim@samsung.com,SRV,100.0,S911BXXUAGZIF,S911BXXUAGZIF,S911BOXMAGZIF,SM-S911B,PHONE,,false,FULL,No,SM8550,,SRV
5953754855899136,Regular,Approved,MR,false,samsung/h8qksx/h8q:17/CP2A.260605.016/F971NKSU3AZIP_OKT3AZIP:user/release-keys,KOO,Korea,priyanka.l@samsung.com,gumi.ga2.sec@samsung.com,"2026-10-06 15:26:31 KST","2026-10-06 19:00:57 KST","2026-10-06 17:47:56 KST","2026-10-06 19:00:57 KST",,h8qksx,2026-09-05,jungyh@samsung.com,HQ-Gumi,100.0,F971NKSU3AZIP,F971NKSU3AZI1,F971NOKT3AZIP,SM-F971N,PHONE,"2026-10-07 00:00:00 KST",false,FULL,No,SM8850,,SRI-N
6178412683329536,Vendor,Reviewed,,false,samsung/a25xks/a25x:15/AP3A.240905.015.A2/A256NKSUBFZJ1:user/release-keys,,,d.khantwal@samsung.com,ga1.sec@samsung.com,"2026-10-06 15:24:57 KST","2026-10-07 17:45:14 KST","2026-10-07 17:45:14 KST",,,a25xks,,kw.kwon@samsung.com,HQ-Suwon,100.0,A256NKSUBFZJ1,,,SM-A256N,PHONE,"2026-10-06 23:00:00 KST",false,,No,s5e8825,,SRI-N
4666472676982784,Regular,Reviewed,MR,false,samsung/a35xeea/a35x:17/CP2A.260605.016/A356BXXUCEZJ1:user/release-keys,EUX,"Portugal,Iceland,Greece,Netherlands,Sweden,Austria,Latvia,Luxembourg,Poland,Slovakia,Slovenia,Bulgaria,France,Lithuania,Croatia,Romania,Hungary,United Kingdom,Switzerland,Spain,Czech Republic,Belgium,Norway,Finland,Denmark,Italy,Germany,Estonia",oanh.lt@samsung.com,srv.gba@samsung.com,"2026-10-06 15:14:12 KST","2026-10-06 17:40:20 KST","2026-10-06 17:27:16 KST",,,a35xeea,2026-10-05,theanh.duc@samsung.com,SRV,100.0,A356BXXUCEZJ1,A356BXXUCEZJ1,A356BOXMCEZJ1,SM-A356B,PHONE,"2026-10-06 23:30:00 KST",false,VARIANT,No,s5e8835,,SRV
5697962978312192,NormalException,Approved,MR,false,samsung/dm1qxxx/dm1q:17/CP2A.260605.016/S911BXXUAGZIF:user/release-keys,"INS,NPL,BKD,SLK","India,Nepal,Bangladesh,Sri Lanka",bhawna.s1@samsung.com,srin-pregba@samsung.com,"2026-10-06 15:12:52 KST","2026-10-06 19:16:46 KST","2026-10-06 19:16:46 KST","2026-10-06 19:16:46 KST",,dm1qxxx,2026-10-05,suyeon79.kim@samsung.com,SRI-Noida,100.0,S911BXXUAGZIF,S911BXXUAGZIF,S911BOXMAGZIF,SM-S911B,PHONE,"2026-10-06 22:30:00 KST",false,FULL,No,SM8550,,SRI-N
5051479501307904,Regular,Uploaded,LR,false,samsung/SC-51E/SC-51E:17/CP2A.260605.016/SC51EOMU1EZIB:user/release-keys,"DCM,SJP",Japan,bhawna.s1@samsung.com,suwonga2.sec@samsung.com,"2026-10-06 15:12:38 KST","2026-10-06 20:01:19 KST",,,"2026-10-06 19:09:40 KST",SC-51E,2026-09-05,chjo@samsung.com,HQ-Suwon2,10.0,SC51EOMU1EZIB,SC51EOMU1EZIB,SC51EQCM1EZIB,SC-51E,PHONE,"2026-10-15 23:30:00 KST",false,FULL,No,SM8650,LD,SRI-N
5482163588038656,Vendor,Reviewed,,false,samsung/SC-51E/SC-51E:14/UP1A.231005.007/SC51EOMU1EZIB:user/release-keys,,,bhawna.s1@samsung.com,suwonga2.sec@samsung.com,"2026-10-06 15:09:37 KST","2026-10-06 19:20:22 KST","2026-10-06 18:57:33 KST",,,SC-51E,,chjo@samsung.com,HQ-Suwon2,100.0,SC51EOMU1EZIB,,,SC-51E,PHONE,"2026-10-06 23:00:00 KST",false,,No,SM8650,,SRI-N
6014622327111680,Regular,Approved,MR,false,samsung/b5qcsx/b5q:17/CP2A.260605.016/F731WVLU8HZIJ:user/release-keys,"PMB,TBT,CHR,VMC,BWA,SOL,GLW,VTR,FIZ,KDO,TLS,PCM,XAC,ESK,FMC,RWC,BMC",Canada,r1.rawat@samsung.com,srin-pregba@samsung.com,"2026-10-06 15:06:38 KST","2026-10-06 19:00:39 KST","2026-10-06 18:35:43 KST","2026-10-06 19:00:39 KST",,b5qcsx,2026-10-05,swati.batra@samsung.com,SRI-Noida,100.0,F731WVLU8HZIJ,F731WVLU8HZIJ,F731WOYV8HZIJ,SM-F731W,PHONE,"2026-10-07 00:30:00 KST",false,FULL,Yes,SM8550,,SRI-N
4738552881741824,Vendor,Approved,,false,samsung/b6qjpnx/b6q:14/UP1A.231005.007/F741QOPU1EZIH:user/release-keys,,,priyanka.l@samsung.com,suwonga2.sec@samsung.com,"2026-10-06 15:05:46 KST","2026-10-07 00:00:04 KST","2026-10-06 17:56:07 KST","2026-10-07 00:00:04 KST",,b6qjpnx,,sungheelee@samsung.com,HQ-Suwon2,100.0,F741QOPU1EZIH,,,SM-F741Q,PHONE,"2026-10-06 23:00:00 KST",false,,No,SM8650,,SRI-N
6005190276939776,Vendor,Approved,,false,samsung/b5qcsx/b5q:13/TP1A.220624.014/F731WVLU8HZIJ:user/release-keys,,,r1.rawat@samsung.com,srin-pregba@samsung.com,"2026-10-06 15:04:49 KST","2026-10-07 00:00:04 KST","2026-10-06 17:39:53 KST","2026-10-07 00:00:04 KST",,b5qcsx,,swati.batra@samsung.com,SRI-Noida,100.0,F731WVLU8HZIJ,,,SM-F731W,PHONE,"2026-10-06 23:00:00 KST",false,,No,SM8550,,SRI-N
6190653340123136,NormalException,Pending,MR,false,samsung/a54xnaeea/a54x:17/CP2A.260605.016/A546BXXUNGZJ1:user/release-keys,"3IE,AMO,ATL,CNX,COS,CRO,DO2,DRE,DTM,FTM,H3G,HTS,HUI,MAX,O2U,OMN,OPV,ORO,ORS,TCL,TMH,TMS,TMZ,TPL,VD2,VDC,VDF,VDI,VGR,VOD,XEC,TNL","Ireland,Spain,Romania,Greece,Croatia,Germany,Austria,France,United Kingdom,Sweden,Italy,Poland,Slovakia,Portugal,Hungary,Czech Republic,Netherlands",thuynga.dt@samsung.com,srv.gba@samsung.com,"2026-10-06 15:00:05 KST","2026-10-06 19:12:29 KST",,,,a54xnaeea,2026-10-05,thuy.nn@samsung.com,SRV,Reviewing,A546BXXUNGZJ1,A546BXXUNGZJ1,A546BOXMNGZJ1,SM-A546B,PHONE,"2026-10-06 23:30:00 KST",false,VARIANT,No,s5e8835,,SRV
5558754934521856,NormalException,Approved,MR,false,samsung/dm3qxxx/dm3q:17/CP2A.260605.016/S918BXXUAGZIF:user/release-keys,"BKD,INS,NPL,SLK","Bangladesh,India,Nepal,Sri Lanka",a2.rajput@samsung.com,srin-pregba@samsung.com,"2026-10-06 15:00:01 KST","2026-10-06 16:19:41 KST","2026-10-06 16:19:41 KST","2026-10-06 16:19:41 KST",,dm3qxxx,2026-10-05,suyeon79.kim@samsung.com,SRI-Noida,100.0,S918BXXUAGZIF,S918BXXUAGZIF,S918BOXMAGZIF,SM-S918B,PHONE,"2026-10-06 22:30:00 KST",false,FULL,No,SM8550,,SRI-N
6217982888116224,Regular,Approved,MR,false,samsung/a35xxx/a35x:17/CP2A.260605.016/A356BXXUCEZJ1:user/release-keys,EUY,"Kosovo,Ukraine,Macedonia,Serbia,Bosnia and Herzegovina,Montenegro,Albania",ng.thanhtuan@samsung.com,srv.gba@samsung.com,"2026-10-06 14:49:29 KST","2026-10-06 21:00:32 KST","2026-10-06 16:26:28 KST","2026-10-06 21:00:32 KST",,a35xxx,2026-10-05,theanh.duc@samsung.com,SRV,100.0,A356BXXUCEZJ1,A356BXXUCEZJ1,A356BOXMCEZJ1,SM-A356B,PHONE,"2026-10-06 23:30:00 KST",false,FULL,Yes,s5e8835,,SRV
6706721846460416,Regular,Approved,LR,false,samsung/a24nnxx/a24:17/CP2A.260605.016/A245FXXUEGZI7:user/release-keys,INS,India,d2.kumar@samsung.com,srin-pregba@samsung.com,"2026-10-06 14:47:51 KST","2026-10-07 07:36:02 KST","2026-10-06 21:03:59 KST","2026-10-07 07:36:02 KST",,a24nnxx,2026-09-05,vinay.verma@samsung.com,SRI-Noida,100.0,A245FXXUEGZI7,A245FXXUEGZI4,A245FOJMEGZI7,SM-A245F,PHONE,"2026-10-15 23:30:00 KST",false,VARIANT,Yes,MT6789V/CD,SP,SRI-N
5926719412502528,Vendor,Approved,,false,samsung/dm1quew/dm1q:13/TP1A.220624.014/S911U1UEU8GZIF:user/release-keys,,,priyanka.l@samsung.com,srin-pregba@samsung.com,"2026-10-06 14:41:08 KST","2026-10-07 00:00:04 KST","2026-10-06 21:34:10 KST","2026-10-07 00:00:04 KST",,dm1quew,,deepak.k1@samsung.com,SRI-Noida,100.0,S911U1UEU8GZIF,,,SM-S911U1,PHONE,"2026-10-06 23:00:00 KST",false,,No,SM8550,,SRI-N
5602256376561664,Regular,Approved,MR,false,samsung/a24nsxx/a24:17/CP2A.260605.016/A245FXXUEGZI7:user/release-keys,XSG,"United Arab Emirates",deeksha.s@samsung.com,srin-pregba@samsung.com,"2026-10-06 14:36:53 KST","2026-10-06 21:01:59 KST","2026-10-06 20:51:04 KST","2026-10-06 21:01:59 KST",,a24nsxx,2026-09-05,vinay.verma@samsung.com,SRI-Noida,100.0,A245FXXUEGZI7,A245FXXUEGZI4,A245FOJMEGZI7,SM-A245F,PHONE,"2026-10-07 00:00:00 KST",false,FULL,No,MT6789V/CD,,SRI-N
6190945800552448,Vendor,Approved,,false,samsung/dm1qcsx/dm1q:13/TP1A.220624.014/S911WVLU8GZIF:user/release-keys,,,priyanka.l@samsung.com,srin-pregba@samsung.com,"2026-10-06 14:04:36 KST","2026-10-07 08:00:05 KST","2026-10-06 21:57:38 KST","2026-10-07 08:00:05 KST",,dm1qcsx,,harminder.s@samsung.com,SRI-Noida,100.0,S911WVLU8GZIF,,,SM-S911W,PHONE,"2026-10-06 23:00:00 KST",false,,No,SM8550,,SRI-N
4946567476019200,Regular,Approved,MR,false,samsung/jinjuue/jinju:16/BGH4.260901.003/O20XXUEU1AZJ5:user/release-keys,"K01,KOO,GFU,XAR","Korea,United States",umesh.k@samsung.com,kyuung.lee@samsung.com,"2026-10-06 13:52:49 KST","2026-10-07 06:35:08 KST","2026-10-06 17:44:11 KST","2026-10-07 06:35:08 KST",,jinjuue,2026-08-05,euna79.park@samsung.com,HQ-Suwon,100.0,O20XXUEU1AZJ5,,,SM-O200P,XR_PERIPHERAL,"2026-10-07 00:00:00 KST",false,FULL,No,SXR1130,,SRI-N
5078888841740288,Regular,Uploaded,LR,false,samsung/SCG25_jp_kdi/SCG25:17/CP2A.260605.016/SCG25KDU1EZIB:user/release-keys,"KDI,SJP",Japan,bhawna.s1@samsung.com,suwonga2.sec@samsung.com,"2026-10-06 13:27:18 KST","2026-10-06 21:00:17 KST",,,"2026-10-06 18:53:52 KST",SCG25_jp_kdi,2026-09-05,jimipark@samsung.com,HQ-Suwon2,10.0,SCG25KDU1EZIB,SCG25KDU1EZIB,SCG25QDI1EZIB,SCG25,PHONE,"2026-10-15 23:30:00 KST",false,FULL,No,SM8650,LD,SRI-N
6544104116977664,Vendor,Approved,,false,samsung/a35xxx/a35x:13/TP1A.220624.014/A356BXXUCEZJ1:user/release-keys,,,ng.thanhtuan@samsung.com,srv.gba@samsung.com,"2026-10-06 13:22:35 KST","2026-10-07 00:00:04 KST","2026-10-06 15:59:19 KST","2026-10-07 00:00:04 KST",,a35xxx,,theanh.duc@samsung.com,SRV,100.0,A356BXXUCEZJ1,,,SM-A356B,PHONE,"2026-10-06 20:30:00 KST",false,,No,s5e8835,,SRV
4598509366149120,Vendor,Approved,,false,samsung/h8qksx/h8q:16/BP2A.250605.031.A3/F971NKSU3AZIP:user/release-keys,,,priyanka.l@samsung.com,gumi.ga2.sec@samsung.com,"2026-10-06 13:21:36 KST","2026-10-07 00:00:05 KST","2026-10-06 17:40:05 KST","2026-10-07 00:00:05 KST",,h8qksx,,jungyh@samsung.com,HQ-Gumi,100.0,F971NKSU3AZIP,,,SM-F971N,PHONE,"2026-10-06 21:00:00 KST",false,,No,SM8850,,SRI-N
6685375959662592,NormalException,Pending,MR,false,samsung/a54xnaeea/a54x:17/CP2A.260605.016/A546BXXUNGZJ1:user/release-keys,"BOG,BTB,BTE,EVR,MEO,MET,MOB,MOT,O2C,PLS,PRT,SFR,SIM,SWC,TIM,VIP","France,United Kingdom,Portugal,Ireland,Austria,Slovenia,Czech Republic,Poland,Switzerland,Italy,Croatia",ducmanh.ng1@samsung.com,srv.gba@samsung.com,"2026-10-06 13:09:31 KST","2026-10-06 15:13:55 KST",,,,a54xnaeea,2026-10-05,thuy.nn@samsung.com,SRV,Reviewing,A546BXXUNGZJ1,A546BXXUNGZJ1,A546BOXMNGZJ1,SM-A546B,PHONE,"2026-10-06 21:30:00 KST",false,VARIANT,No,s5e8835,,SRV
6390088066138112,Vendor,Submitted,,false,samsung/gta11wifidx/gta11wifi:16/BP2A.250605.031.A3/X133DXU5CZIA:user/release-keys,,,bich.hanh@samsung.com,srv.gba@samsung.com,"2026-10-06 12:32:10 KST","2026-10-06 12:54:11 KST",,,,gta11wifidx,,anh.ptn@samsung.com,SRV,,X133DXU5CZIA,,,SM-X133,TABLET,"2026-10-06 20:30:00 KST",false,,No,MT8781V/NA,,SRV
6538229138587648,Regular,Approved,MR,false,samsung/a07tur/a07:17/CP2A.260605.016/A075FXXU7DZJ1_OXM7DZJ1:user/release-keys,TUR,Türkiye,hoai.nt4@samsung.com,srv.gba@samsung.com,"2026-10-06 12:25:17 KST","2026-10-07 11:35:48 KST","2026-10-07 11:18:51 KST","2026-10-07 11:35:48 KST",,a07tur,2026-10-05,huy.tb@samsung.com,SRV,100.0,A075FXXU7DZJ1,A075FXXU7DZJ1,A075FOXM7DZJ1,SM-A075F,PHONE,,false,VARIANT,No,MT6789V/CD,,SRV
6049213893050368,Regular,Approved,MR,false,samsung/a07ser/a07:17/CP2A.260605.016/A075FXXU7DZJ1_OXM7DZJ1:user/release-keys,"SER,SKZ","Belarus,Russia,Kazakhstan",nam.dt1@samsung.com,srv.gba@samsung.com,"2026-10-06 12:25:05 KST","2026-10-07 12:35:32 KST","2026-10-07 12:12:16 KST","2026-10-07 12:35:32 KST",,a07ser,2026-10-05,huy.tb@samsung.com,SRV,100.0,A075FXXU7DZJ1,A075FXXU7DZJ1,A075FOXM7DZJ1,SM-A075F,PHONE,"2026-10-06 21:30:00 KST",false,VARIANT,No,MT6789V/CD,,SRV
5910135671357440,Regular,Approved,MR,false,samsung/a07xx/a07:17/CP2A.260605.016/A075FXXU7DZJ1_OXM7DZJ1:user/release-keys,CAU,"Armenia,Azerbaijan,Georgia",ly.ltt@samsung.com,srv.gba@samsung.com,"2026-10-06 12:20:09 KST","2026-10-07 12:35:59 KST","2026-10-07 11:18:28 KST","2026-10-07 12:35:59 KST",,a07xx,2026-10-05,huy.tb@samsung.com,SRV,100.0,A075FXXU7DZJ1,A075FXXU7DZJ1,A075FOXM7DZJ1,SM-A075F,PHONE,"2026-10-06 21:30:00 KST",false,FULL,No,MT6789V/CD,,SRV
5753623976083456,Vendor,Approved,,false,samsung/a07xx/a07:16/BP2A.250605.031.A3/A075FXXU7DZJ1:user/release-keys,,,ly.ltt@samsung.com,srv.gba@samsung.com,"2026-10-06 12:07:44 KST","2026-10-07 16:00:06 KST","2026-10-07 10:20:16 KST","2026-10-07 16:00:06 KST",,a07xx,,huy.tb@samsung.com,SRV,100.0,A075FXXU7DZJ1,,,SM-A075F,PHONE,"2026-10-06 20:30:00 KST",false,,No,MT6789V/CD,,SRV
4510548435927040,Regular,Approved,MR,false,samsung/SCG28_jp_kdi/SCG28:17/CP2A.260605.016/SCG28KDU1EZIH:user/release-keys,KDI,Japan,a2.rajput@samsung.com,suwonga2.sec@samsung.com,"2026-10-06 11:59:18 KST","2026-10-06 19:00:16 KST","2026-10-06 13:14:17 KST","2026-10-06 19:00:16 KST",,SCG28_jp_kdi,2026-09-05,youngjune.jang@samsung.com,HQ-Suwon2,100.0,SCG28KDU1EZIH,SCG28KDU1EZIH,SCG28QDI1EZIH,SCG28,PHONE,"2026-10-06 22:00:00 KST",false,FULL,Yes,SM8650,,SRI-N
6662185585737728,Widevine,Approved,,,samsung/xcoverfrtur/xcoverfr:16/BP2A.250605.031.A3/G778BXXU0AZI8_OXM0AZI8:user/release-keys,TUR,Türkiye,phan.hue@samsung.com,phan.hue@samsung.com,"2026-10-06 11:56:35 KST","2026-10-06 13:37:36 KST","2026-10-06 13:37:36 KST","2026-10-06 13:37:36 KST",,xcoverfrtur,2026-10-05,hoang.dnn@samsung.com,SRV,100.0,,,,SM-G778B,PHONE,,false,,No,QCM6690,,SRV
5892902953943040,Regular,Approved,MR,false,samsung/b5qksx/b5q:17/CP2A.260605.016/F731NTBU6HZIJ:user/release-keys,KOO,Korea,ruchi.joshi@samsung.com,gumi.ga1.sec@samsung.com,"2026-10-06 11:43:56 KST","2026-10-06 14:01:25 KST","2026-10-06 13:47:03 KST","2026-10-06 14:01:25 KST",,b5qksx,2026-10-05,hyunchul0221.jung@samsung.com,HQ-Gumi,100.0,F731NTBU6HZIJ,F731NKSU6HZIJ,F731NOKT6HZIJ,SM-F731N,PHONE,"2026-10-06 22:00:00 KST",false,FULL,Yes,SM8550,,SRI-N
5703992810405888,Vendor,Approved,,false,samsung/b5qksx/b5q:13/TP1A.220624.014/F731NTBU6HZIJ:user/release-keys,,,ruchi.joshi@samsung.com,gumi.ga1.sec@samsung.com,"2026-10-06 11:37:37 KST","2026-10-06 16:00:02 KST","2026-10-06 13:34:16 KST","2026-10-06 16:00:02 KST",,b5qksx,,hyunchul0221.jung@samsung.com,HQ-Gumi,100.0,F731NTBU6HZIJ,,,SM-F731N,PHONE,"2026-10-06 21:00:00 KST",false,,No,SM8550,,SRI-N
6654879175278592,SafetyNet,Approved,,,samsung/on1qsqw/on1q:17/CP4A.260831.006/S952USQU0AZJ1_OYN0AZJ1:user/release-keys,,,,ga1.sec@samsung.com,"2026-10-06 11:34:11 KST","2026-10-06 11:34:23 KST",,"2026-10-06 11:34:23 KST",,on1qsqw,2026-10-05,kyuung.lee@samsung.com,HQ-Suwon,100.0,,,,SM-S952U,,,false,,No,SM8950,,
6464939279777792,Vendor,Submitted,,false,samsung/a15nsxx/a15:16/BP2A.250605.031.A3/A155FXXUCFZJ1:user/release-keys,,,bich.hanh@samsung.com,srv.gba@samsung.com,"2026-10-06 11:33:07 KST","2026-10-07 15:17:39 KST",,,,a15nsxx,,hieu.ld1@samsung.com,SRV,Reviewing,A155FXXUCFZJ1,,,SM-A155F,PHONE,"2026-10-06 20:30:00 KST",false,,No,MT6789V/CD,,SRV
6196574019649536,Regular,Reviewed,MR,false,samsung/SC-54E/SC-54E:17/CP2A.260605.016/SC54EOMU1EZIH:user/release-keys,DCM,Japan,priyanka.l@samsung.com,suwonga2.sec@samsung.com,"2026-10-06 11:25:29 KST","2026-10-06 15:00:43 KST","2026-10-06 12:56:55 KST",,,SC-54E,2026-09-05,is.shim@samsung.com,HQ-Suwon2,100.0,SC54EOMU1EZIH,SC54EOMU1EZIH,SC54EQCM1EZIH,SC-54E,PHONE,"2026-10-06 22:00:00 KST",false,FULL,No,SM8650,,SRI-N
5761251838001152,Vendor,Reviewed,,false,samsung/SC-54E/SC-54E:14/UP1A.231005.007/SC54EOMU1EZIH:user/release-keys,,,priyanka.l@samsung.com,suwonga2.sec@samsung.com,"2026-10-06 11:23:34 KST","2026-10-06 13:20:18 KST","2026-10-06 12:54:25 KST",,,SC-54E,,is.shim@samsung.com,HQ-Suwon2,100.0,SC54EOMU1EZIH,,,SC-54E,PHONE,"2026-10-06 21:00:00 KST",false,,No,SM8650,,SRI-N
4655865231835136,Vendor,Submitted,,false,samsung/xcover7proxx/xcover7pro:14/UP1A.231005.007/G766BXXUADZJ1:user/release-keys,,,bich.hanh@samsung.com,srv.gba@samsung.com,"2026-10-06 11:06:29 KST","2026-10-06 11:51:44 KST",,,,xcover7proxx,,nhung.hh@samsung.com,SRV,,G766BXXUADZJ1,,,SM-G766B,PHONE,"2026-10-06 20:30:00 KST",false,,No,SM7635,,SRV
4775799140122624,Vendor,Approved,,false,samsung/SCG28_jp_kdi/SCG28:14/UP1A.231005.007/SCG28KDU1EZIH:user/release-keys,,,a2.rajput@samsung.com,suwonga2.sec@samsung.com,"2026-10-06 10:50:49 KST","2026-10-07 00:00:05 KST","2026-10-06 12:31:24 KST","2026-10-07 00:00:05 KST",,SCG28_jp_kdi,,youngjune.jang@samsung.com,HQ-Suwon2,100.0,SCG28KDU1EZIH,,,SCG28,PHONE,"2026-10-06 21:00:00 KST",false,,No,SM8650,,SRI-N
6323911512031232,Vendor,Submitted,,false,samsung/gtactive5kxx/gtactive5:13/TP1A.220624.014/X306NKOUEEZJ1:user/release-keys,,,vishnu.d@samsung.com,gumi.ga2.sec@samsung.com,"2026-10-06 10:49:19 KST","2026-10-07 12:15:53 KST",,,,gtactive5kxx,,faith.choi@samsung.com,HQ-Gumi,Reviewing,X306NKOUEEZJ1,,,SM-X306N,TABLET,"2026-10-06 21:00:00 KST",false,,No,s5e8835,,SRI-N
6006892694601728,SafetyNet,Approved,,,samsung/a54xskt/a54x:17/CP2A.260605.016/A546SKSUKZZJ1:user/release-keys,,,,ga1.sec@samsung.com,"2026-10-06 10:35:30 KST","2026-10-06 10:35:47 KST",,"2026-10-06 10:35:47 KST",,a54xskt,2026-10-05,ga1.sec@samsung.com,HQ-Suwon,100.0,,,,SM-A546S,,,false,,No,s5e8835,,
6644459987271680,Regular,Approved,MR,false,samsung/a56xskt/a56x:17/CP2A.260605.016/A566SKSUADZJ1_SKCADZJ1:user/release-keys,SKC,Korea,priyanka.l@samsung.com,ga1.sec@samsung.com,"2026-10-06 10:03:41 KST","2026-10-07 13:36:30 KST","2026-10-07 13:06:25 KST","2026-10-07 13:36:30 KST",,a56xskt,2026-10-05,th.kim@samsung.com,HQ-Suwon,100.0,A566SKSUADZJ1,A566SKSUADZJ1,A566SSKCADZJ1,SM-A566S,PHONE,"2026-10-06 22:00:00 KST",false,FULL,Yes,s5e8855,,SRI-N
6522851746381824,Vendor,Submitted,,false,samsung/SCT22_jp_kdi/SCT22:13/TP1A.220624.014/SCT22KDUFFZJ1:user/release-keys,,,vishnu.d@samsung.com,gumi.ga2.sec@samsung.com,"2026-10-06 09:50:46 KST","2026-10-07 12:46:09 KST",,,,SCT22_jp_kdi,,jsnake.nam@samsung.com,HQ-Gumi,Reviewing,SCT22KDUFFZJ1,,,SCT22,TABLET,"2026-10-06 21:00:00 KST",false,,No,s5e8835,,SRI-N
6733307962458112,Regular,Verified,MR,false,samsung/a24nstur/a24:17/CP2A.260605.016/A245FXXUEGZJ2:user/release-keys,TUR,Turkey,nam.dt1@samsung.com,srv.gba@samsung.com,"2026-10-06 09:21:17 KST","2026-10-07 15:04:10 KST","2026-10-07 15:04:10 KST",,,a24nstur,2026-10-05,huong.htm@samsung.com,SRV,100.0,A245FXXUEGZJ2,A245FXXUEGZJ2,A245FOJMEGZJ2,SM-A245F,PHONE,"2026-10-06 21:30:00 KST",false,VARIANT,No,MT6789V/CD,,SRV
6370228137361408,Vendor,Approved,,false,samsung/a56xskt/a56x:15/AP3A.240905.015.A2/A566SKSUADZJ1:user/release-keys,,,priyanka.l@samsung.com,ga1.sec@samsung.com,"2026-10-06 09:20:13 KST","2026-10-07 16:00:06 KST","2026-10-07 13:01:34 KST","2026-10-07 16:00:06 KST",,a56xskt,,th.kim@samsung.com,HQ-Suwon,100.0,A566SKSUADZJ1,,,SM-A566S,PHONE,"2026-10-06 21:00:00 KST",false,,No,s5e8855,,SRI-N
5233855288311808,Vendor,Reviewed,,false,samsung/SCG25_jp_kdi/SCG25:14/UP1A.231005.007/SCG25KDU1EZIB:user/release-keys,,,bhawna.s1@samsung.com,suwonga2.sec@samsung.com,"2026-10-06 09:07:40 KST","2026-10-06 19:21:24 KST","2026-10-06 18:39:22 KST",,,SCG25_jp_kdi,,jimipark@samsung.com,HQ-Suwon2,100.0,SCG25KDU1EZIB,,,SCG25,PHONE,"2026-10-06 21:00:00 KST",false,,No,SM8650,,SRI-N
5261027801563136,SMR,On_Hold,SMR,,samsung/a34xub/a34x:16/BP4A.251205.006/A346MUBSHFZJ1:user/release-keys,"ANC,ARO,BVO,CDR,COM,CTI,CTP,CTU,GTO,IUS,MXO,PSN,PSP,TCE,TGP,TMM,TPA,UFN,UFU,UPO,UYO,ZTA,ZTM,ZTO,ZVV","Uruguay,Argentina,Bolivia,Dominican Republic,Colombia,Paraguay,Guatemala,Mexico,Panama,Brazil",approval.se@samsung.com,googleapproval.sidia@samsung.com,"2026-10-06 02:22:37 KST","2026-10-06 03:08:43 KST","2026-10-06 03:08:43 KST",,,a34xub,2026-10-05,stefano.serra@samsung.com,SIDIA,100.0,A346MUBSHFZJ1,A346MUBSHFZJ1,A346MOWOHFZJ1,SM-A346M,PHONE,"2026-10-06 06:00:00 KST",false,,No,MT6877V/TTZA,,SIDIA
6025014906454016,NormalException,Approved,MR,false,samsung/b5qxxx/b5q:17/CP2A.260605.016/F731BXXU7HZIJ:user/release-keys,"INS,SLK,BKD,NPB","India,Sri Lanka,Bangladesh,Nepal",r1.rawat@samsung.com,srin-pregba@samsung.com,"2026-10-05 22:57:57 KST","2026-10-06 15:26:25 KST","2026-10-06 15:26:25 KST","2026-10-06 15:26:25 KST",,b5qxxx,2026-10-05,yong_jin.kim@samsung.com,SRI-Noida,100.0,F731BXXU7HZIJ,F731BXXU7HZIJ,F731BOXM7HZIJ,SM-F731B,PHONE,"2026-10-06 18:30:00 KST",false,FULL,No,SM8550,,SRI-N
4873877234909184,Regular,Pending,LR,false,samsung/gtact5proue/gtact5pro:17/CP2A.260605.016/X358UUEUBDZII_OYMBDZII:user/release-keys,"ATT,VZW,XAA,TMB","United States",deeksha.s@samsung.com,srin-pregba@samsung.com,"2026-10-05 21:47:03 KST","2026-10-06 12:28:27 KST",,,,gtact5proue,2026-09-05,naven.kumar@samsung.com,SRI-Noida,10.0,X358UUEUBDZII,X358UUEUBDZII,X358UOYMBDZII,SM-X358U,TABLET,"2026-10-15 23:30:00 KST",false,FULL,No,SM7635,LD,SRI-N
4912566837182464,SMR,Approved,SMR,,samsung/a18mxx/a18m:17/CP2A.260605.016/A185GXXS1AZJ1_OWO1AZJ1:user/release-keys,"ARO,BVO,CGU,COL,COM,COO,CTI,CTP,CTU,ECO,GTO,IUS,MXO,PEO,PET,PGU,PNT,PSN,SAM,TCE,UFN,UPO,UYO,ZTM,ZTO,ZVV","Argentina,Bolivia,Guatemala,Colombia,Paraguay,Uruguay,Ecuador,Mexico,Peru,Brazil",approval.se@samsung.com,googleapproval.sidia@samsung.com,"2026-10-05 21:31:09 KST","2026-10-06 02:01:17 KST","2026-10-05 22:09:04 KST","2026-10-06 02:01:17 KST",,a18mxx,2026-10-05,thiago.silva@samsung.com,SIDIA,100.0,A185GXXS1AZJ1,A185GXXS1AZJ1,A185GOWO1AZJ1,SM-A185G,PHONE,"2026-10-06 02:00:00 KST",false,,Yes,MT6789V/CD,,SIDIA
6287075221700608,Vendor,Pending,,false,samsung/gtact5proue/gtact5pro:14/UP1A.231005.007/X358UUEUBDZII:user/release-keys,,,vishnu.d@samsung.com,srin-pregba@samsung.com,"2026-10-05 21:13:41 KST","2026-10-06 12:28:13 KST",,,,gtact5proue,,naven.kumar@samsung.com,SRI-Noida,Reviewing,X358UUEUBDZII,,,SM-X358U,TABLET,"2026-10-06 19:00:00 KST",false,,No,SM7635,,SRI-N
5405148046426112,Regular,Approved,MR,false,samsung/a27xque/a27xq:17/CP2A.260605.016/A276U1UEU3BZIF_OYM3BZIF:user/release-keys,"ATT,ACG,TFV,AIO,TMB,XAR,FKR,ATC,VZW,DSA,TMK,CCT,DSH,DSG,XAA,LRA,CHA,XAG","United States",bhawna.s1@samsung.com,srin-pregba@samsung.com,"2026-10-05 21:12:52 KST","2026-10-06 14:00:57 KST","2026-10-06 13:58:15 KST","2026-10-06 14:00:57 KST",,a27xque,2026-09-05,jaspinder.g@samsung.com,SRI-Noida,100.0,A276U1UEU3BZIF,A276U1UEU3BZIF,A276U1OYM3BZIF,SM-A276U1,PHONE,"2026-10-06 20:30:00 KST",false,FULL,Yes,SM6475,,SRI-N
5637092050993152,Regular,Submitted,MR,false,samsung/a24nsxx/a24:17/CP2A.260605.016/A245FXXUEGZJ2:user/release-keys,XSG,"United Arab Emirates",huy.dn@samsung.com,huong.thuy@samsung.com,"2026-10-05 20:43:04 KST","2026-10-07 16:58:04 KST",,,,a24nsxx,2026-10-05,huong.htm@samsung.com,SRV,Reviewing,A245FXXUEGZJ2,A245FXXUEGZJ2,A245FOJMEGZJ2,SM-A245F,PHONE,"2026-10-06 19:30:00 KST",false,FULL,No,MT6789V/CD,,SRV
5862544883580928,SMR,On_Hold,SMR,,samsung/r9q2uew/r9q:16/BP2A.250605.031.A3/G990U3UESNIZI2:user/release-keys,"ACG,AIO,ATC,ATT,CCT,CHA,DSA,DSH,FKR,LRA,TFN,TMB,TMK,USC,VZW,XAA,XAG,XAR","United States",approval.se@samsung.com,srin-pregba@samsung.com,"2026-10-05 20:33:18 KST","2026-10-05 21:18:43 KST","2026-10-05 21:18:43 KST",,,r9q2uew,2026-10-05,akash.gupta@samsung.com,SRI-Noida,100.0,G990U3UESNIZI2,G990U3UESNIZI2,G990U3OYMNIZI2,SM-G990U3,PHONE,"2026-10-06 17:30:00 KST",false,,No,SM8350,,SRI-N
5014158718533632,Regular,Approved,MR,false,samsung/dm3qsqw/dm3q:17/CP2A.260605.016/S918USQU8GZIF:user/release-keys,"XAA,ATT,DSA,CCT,TMK,TMB,VZW,CHA,ASR,USC,DSH","United States",akansha.s1@samsung.com,komal.s@samsung.com,"2026-10-05 20:24:47 KST","2026-10-06 15:36:18 KST","2026-10-06 15:29:13 KST","2026-10-06 15:36:18 KST",,dm3qsqw,2026-10-05,sumit.gaur@samsung.com,SRI-Noida,100.0,S918USQU8GZIF,S918USQU8GZIF,S918UOYN8GZIF,SM-S918U,PHONE,"2026-10-06 20:00:00 KST",false,FULL,Yes,SM8550,,SRI-N
5568157960110080,Regular,Approved,MR,false,samsung/dm2qsqw/dm2q:17/CP2A.260605.016/S916USQU8GZIF:user/release-keys,"DSH,CHA,TMK,CCT,TMB,DSA,USC,XAA,ATT,ASR,VZW","United States",a2.rajput@samsung.com,srin-pregba@samsung.com,"2026-10-05 20:24:36 KST","2026-10-06 16:36:10 KST","2026-10-06 16:14:04 KST","2026-10-06 16:36:10 KST",,dm2qsqw,2026-10-05,sumit.gaur@samsung.com,SRI-Noida,100.0,S916USQU8GZIF,S916USQU8GZIF,S916UOYN8GZIF,SM-S916U,PHONE,"2026-10-06 20:00:00 KST",false,FULL,No,SM8550,,SRI-N
5997109631516672,Regular,Approved,MR,false,samsung/dm1qsqw/dm1q:17/CP2A.260605.016/S911USQU8GZIF:user/release-keys,"USC,TMB,XAA,ATT,DSA,TMK,ASR,DSH,CCT,VZW,CHA","United States",d.khantwal@samsung.com,komal.s@samsung.com,"2026-10-05 20:19:24 KST","2026-10-06 16:35:56 KST","2026-10-06 15:55:52 KST","2026-10-06 16:35:56 KST",,dm1qsqw,2026-10-05,sumit.gaur@samsung.com,SRI-Noida,100.0,S911USQU8GZIF,S911USQU8GZIF,S911UOYN8GZIF,SM-S911U,PHONE,"2026-10-06 20:00:00 KST",false,FULL,No,SM8550,,SRI-N
5150823873249280,Regular,Pending,MR,false,samsung/a17xtur/a17x:17/CP2A.260605.016/A176BXXU8DZJ3_OXM8DZJ3:user/release-keys,TUR,Türkiye,yen.dt@samsung.com,srv.gba@samsung.com,"2026-10-05 19:57:46 KST","2026-10-06 09:47:32 KST",,,,a17xtur,2026-10-05,sang.tv@samsung.com,SRV,Reviewing,A176BXXU8DZJ3,A176BXXU8DZJ3,A176BOXM8DZJ3,SM-A176B,PHONE,"2026-10-06 19:30:00 KST",false,VARIANT,No,s5e8535,,SRV
6010739576012800,SMR,On_Hold,SMR,,samsung/a54xnaxx/a54x:16/BP4A.251205.006/A546BXXSNFZJ1:user/release-keys,"EUY,MBM,MSR,TOP","Serbia,Macedonia",approval.se@samsung.com,srv.gba@samsung.com,"2026-10-05 19:49:30 KST","2026-10-05 20:38:43 KST","2026-10-05 20:38:43 KST",,,a54xnaxx,2026-10-05,sang.tv@samsung.com,SRV,100.0,A546BXXSNFZJ1,A546BXXSNFZJ1,A546BOXMNFZJ1,SM-A546B,PHONE,"2026-10-06 17:00:00 KST",false,,No,s5e8835,,SRV
4701029295980544,SMR,On_Hold,SMR,,samsung/a54xnaeea/a54x:16/BP4A.251205.006/A546BXXSNFZJ1:user/release-keys,"3IE,AMO,ATL,BOG,BTB,BTE,CNX,COS,CRO,DO2,DRE,DTM,EUX,EVR,FTM,H3G,HTS,HUI,MAX,MEO,MET,MOB,MOT,O2C,O2U,OMN,OPV,ORO,ORS,PLS,PRT,SFR,SIM,SWC,TCL,TIM,TMH,TMS,TMZ,TNL,TPL,VD2,VDC,VDF,VDI,VGR,VIP,VOD,XEC","Ireland,Spain,France,United Kingdom,Romania,Greece,Croatia,Germany,Austria,Portugal,Iceland,Latvia,Netherlands,Sweden,Luxembourg,Poland,Slovenia,Slovakia,Bulgaria,Lithuania,Hungary,Switzerland,Czech Republic,Belgium,Norway,Finland,Denmark,Italy,Estonia",approval.se@samsung.com,srv.gba@samsung.com,"2026-10-05 19:48:34 KST","2026-10-05 20:08:43 KST","2026-10-05 20:08:43 KST",,,a54xnaeea,2026-10-05,sang.tv@samsung.com,SRV,100.0,A546BXXSNFZJ1,A546BXXSNFZJ1,A546BOXMNFZJ1,SM-A546B,PHONE,,false,,No,s5e8835,,SRV
6424866496708608,Regular,Approved,MR,false,samsung/a56xnsser/a56x:17/CP2A.260605.016/A566EXXUEDZJ1_OXEEDZJ1:user/release-keys,"SER,SKZ","Belarus,Russia,Kazakhstan",vuong.hue@samsung.com,srv.gba@samsung.com,"2026-10-05 19:48:27 KST","2026-10-07 15:35:25 KST","2026-10-07 15:03:24 KST","2026-10-07 15:35:25 KST",,a56xnsser,2026-10-05,yen.nh3@samsung.com,SRV,100.0,A566EXXUEDZJ1,A566EXXUEDZJ1,A566EOXEEDZJ1,SM-A566E,PHONE,"2026-10-06 19:30:00 KST",false,VARIANT,Yes,s5e8855,,SRV
4918103586897920,Regular,Approved,MR,false,samsung/a55xnaxx/a55x:17/CP2A.260605.016/A556BXXUIEZJ1:user/release-keys,EUY,"Ukraine,Macedonia,Serbia",tu.nv1@samsung.com,srv.gba@samsung.com,"2026-10-05 19:37:02 KST","2026-10-06 12:36:05 KST","2026-10-06 12:18:33 KST","2026-10-06 12:36:05 KST",,a55xnaxx,2026-10-05,thang.nv12@samsung.com,SRV,100.0,A556BXXUIEZJ1,A556BXXUIEZJ1,A556BOXMIEZJ1,SM-A556B,PHONE,"2026-10-06 19:30:00 KST",false,FULL,Yes,s5e8845,,SRV
5324830748704768,Regular,Approved,MR,false,samsung/a56xnsxx/a56x:17/CP2A.260605.016/A566EXXUEDZJ1_OXEEDZJ1:user/release-keys,CAU,"Armenia,Azerbaijan,Georgia",oanh.lt@samsung.com,srv.gba@samsung.com,"2026-10-05 19:37:00 KST","2026-10-07 13:35:35 KST","2026-10-07 13:23:34 KST","2026-10-07 13:35:35 KST",,a56xnsxx,2026-10-05,yen.nh3@samsung.com,SRV,100.0,A566EXXUEDZJ1,A566EXXUEDZJ1,A566EOXEEDZJ1,SM-A566E,PHONE,"2026-10-06 19:30:00 KST",false,FULL,Yes,s5e8855,,SRV
4747335687208960,Vendor,Submitted,,false,samsung/xcover7proxx/xcover7pro:14/UP1A.231005.007/G766BXXUABZJ3_B2BF:user/release-keys,,,bich.hanh@samsung.com,manhdat.ng@samsung.com,"2026-10-05 19:33:03 KST","2026-10-05 19:50:20 KST",,,,xcover7proxx,,viet.tien@samsung.com,SRV,,G766BXXUABZJ3_B2BF,,,SM-G766B,PHONE,"2026-10-06 18:30:00 KST",false,,No,SM7635,,SRV
4938893711638528,Regular,Approved,MR,false,samsung/gta9wifixx/gta9wifi:16/BP2A.250605.031.A3/X110XXUBDZI1:user/release-keys,EUY,Serbia,thuynga.dt@samsung.com,srv.gba@samsung.com,"2026-10-05 19:31:47 KST","2026-10-06 15:01:12 KST","2026-10-06 14:59:01 KST","2026-10-06 15:01:12 KST",,gta9wifixx,2026-07-05,viet.thanh@samsung.com,SRV,100.0,X110XXUBDZI1,,X110OXMBDZI1,SM-X110,TABLET,"2026-10-06 19:30:00 KST",false,FULL,Yes,MT8781V/CA,,SRV
5172962114404352,Regular,Uploaded,LR,false,samsung/a07fxx/a07:17/CP2A.260605.016/E075FXXU7DZII_ODM7DZII:user/release-keys,NPB,Nepal,umesh.k@samsung.com,srin-pregba@samsung.com,"2026-10-05 19:14:20 KST","2026-10-06 18:21:21 KST",,,"2026-10-06 17:47:31 KST",a07fxx,2026-10-05,gurmeet.c@samsung.com,SRI-Noida,10.0,E075FXXU7DZII,E075FXXU7DZII,E075FODM7DZII,SM-E075F,PHONE,"2026-10-14 23:30:00 KST",false,FULL,No,MT6789V/CD,LD,SRI-N
5473936242638848,Regular,Pending,LR,false,samsung/a07mxx/a07:17/CP2A.260605.016/M075FXXU7DZII_ODM7DZII:user/release-keys,NPB,Nepal,a2.rajput@samsung.com,prema.bhatt@samsung.com,"2026-10-05 19:13:29 KST","2026-10-07 15:26:55 KST",,,,a07mxx,2026-10-05,gurmeet.c@samsung.com,SRI-Noida,10.0,M075FXXU7DZII,M075FXXU7DZII,M075FODM7DZII,SM-M075F,PHONE,"2026-10-14 23:30:00 KST",false,FULL,No,MT6789V/CD,LD,SRI-N
5649358343372800,Regular,Approved,MR,false,samsung/b5qsqw/b5q:17/CP2A.260605.016/F731USQU8HZIJ:user/release-keys,"ATT,ASR,TMB,USC,TMK,CCT,VZW,XAA,CHA","United States",d2.kumar@samsung.com,komal.s@samsung.com,"2026-10-05 19:10:37 KST","2026-10-06 19:01:07 KST","2026-10-06 18:47:45 KST","2026-10-06 19:00:20 KST",,b5qsqw,2026-10-05,mittal.atul@samsung.com,SRI-Noida,100.0,F731USQU8HZIJ,F731USQU8HZIJ,F731UOYN8HZIJ,SM-F731U,PHONE,"2026-10-06 20:00:00 KST",false,FULL,Yes,SM8550,,SRI-N
6581744203726848,NormalException,Approved,MR,false,samsung/q5qxxx/q5q:17/CP2A.260605.016/F946BXXU7HZIJ:user/release-keys,"BKD,NPB,INS,SLK","Bangladesh,Nepal,India,Sri Lanka",bhawna.s1@samsung.com,srin-pregba@samsung.com,"2026-10-05 19:09:11 KST","2026-10-06 13:08:41 KST","2026-10-06 13:08:41 KST","2026-10-06 13:08:41 KST",,q5qxxx,2026-10-05,ccy2k@samsung.com,SRI-Noida,100.0,F946BXXU7HZIJ,F946BXXU7HZIJ,F946BOXM7HZIJ,SM-F946B,PHONE,"2026-10-06 18:30:00 KST",false,FULL,No,SM8550,,SRI-N
4573529433702400,NormalException,Approved,MR,false,samsung/dm2qxxx/dm2q:17/CP2A.260605.016/S916BXXUAGZIF:user/release-keys,XID,Indonesia,ng.thanhtuan@samsung.com,apta.p@samsung.com,"2026-10-05 18:59:21 KST","2026-10-06 11:32:41 KST","2026-10-06 11:32:41 KST","2026-10-06 11:32:41 KST",,dm2qxxx,2026-10-05,suyeon79.kim@samsung.com,SRV,100.0,S916BXXUAGZIF,S916BXXUAGZIF,S916BOLEAGZIF,SM-S916B,PHONE,"2026-10-06 18:00:00 KST",false,FULL,No,SM8550,,SRV
5486080598212608,NormalException,Approved,MR,false,samsung/q5qxxx/q5q:17/CP2A.260605.016/F946BTBU7HZIJ:user/release-keys,XID,Indonesia,ducmanh.ng1@samsung.com,apta.p@samsung.com,"2026-10-05 18:57:30 KST","2026-10-06 09:58:47 KST","2026-10-06 09:58:47 KST","2026-10-06 09:58:47 KST",,q5qxxx,2026-10-05,xuanson.ng@samsung.com,SRV,100.0,F946BTBU7HZIJ,F946BXXU7HZIJ,F946BOLP7HZIJ,SM-F946B,PHONE,"2026-10-06 18:00:00 KST",false,FULL,No,SM8550,,SRV
6701815316086784,Vendor,Reviewed,,false,samsung/a24nsxx/a24:16/BP2A.250605.031.A3/A245FXXUEGZJ2:user/release-keys,,,huy.dn@samsung.com,thanh.lx1@samsung.com,"2026-10-05 18:54:56 KST","2026-10-07 17:40:08 KST","2026-10-07 17:10:06 KST",,,a24nsxx,,huong.htm@samsung.com,SRV,100.0,A245FXXUEGZJ2,,,SM-A245F,PHONE,"2026-10-06 18:30:00 KST",false,,No,MT6789V/CD,,SRV
5662002458656768,Vendor,Approved,,false,samsung/a56xnsxx/a56x:15/AP3A.240905.015.A2/A566EXXUEDZJ1:user/release-keys,,,oanh.lt@samsung.com,srv.gba@samsung.com,"2026-10-05 18:29:43 KST","2026-10-07 16:00:07 KST","2026-10-07 11:12:29 KST","2026-10-07 16:00:07 KST",,a56xnsxx,,yen.nh3@samsung.com,SRV,100.0,A566EXXUEDZJ1,,,SM-A566E,PHONE,"2026-10-05 22:30:00 KST",false,,No,s5e8855,,SRV
5164885596176384,Regular,Approved,MR,false,samsung/q5qsqw/q5q:17/CP2A.260605.016/F946USQU8HZIJ:user/release-keys,"TMB,CCT,VZW,USC,ATT,XAA,ASR,TMK,CHA","United States",a2.rajput@samsung.com,srin-pregba@samsung.com,"2026-10-05 18:20:11 KST","2026-10-06 12:36:00 KST","2026-10-06 12:22:58 KST","2026-10-06 12:36:00 KST",,q5qsqw,2026-10-05,mittal.atul@samsung.com,SRI-Noida,100.0,F946USQU8HZIJ,F946USQU8HZIJ,F946UOYN8HZIJ,SM-F946U,PHONE,"2026-10-06 20:00:00 KST",false,FULL,No,SM8550,,SRI-N
6270430344380416,Vendor,Approved,,false,samsung/dm2qsqw/dm2q:13/TP1A.220624.014/S916USQU8GZIF:user/release-keys,,,a2.rajput@samsung.com,srin-pregba@samsung.com,"2026-10-05 18:13:03 KST","2026-10-07 00:00:05 KST","2026-10-06 15:00:40 KST","2026-10-07 00:00:05 KST",,dm2qsqw,,sumit.gaur@samsung.com,SRI-Noida,100.0,S916USQU8GZIF,,,SM-S916U,PHONE,"2026-10-06 19:00:00 KST",false,,No,SM8550,,SRI-N
4565858353676288,Vendor,Approved,,false,samsung/q5qsqw/q5q:13/TP1A.220624.014/F946USQU8HZIJ:user/release-keys,,,a2.rajput@samsung.com,srin-pregba@samsung.com,"2026-10-05 17:59:54 KST","2026-10-06 16:00:03 KST","2026-10-06 12:06:36 KST","2026-10-06 16:00:03 KST",,q5qsqw,,mittal.atul@samsung.com,SRI-Noida,100.0,F946USQU8HZIJ,,,SM-F946U,PHONE,"2026-10-06 19:00:00 KST",false,,No,SM8550,,SRI-N
5247279946792960,NormalException,Approved,MR,false,samsung/b5qxxx/b5q:17/CP2A.260605.016/F731BTCU7HZIJ:user/release-keys,XSA,Australia,hoai.nt4@samsung.com,srv.gba@samsung.com,"2026-10-05 17:52:44 KST","2026-10-06 09:41:40 KST","2026-10-06 09:41:40 KST","2026-10-06 09:41:40 KST",,b5qxxx,2026-10-05,dat.tien@samsung.com,SRV,100.0,F731BTCU7HZIJ,F731BXXU7HZIJ,F731BOSW7HZIJ,SM-F731B,PHONE,"2026-10-05 22:00:00 KST",false,FULL,No,SM8550,,SRV
5657466805420032,Vendor,Approved,,false,samsung/dm1qsqw/dm1q:13/TP1A.220624.014/S911USQU8GZIF:user/release-keys,,,d.khantwal@samsung.com,srin-pregba@samsung.com,"2026-10-05 17:43:11 KST","2026-10-07 00:00:05 KST","2026-10-06 14:30:53 KST","2026-10-07 00:00:05 KST",,dm1qsqw,,sumit.gaur@samsung.com,SRI-Noida,100.0,S911USQU8GZIF,,,SM-S911U,PHONE,"2026-10-06 19:00:00 KST",false,,No,SM8550,,SRI-N
4617141269823488,Vendor,Approved,,false,samsung/dm3qsqw/dm3q:13/TP1A.220624.014/S918USQU8GZIF:user/release-keys,,,akansha.s1@samsung.com,srin-pregba@samsung.com,"2026-10-05 17:25:39 KST","2026-10-06 16:00:03 KST","2026-10-06 14:17:01 KST","2026-10-06 16:00:03 KST",,dm3qsqw,,sumit.gaur@samsung.com,SRI-Noida,100.0,S918USQU8GZIF,,,SM-S918U,PHONE,"2026-10-06 19:00:00 KST",false,,No,SM8550,,SRI-N
5453232688332800,SafetyNet,Approved,,,samsung/a16xmnsins/a16xm:17/CP2A.260605.016/A166PXXU9ZZJ1:user/release-keys,,,,shiwangi.n@samsung.com,"2026-10-05 17:21:05 KST","2026-10-05 17:21:19 KST",,"2026-10-05 17:21:19 KST",,a16xmnsins,2026-09-05,shiwangi.n@samsung.com,SRI-Noida,100.0,,,,SM-A166P,,,false,,No,MT6835V/TZ,,
5180234030907392,Regular,Approved,MR,false,samsung/gta9tur/gta9:16/BP2A.250605.031.A3/X117JXUBDZI1:user/release-keys,TUR,"Turkey,Türkiye",nam.dt1@samsung.com,thao.le1@samsung.com,"2026-10-05 17:17:09 KST","2026-10-06 19:01:21 KST","2026-10-06 18:54:41 KST","2026-10-06 19:01:21 KST",,gta9tur,2026-07-05,tung.trinh@samsung.com,SRV,100.0,X117JXUBDZI1,X117JXUBDZI1,X117TURBDZI1,SM-X117,TABLET,"2026-10-05 23:30:00 KST",false,FULL,Yes,MT8781V/CA,,SRV
5704676783947776,Regular,Approved,MR,false,samsung/a54xnaxx/a54x:17/CP2A.260605.016/A546BXXUNGZJ1:user/release-keys,EUY,Serbia,ly.ltt@samsung.com,srv.gba@samsung.com,"2026-10-05 17:10:17 KST","2026-10-06 11:36:12 KST","2026-10-06 11:03:29 KST","2026-10-06 11:36:12 KST",,a54xnaxx,2026-10-05,thuy.nn@samsung.com,SRV,100.0,A546BXXUNGZJ1,A546BXXUNGZJ1,A546BOXMNGZJ1,SM-A546B,PHONE,"2026-10-05 23:30:00 KST",false,FULL,Yes,s5e8835,,SRV
5052894558814208,Vendor,Approved,,false,samsung/a54xnaxx/a54x:13/TP1A.220624.014/A546BXXUNGZJ1:user/release-keys,,,ly.ltt@samsung.com,srv.gba@samsung.com,"2026-10-05 17:02:18 KST","2026-10-06 16:00:03 KST","2026-10-06 10:13:09 KST","2026-10-06 16:00:03 KST",,a54xnaxx,,thuy.nn@samsung.com,SRV,100.0,A546BXXUNGZJ1,,,SM-A546B,PHONE,"2026-10-05 22:30:00 KST",false,,No,s5e8835,,SRV
4582099705397248,NormalException,Pending,MR,false,samsung/b6qxxx/b6q:17/CP2A.260605.016/F741BXXU4EZIH:user/release-keys,XID,Indonesia,nam.dt1@samsung.com,lufti.b@samsung.com,"2026-10-05 16:18:32 KST","2026-10-07 11:15:00 KST",,,,b6qxxx,2026-09-05,yhkim90@samsung.com,SRV,Reviewing,F741BXXU4EZIH,F741BXXU4EZIH,F741BOLE4EZIH,SM-F741B,PHONE,"2026-10-05 22:00:00 KST",false,FULL,No,SM8650,,SRV
6339732930035712,Regular,Approved,MR,false,samsung/a37xcs/a37x:17/CP2A.260605.016/A376WVLU5BZI7_OYV5BZI7:user/release-keys,"VMC,VTR,ESK,FIZ,GLW,PMB,TLS,BWA,RWC,CHR,KDO,PCM,BMC,TBT,FMC,SOL,XAC",Canada,umesh.k@samsung.com,srin-pregba@samsung.com,"2026-10-05 16:18:21 KST","2026-10-05 19:35:48 KST","2026-10-05 19:03:31 KST","2026-10-05 19:35:48 KST",,a37xcs,2026-09-05,harminder.s@samsung.com,SRI-Noida,100.0,A376WVLU5BZI7,A376WVLU5BZI7,A376WOYV5BZI7,SM-A376W,PHONE,"2026-10-06 00:30:00 KST",false,FULL,Yes,s5e8845,,SRI-N
5070592105775104,SMR,Reviewed,SMR,,samsung/m55xqxx/m55xq:16/BP4A.251205.006/M556EXXS5DZI1:user/release-keys,CAU,Georgia,huy.dn@samsung.com,mua.nguyen@samsung.com,"2026-10-05 16:04:50 KST","2026-10-07 14:00:29 KST","2026-10-07 13:24:09 KST",,,m55xqxx,2026-10-05,minh.nq3@samsung.com,SRV,100.0,M556EXXS5DZI1,M556EXXS5DZI1,M556EOXM5DZI1,SM-M556E,PHONE,"2026-10-05 21:00:00 KST",false,,No,SM7450,,SRV
6306101792604160,NormalException,Approved,MR,false,samsung/gta9xx/gta9:16/BP2A.250605.031.A3/X115XXUBDZI1:user/release-keys,"ACR,AFR,DKR,ECT,EGY,ILO,ILP,KSA,LYS,MID,MWD,PAK,TUN,XFA,XFE,XFV,XSG","Ghana,Kenya,Senegal,Nigeria,Egypt,Israel,Palestine,Saudi Arabia,Libya,Lebanon,Iraq,Jordan,Morocco,Pakistan,Tunisia,South Africa,Zambia,Mauritius,Qatar,United Arab Emirates,Kuwait,Bahrain,Oman",yen.dt@samsung.com,srv.gba@samsung.com,"2026-10-05 15:36:02 KST","2026-10-05 17:17:15 KST","2026-10-05 17:17:15 KST","2026-10-05 17:17:15 KST",,gta9xx,2026-07-05,hieu.tr1@samsung.com,SRV,100.0,X115XXUBDZI1,X115XXUBDZI1,X115OJMBDZI1,SM-X115,TABLET,"2026-10-05 23:30:00 KST",false,FULL,No,MT8781V/CA,,SRV
5883344286121984,NormalException,Approved,MR,false,samsung/gta9xx/gta9:16/BP2A.250605.031.A3/X115XXUBDZI1:user/release-keys,"ARO,BVO,CHO,COO,GTO,MXO,PEO,UPO,UYO,ZTO","Argentina,Bolivia,Chile,Colombia,Guatemala,Mexico,Peru,Paraguay,Uruguay,Brazil",rene.a@samsung.com,googleapproval.sidia@samsung.com,"2026-10-05 15:36:01 KST","2026-10-05 22:41:41 KST","2026-10-05 22:41:41 KST","2026-10-05 22:41:41 KST",,gta9xx,2026-07-05,hieu.tr1@samsung.com,SIDIA,100.0,X115XXUBDZI1,X115XXUBDZI1,X115OWOBDZI1,SM-X115,TABLET,"2026-10-06 03:00:00 KST",false,FULL,No,MT8781V/CA,,SIDIA
6134755515170816,NormalException,Approved,MR,false,samsung/gta9xx/gta9:16/BP2A.250605.031.A3/X115XXUBDZI1:user/release-keys,"MYM,THL,XEV,XME,XNZ,XSP,XTC","Myanmar,Cambodia,Thailand,Laos,Vietnam,Malaysia,New Zealand,Singapore,Philippines",vuong.hue@samsung.com,srv.gba@samsung.com,"2026-10-05 15:36:01 KST","2026-10-05 18:53:32 KST","2026-10-05 18:53:32 KST","2026-10-05 18:53:32 KST",,gta9xx,2026-07-05,hieu.tr1@samsung.com,SRV,100.0,X115XXUBDZI1,X115XXUBDZI1,X115OLMBDZI1,SM-X115,TABLET,"2026-10-05 22:00:00 KST",false,FULL,No,MT8781V/CA,,SRV
5755384912674816,SMR,On_Hold,SMR,,samsung/r9qsqw/r9q:16/BP2A.250605.031.A3/G990USQSPIZI2:user/release-keys,"AIO,ASR,ATT,CCT,CHA,DSA,DSH,TMB,TMK,USC,VZW","United States",approval.se@samsung.com,srin-pregba@samsung.com,"2026-10-05 15:16:14 KST","2026-10-05 15:38:43 KST","2026-10-05 15:38:43 KST",,,r9qsqw,2026-10-05,rohit.anand@samsung.com,SRI-Noida,100.0,G990USQSPIZI2,G990USQSPIZI2,G990UOYNPIZI2,SM-G990U,PHONE,,false,,No,Qualcomm,,SRI-N
4606598198853632,Vendor,Approved,,false,samsung/a37xsq/a37x:14/UP1A.231005.007/A376USQU5BZI7:user/release-keys,,,umesh.k@samsung.com,srin-pregba@samsung.com,"2026-10-05 14:56:23 KST","2026-10-06 00:00:03 KST","2026-10-05 19:01:06 KST","2026-10-06 00:00:03 KST",,a37xsq,,harminder.s@samsung.com,SRI-Noida,100.0,A376USQU5BZI7,,,SM-A376U,PHONE,"2026-10-05 23:00:00 KST",false,,No,s5e8845,,SRI-N
5859776944930816,SMR,Approved,SMR,,samsung/a08fins/a08:17/CP2A.260605.016/E085FXXS2AZI1_ODM2AZI1:user/release-keys,INS,India,deeksha.s@samsung.com,srin-pregba@samsung.com,"2026-10-05 14:45:47 KST","2026-10-05 18:01:03 KST","2026-10-05 17:34:46 KST","2026-10-05 18:00:10 KST",,a08fins,2026-09-05,sharik.a@samsung.com,SRI-Noida,100.0,E085FXXS2AZI1,E085FXXS2AZI1,E085FODM2AZI1,SM-E085F,PHONE,,false,,Yes,MT6789V/CD,,SRI-N
6245636504813568,Regular,Uploaded,LR,false,samsung/a15xnndxx/a15x:17/CP2A.260605.016/A156EDXUAFZI5:user/release-keys,XXV,Vietnam,bhawna.s1@samsung.com,srin-pregba@samsung.com,"2026-10-05 13:42:00 KST","2026-10-06 20:21:12 KST",,,"2026-10-06 19:31:33 KST",a15xnndxx,2026-09-05,vinay.verma@samsung.com,SRI-Noida,10.0,A156EDXUAFZI5,A156EDXUAFZI5,A156EOLMAFZI5,SM-A156E,PHONE,"2026-10-14 23:30:00 KST",false,VARIANT,No,MT6835V/ZA,LV,SRI-N
4922409090285568,NormalException,Approved,MR,false,samsung/b5qxeea/b5q:17/CP2A.260605.016/F731BXXU7HZIJ:user/release-keys,"3IE,AMO,ATL,BOG,CNX,COS,CRO,DO2,DRE,DTM,EVR,FTM,H3G,HTS,HUI,MAX,MEO,MET,MOB,MOT,O2C,O2U,OMN,OPV,ORO,ORS,PLS,PRT,SFR,SIM,SWC,TCL,TIM,TMH,TMS,TMZ,TNL,TPL,VD2,VDC,VDF,VDI,VGR,VIP,VOD,XEC","Ireland,United Kingdom,Spain,France,Romania,Greece,Slovenia,Croatia,Germany,Austria,Sweden,Italy,Portugal,Czech Republic,Poland,Slovakia,Switzerland,Hungary,Netherlands",tu.nv1@samsung.com,srv.gba@samsung.com,"2026-10-05 13:36:48 KST","2026-10-06 11:02:41 KST","2026-10-06 11:02:41 KST","2026-10-06 11:02:41 KST",,b5qxeea,2026-10-05,ha.hoang@samsung.com,SRV,100.0,F731BXXU7HZIJ,F731BXXU7HZIJ,F731BOXM7HZIJ,SM-F731B,PHONE,"2026-10-05 23:30:00 KST",false,VARIANT,No,SM8550,,SRV
5599511221370880,NormalException,Approved,MR,false,samsung/dm2qxeea/dm2q:17/CP2A.260605.016/S916BXXUAGZIF:user/release-keys,"TMZ,H3G,ORO,CNX,HTS,BTE,TMS,OPV,DTM,O2U,PLS,VDI,ATL,VDC,OMN,TIM,BOG,COS,MAX,SIM,3IE,TPL,TMH,VIP,MOT,VGR,DO2,VOD,BTB,TCL,ORS,TNL,MOB,SWC,VD2,FTM,PRT,DRE,O2C,SFR,AMO,EVR,XEC,CRO,VDF,MET,HUI,MEO","Czech Republic,United Kingdom,Romania,Sweden,Slovakia,Poland,Germany,Ireland,Spain,Italy,France,Greece,Austria,Slovenia,Hungary,Croatia,Portugal,Netherlands,Switzerland",oanh.lt@samsung.com,tuyen.lt1@samsung.com,"2026-10-05 13:36:04 KST","2026-10-05 17:16:41 KST","2026-10-05 17:16:41 KST","2026-10-05 17:16:41 KST",,dm2qxeea,2026-10-05,sang.tv@samsung.com,SRV,100.0,S916BXXUAGZIF,S916BXXUAGZIF,S916BOXMAGZIF,SM-S916B,PHONE,"2026-10-05 23:30:00 KST",false,VARIANT,No,SM8550,,SRV
4542838872473600,NormalException,Approved,MR,false,samsung/dm3qxeea/dm3q:17/CP2A.260605.016/S918BXXUAGZIF:user/release-keys,"3IE,AMO,ATL,BOG,BTB,BTE,CNX,COS,CRO,DO2,DRE,DTM,EVR,FTM,H3G,HTS,HUI,MAX,MEO,MET,MOB,MOT,O2C,O2U,OMN,OPV,ORO,ORS,PLS,PRT,SFR,SIM,SWC,TCL,TIM,TMH,TMS,TMZ,TNL,TPL,VD2,VDC,VDF,VDI,VGR,VIP,VOD,XEC","Ireland,United Kingdom,Spain,France,Romania,Greece,Slovenia,Croatia,Germany,Austria,Sweden,Italy,Portugal,Czech Republic,Poland,Slovakia,Switzerland,Hungary,Netherlands",thuynga.dt@samsung.com,srv.gba@samsung.com,"2026-10-05 13:35:17 KST","2026-10-06 16:07:22 KST","2026-10-06 16:07:22 KST","2026-10-06 16:07:22 KST",,dm3qxeea,2026-10-05,sang.tv@samsung.com,SRV,100.0,S918BXXUAGZIF,S918BXXUAGZIF,S918BOXMAGZIF,SM-S918B,PHONE,"2026-10-05 23:30:00 KST",false,VARIANT,No,SM8550,,SRV
6371726678294528,Regular,Reviewed,MR,false,samsung/jinjuue/jinju:16/BGH4.260901.003/O20XXUEU1AZJ3:user/release-keys,"KOO,K01,GFU,XAR","Korea,United States",a2.rajput@samsung.com,mijung0510.moon@samsung.com,"2026-10-05 13:30:38 KST","2026-10-05 21:00:23 KST","2026-10-05 20:11:36 KST",,,jinjuue,2026-08-05,euna79.park@samsung.com,HQ-Suwon,100.0,O20XXUEU1AZJ3,,,SM-O200P,XR_PERIPHERAL,"2026-10-06 00:00:00 KST",false,FULL,No,SXR1130,,SRI-N
6364540661137408,Vendor,Approved,,false,samsung/b5qsqw/b5q:13/TP1A.220624.014/F731USQU8HZIJ:user/release-keys,,,d2.kumar@samsung.com,srin-pregba@samsung.com,"2026-10-05 12:37:08 KST","2026-10-07 00:00:06 KST","2026-10-06 17:47:40 KST","2026-10-07 00:00:06 KST",,b5qsqw,,mittal.atul@samsung.com,SRI-Noida,100.0,F731USQU8HZIJ,,,SM-F731U,PHONE,"2026-10-05 21:00:00 KST",false,,No,SM8550,,SRI-N
5483699240173568,Vendor,Approved,,false,samsung/gta9tur/gta9:16/BP2A.250605.031.A3/X117JXUBDZI1:user/release-keys,,,nam.dt1@samsung.com,srv.gba@samsung.com,"2026-10-05 11:39:57 KST","2026-10-06 19:01:21 KST","2026-10-06 18:48:49 KST","2026-10-06 19:01:21 KST",,gta9tur,,tung.trinh@samsung.com,SRV,100.0,X117JXUBDZI1,,,SM-X117,TABLET,"2026-10-05 20:30:00 KST",false,,Yes,MT8781V/CA,,SRV
6433780365787136,Vendor,Reviewed,,false,samsung/m55xqxx/m55xq:12/SP2A.220305.013/M556EXXS5DZI1:user/release-keys,,,huy.dn@samsung.com,hoang.dnn@samsung.com,"2026-10-05 10:46:23 KST","2026-10-07 15:22:27 KST","2026-10-07 13:04:10 KST",,,m55xqxx,,minh.nq3@samsung.com,SRV,100.0,M556EXXS5DZI1,,,SM-M556E,PHONE,"2026-10-05 20:30:00 KST",false,,No,SM7450,,SRV
4987676688384000,Regular,Approved,MR,false,samsung/a54xnaeea/a54x:17/CP2A.260605.016/A546BXXUNGZJ1:user/release-keys,EUX,"Romania,Hungary,United Kingdom,Switzerland,Portugal,Spain,Greece,Austria,Czech Republic,Latvia,Netherlands,Sweden,Luxembourg,Poland,Italy,Slovenia,Slovakia,Bulgaria,France,Germany",ng.thanhtuan@samsung.com,srv.gba@samsung.com,"2026-10-03 21:19:35 KST","2026-10-06 11:35:07 KST","2026-10-06 11:34:33 KST","2026-10-06 11:35:07 KST",,a54xnaeea,2026-10-05,thuy.nn@samsung.com,SRV,100.0,A546BXXUNGZJ1,A546BXXUNGZJ1,A546BOXMNGZJ1,SM-A546B,PHONE,"2026-10-05 19:30:00 KST",false,VARIANT,Yes,s5e8835,,SRV
5456474046464000,Vendor,Submitted,,false,samsung/gta11wifixx/gta11wifi:16/BP2A.250605.031.A3/X130XXU5CZIA:user/release-keys,,,bich.hanh@samsung.com,srv.gba@samsung.com,"2026-10-03 18:42:33 KST","2026-10-03 19:18:46 KST",,,,gta11wifixx,,viet.thanh@samsung.com,SRV,,X130XXU5CZIA,,,SM-X130,TABLET,"2026-10-05 18:30:00 KST",false,,No,MT8781V/NA,,SRV
5302104331911168,NormalException,Approved,MR,false,samsung/dm1qxxx/dm1q:17/CP2A.260605.016/S911BXXUAGZIF:user/release-keys,"ACR,AFG,AFR,DKR,ECT,EGY,EUY,FWD,GLB,ILO,ILP,KSA,LYS,MBM,MID,MM1,MSR,SEK,SIN,SKZ,STH,TEL,THL,TOP,TUN,VAU,XFA,XFV,XSA,XSG,XSP,XTC","Ghana,Afghanistan,Gabon,Senegal,Tanzania,Uganda,Democratic Republic of the Congo,Kenya,Nigeria,Egypt,Kosovo,Macedonia,Serbia,Bosnia and Herzegovina,Montenegro,Albania,Morocco,Philippines,Israel,Saudi Arabia,Libya,Iraq,Singapore,Ukraine,Kazakhstan,Australia,Myanmar,Cambodia,Thailand,Laos,Tunisia,South Africa,United Arab Emirates",ducmanh.ng1@samsung.com,srv.gba@samsung.com,"2026-10-03 18:28:34 KST","2026-10-05 17:42:23 KST","2026-10-05 17:42:23 KST","2026-10-05 17:42:23 KST",,dm1qxxx,2026-10-05,suyeon79.kim@samsung.com,SRV,100.0,S911BXXUAGZIF,S911BXXUAGZIF,S911BOXMAGZIF,SM-S911B,PHONE,"2026-10-05 23:30:00 KST",false,FULL,No,SM8550,,SRV
6585440425738240,Regular,Reviewed,MR,false,samsung/a55xnaeea/a55x:17/CP2A.260605.016/A556BXXUIEZJ1:user/release-keys,EUX,"Portugal,Iceland,Greece,Netherlands,Sweden,Austria,Latvia,Luxembourg,Poland,Slovakia,Slovenia,Bulgaria,France,Lithuania,Croatia,Romania,Hungary,United Kingdom,Switzerland,Spain,Czech Republic,Belgium,Norway,Finland,Denmark,Italy,Germany,Estonia",hoai.nt4@samsung.com,srv.gba@samsung.com,"2026-10-03 16:56:43 KST","2026-10-06 13:00:48 KST","2026-10-06 12:18:53 KST",,,a55xnaeea,2026-10-05,thang.nv12@samsung.com,SRV,100.0,A556BXXUIEZJ1,A556BXXUIEZJ1,A556BOXMIEZJ1,SM-A556B,PHONE,"2026-10-05 23:30:00 KST",false,VARIANT,No,s5e8845,,SRV
6022490472316928,Vendor,Approved,,false,samsung/a55xnaxx/a55x:14/UP1A.231005.007/A556BXXUIEZJ1:user/release-keys,,,tu.nv1@samsung.com,srv.gba@samsung.com,"2026-10-03 16:43:24 KST","2026-10-06 16:00:03 KST","2026-10-06 12:11:04 KST","2026-10-06 16:00:03 KST",,a55xnaxx,,thang.nv12@samsung.com,SRV,100.0,A556BXXUIEZJ1,,,SM-A556B,PHONE,"2026-10-05 22:30:00 KST",false,,No,s5e8845,,SRV
4842677149630464,Vendor,Reviewed,,false,samsung/a07fxx/a07:16/BP2A.250605.031.A3/E075FXXU7DZII:user/release-keys,,,umesh.k@samsung.com,srin-pregba@samsung.com,"2026-10-03 16:42:32 KST","2026-10-06 19:21:02 KST","2026-10-06 17:41:32 KST",,,a07fxx,,gurmeet.c@samsung.com,SRI-Noida,100.0,E075FXXU7DZII,,,SM-E075F,PHONE,"2026-10-05 23:00:00 KST",false,,No,MT6789V/CD,,SRI-N
5962845791715328,Regular,Uploaded,LR,false,samsung/a25xxx/a25x:17/CP2A.260605.016/A256BXXUEFZJ1:user/release-keys,EUY,"Ukraine,Serbia",yen.dt@samsung.com,thuy.ntm2@samsung.com,"2026-10-03 16:06:04 KST","2026-10-05 15:00:49 KST",,,"2026-10-05 13:52:48 KST",a25xxx,2026-10-05,vhieu.ng@samsung.com,SRV,10.0,A256BXXUEFZJ1,A256BXXUEFZJ1,A256BOXMEFZJ1,SM-A256B,PHONE,"2026-10-14 23:30:00 KST",false,FULL,No,s5e8825,LD,SRV
4998096279044096,Vendor,Pending,,false,samsung/a07mxx/a07:16/BP2A.250605.031.A3/M075FXXU7DZII:user/release-keys,,,vishnu.d@samsung.com,srin-pregba@samsung.com,"2026-10-03 15:57:28 KST","2026-10-06 13:14:21 KST",,,,a07mxx,,gurmeet.c@samsung.com,SRI-Noida,Reviewing,M075FXXU7DZII,,,SM-M075F,PHONE,"2026-10-05 23:00:00 KST",false,,No,MT6789V/CD,,SRI-N
6120697651003392,NormalException,Approved,MR,false,samsung/dm1qxxx/dm1q:17/CP2A.260605.016/S911BXXUAGZIF:user/release-keys,XID,Indonesia,nam.dt1@samsung.com,endri.s@samsung.com,"2026-10-03 12:29:27 KST","2026-10-07 16:03:12 KST","2026-10-07 16:03:12 KST","2026-10-07 16:03:12 KST",,dm1qxxx,2026-10-05,suyeon79.kim@samsung.com,SRV,100.0,S911BXXUAGZIF,S911BXXUAGZIF,S911BOLEAGZIF,SM-S911B,PHONE,"2026-10-05 20:00:00 KST",false,FULL,No,SM8550,,SRV
6376262163759104,Vendor,Approved,,false,samsung/gta9wifixx/gta9wifi:16/BP2A.250605.031.A3/X110XXUBDZI1:user/release-keys,,,thuynga.dt@samsung.com,srv.gba@samsung.com,"2026-10-03 12:01:36 KST","2026-10-06 15:01:17 KST","2026-10-06 11:40:51 KST","2026-10-06 15:01:17 KST",,gta9wifixx,,viet.thanh@samsung.com,SRV,100.0,X110XXUBDZI1,,,SM-X110,TABLET,"2026-10-05 20:30:00 KST",false,,Yes,MT8781V/CA,,SRV
5989283328688128,Regular,Submitted,MR,false,samsung/gta11pxx/gta11p:17/CP2A.260605.016/X236BXXU7CZJ1_OXM7CZJ1:user/release-keys,EUY,"Ukraine,Serbia",ly.ltt@samsung.com,gid5490.han@samsung.com,"2026-10-03 11:48:27 KST","2026-10-06 11:00:25 KST",,,,gta11pxx,2026-09-05,faith.choi@samsung.com,HQ-Gumi,Reviewing,X236BXXU7CZJ1,X236BXXU7CZJ1,X236BOXM7CZJ1,SM-X236B,TABLET,"2026-10-05 22:00:00 KST",false,FULL,No,MT8775,,SRV
5324002356887552,Vendor,Cancelled,,false,samsung/a15xub/a15x:17/CP2A.260605.016/A156MUBUAFZI4:user/release-keys,,,jonathan.g@samsung.com,googleapproval.sidia@samsung.com,"2026-10-03 10:31:18 KST","2026-10-05 23:14:49 KST",,,,a15xub,,vinicius.souza@samsung.com,SIDIA,100.0,A156MUBUAFZI4,,,SM-A156M,PHONE,"2026-10-06 03:30:00 KST",false,,No,MT6835V/ZA,,SIDIA
5624439211556864,Widevine,Approved,,,samsung/gtact6wifieea/gtact6wifi:17/CP2A.260605.016/X310XXU0AZJ1_OXM0AZJ1:user/release-keys,EUX,"Germany,Austria,Switzerland,Bulgaria,United Kingdom,Greece,Italy,Luxembourg,Sweden,Slovakia,Spain,Netherlands,Romania,Latvia,Slovenia,Portugal,France,Hungary,Poland,Czech Republic",phan.hue@samsung.com,phan.hue@samsung.com,"2026-10-03 09:41:43 KST","2026-10-05 15:47:30 KST","2026-10-05 15:47:30 KST","2026-10-05 15:47:30 KST",,gtact6wifieea,2026-10-05,ym2005.park@samsung.com,SRV,100.0,,,,SM-X310,TABLET,,false,,No,SM7635,,SRV
5191540263878656,Widevine,Approved,,,samsung/gtact6wifixx/gtact6wifi:17/CP2A.260605.016/X310XXU0AZJ1_OXM0AZJ1:user/release-keys,EUY,Serbia,phan.hue@samsung.com,phan.hue@samsung.com,"2026-10-03 09:41:16 KST","2026-10-05 15:39:48 KST","2026-10-05 15:39:48 KST","2026-10-05 15:39:48 KST",,gtact6wifixx,2026-10-05,ym2005.park@samsung.com,SRV,100.0,,,,SM-X310,TABLET,,false,,No,SM7635,,SRV
4521186818260992,Regular,Approved,MR,false,samsung/a36xque/a36xq:17/CP2A.260605.016/A366U1UEUADZIF_OWAADZIF:user/release-keys,"LLA,PCT,XAA","Puerto Rico,United States",welton.seabra@samsung.com,googleapproval.sidia@samsung.com,"2026-10-03 08:47:07 KST","2026-10-05 22:36:50 KST","2026-10-05 22:30:55 KST","2026-10-05 22:36:50 KST",,a36xque,2026-09-05,william.pereira@samsung.com,SIDIA,100.0,A366U1UEUADZIF,A366U1UEUADZIF,A366U1OWAADZIF,SM-A366U1,PHONE,"2026-10-06 04:30:00 KST",false,VARIANT,Yes,SM6475,,SIDIA
5419958100295680,NormalException,Approved,MR,false,samsung/dm2qxxx/dm2q:17/CP2A.260605.016/S916BXXUAGZIF:user/release-keys,"ANC,ARO,BVO,CDR,CGU,CHE,CHL,CHO,CHT,CHX,COB,COL,COM,COO,CRC,CTI,CTP,CTU,DOR,EBE,ECO,EON,GLO,GTO,IUS,MXO,NBS,PEO,PET,PGU,PNT,PSN,PSP,SAM,TCE,TGP,TMM,TPA,UFN,UFU,UPO,UYO,ZTA,ZTM,ZTO,ZVV","Uruguay,Argentina,Bolivia,Dominican Republic,Guatemala,Chile,Colombia,Costa Rica,Paraguay,Ecuador,Mexico,Nicaragua,Peru,Panama,Brazil",paulo.cunha@samsung.com,googleapproval.sidia@samsung.com,"2026-10-03 05:52:06 KST","2026-10-03 10:06:05 KST","2026-10-03 10:06:05 KST","2026-10-03 10:06:05 KST",,dm2qxxx,2026-10-05,suyeon79.kim@samsung.com,SIDIA,100.0,S916BXXUAGZIF,S916BXXUAGZIF,S916BOWOAGZIF,SM-S916B,PHONE,"2026-10-06 04:30:00 KST",false,FULL,No,SM8550,,SIDIA
6178120357117952,SMR,On_Hold,SMR,,samsung/r9quew/r9q:16/BP2A.250605.031.A3/G990U1UESPIZI2:user/release-keys,PCT,"Puerto Rico",approval.se@samsung.com,googleapproval.sidia@samsung.com,"2026-10-03 05:39:41 KST","2026-10-03 06:08:44 KST","2026-10-03 06:08:44 KST",,,r9quew,2026-10-05,wesllen.lima@samsung.com,SIDIA,100.0,G990U1UESPIZI2,G990U1UESPIZI2,G990U1OWAPIZI2,SM-G990U1,PHONE,,false,,No,Qualcomm,,SIDIA
5508406106652672,NormalException,Approved,MR,false,samsung/dm1qxxx/dm1q:17/CP2A.260605.016/S911BXXUAGZIF:user/release-keys,"ANC,ARO,BVO,CDR,CGU,CHE,CHL,CHO,CHT,CHX,COB,COL,COM,COO,CRC,CTI,CTP,CTU,DOR,EBE,ECO,EON,GLO,GTO,IUS,MXO,NBS,PEO,PET,PGU,PNT,PSN,PSP,SAM,TCE,TGP,TMM,TPA,UFN,UFU,UPO,UYO,ZTA,ZTM,ZTO,ZVV","Uruguay,Argentina,Bolivia,Dominican Republic,Guatemala,Chile,Colombia,Costa Rica,Paraguay,Ecuador,Mexico,Nicaragua,Peru,Panama,Brazil",jonathan.g@samsung.com,googleapproval.sidia@samsung.com,"2026-10-03 04:32:03 KST","2026-10-03 07:18:56 KST","2026-10-03 07:18:56 KST","2026-10-03 07:18:56 KST",,dm1qxxx,2026-10-05,suyeon79.kim@samsung.com,SIDIA,100.0,S911BXXUAGZIF,S911BXXUAGZIF,S911BOWOAGZIF,SM-S911B,PHONE,"2026-10-06 04:30:00 KST",false,FULL,No,SM8550,,SIDIA
5431592696938496,NormalException,Approved,MR,false,samsung/dm3qxxx/dm3q:17/CP2A.260605.016/S918BXXUAGZIF:user/release-keys,"ANC,ARO,BVO,CDR,CGU,CHE,CHL,CHO,CHT,CHX,COB,COL,COM,COO,CRC,CTI,CTP,CTU,DOR,EBE,ECO,EON,GLO,GTO,IUS,MXO,NBS,PEO,PET,PGU,PNT,PSN,PSP,SAM,TCE,TGP,TMM,TPA,UFN,UFU,UPO,UYO,ZTA,ZTM,ZTO,ZVV","Uruguay,Argentina,Bolivia,Dominican Republic,Guatemala,Chile,Colombia,Costa Rica,Paraguay,Ecuador,Mexico,Nicaragua,Peru,Panama,Brazil",dinara.araujo@samsung.com,googleapproval.sidia@samsung.com,"2026-10-03 00:40:36 KST","2026-10-03 04:43:03 KST","2026-10-03 04:43:03 KST","2026-10-03 04:43:03 KST",,dm3qxxx,2026-10-05,suyeon79.kim@samsung.com,SIDIA,100.0,S918BXXUAGZIF,S918BXXUAGZIF,S918BOWOAGZIF,SM-S918B,PHONE,"2026-10-03 04:30:00 KST",false,FULL,No,SM8550,,SIDIA
6107503511470080,SMR,On_Hold,SMR,,samsung/a34xub/a34x:16/BP4A.251205.006/A346MUBSHFZJ1:user/release-keys,"CGU,CHE,CHL,CHO,CHT,CHX,COB,COL,COO,CRC,DOR,EBE,ECO,EON,GLO,NBS,PEO,PET,PGU,PNT,SAM","Guatemala,Chile,Colombia,Costa Rica,Dominican Republic,Ecuador,Nicaragua,Peru",approval.se@samsung.com,googleapproval.sidia@samsung.com,"2026-10-02 21:46:05 KST","2026-10-02 22:08:43 KST","2026-10-02 22:08:43 KST",,,a34xub,2026-10-05,stefano.serra@samsung.com,SIDIA,100.0,A346MUBSHFZJ1,A346MUBSHFZJ1,A346MOWBHFZJ1,SM-A346M,PHONE,,false,,No,MT6877V/TTZA,,SIDIA
4985931589484544,SMR,Approved,SMR,,samsung/a07ub/a07:16/BP4A.251205.006/A075MUBS7CZJ1_OWB7CZJ1:user/release-keys,"CDR,CGU,CHE,CHL,CHO,CHT,COB,COL,COM,COO,CRC,DOR,EBE,ECO,EON,GLO,GTO,PCT,PEO,PET,PGU,PNT,SAM","Dominican Republic,Guatemala,Chile,Colombia,Costa Rica,Ecuador,Puerto Rico,Peru",approval.se@samsung.com,googleapproval.sidia@samsung.com,"2026-10-02 20:57:29 KST","2026-10-03 02:01:09 KST","2026-10-02 21:39:14 KST","2026-10-03 02:01:09 KST",,a07ub,2026-09-05,aglair.p@samsung.com,SIDIA,100.0,A075MUBS7CZJ1,A075MUBS7CZJ1,A075MOWB7CZJ1,SM-A075M,PHONE,"2026-10-03 02:00:00 KST",false,,Yes,MT6789V/CD,,SIDIA
5417912689229824,Regular,Submitted,LR,false,samsung/gts11kx/gts11:17/CP2A.260605.016/X736NKOU9CZI4_KOO9CZI4:user/release-keys,KOO,Korea,akansha.s1@samsung.com,suwonga2.sec@samsung.com,"2026-10-02 20:37:24 KST","2026-10-07 15:58:31 KST",,,,gts11kx,2026-09-05,hyundong9245.kim@samsung.com,HQ-Suwon2,10.0,X736NKOU9CZI4,X736NKOU9CZI4,X736NKOO9CZI4,SM-X736N,TABLET,"2026-10-13 23:30:00 KST",false,FULL,No,MT6991,SP,SRI-N
5108157366140928,Widevine,Approved,,,samsung/a08xxx/a08x:17/CP2A.260605.016/A086BXXU0AZI1_OLM0AZI1:user/release-keys,XXV,Vietnam,phan.hue@samsung.com,phan.hue@samsung.com,"2026-10-02 20:25:29 KST","2026-10-05 10:57:14 KST","2026-10-05 10:57:14 KST","2026-10-05 10:57:14 KST",,a08xxx,2026-09-05,sw71.song@samsung.com,SRV,100.0,,,,SM-A086B,PHONE,,false,,No,SM4875,,SRV
4886047830048768,SKU,Approved,MR,false,samsung/a17xx/a17:17/CP2A.260605.016/A175FXXU7DZI9_OXM7DZI9:user/release-keys,XID,Indonesia,nam.dt1@samsung.com,endri.s@samsung.com,"2026-10-02 20:18:18 KST","2026-10-06 16:31:29 KST","2026-10-06 16:31:29 KST","2026-10-06 16:31:29 KST",,a17xx,2026-10-05,the.toan@samsung.com,SRV,100.0,A175FXXU7DZI9,A175FXXU7DZI9,A175FOXM7DZI9,SM-A175F,PHONE,"2026-10-05 18:00:00 KST",false,VARIANT,No,MT6789V/CD,,SRV
5352904064237568,NormalException,Approved,MR,false,samsung/q5qxxx/q5q:17/CP2A.260605.016/F946BXXU7HZIJ:user/release-keys,XID,Indonesia,huy.dn@samsung.com,endri.s@samsung.com,"2026-10-02 20:14:09 KST","2026-10-06 12:43:54 KST","2026-10-06 12:43:54 KST","2026-10-06 12:43:54 KST",,q5qxxx,2026-10-05,ccy2k@samsung.com,SRV,100.0,F946BXXU7HZIJ,F946BXXU7HZIJ,F946BOLE7HZIJ,SM-F946B,PHONE,"2026-10-05 18:00:00 KST",false,FULL,No,SM8550,,SRV
5616472449875968,SKU,Pending,MR,false,samsung/gts11xx/gts11:17/CP2A.260605.016/X736BXXU9CZI3_OXM9CZI3:user/release-keys,XID,Indonesia,yen.dt@samsung.com,endri.s@samsung.com,"2026-10-02 20:11:08 KST","2026-10-05 10:07:54 KST",,,,gts11xx,2026-09-05,yoonaa.kim@samsung.com,SRV,,X736BXXU9CZI3,X736BXXU9CZI3,X736BOXM9CZI3,SM-X736B,PHONE,"2026-10-05 18:00:00 KST",false,VARIANT,No,MT6991,,SRV
5556277946351616,SMR,Approved,SMR,,samsung/a14xmxx/a14xm:15/AP3A.240905.015.A2/A146PXXSKEZI2:user/release-keys,XID,Indonesia,approval.se@samsung.com,endri.s@samsung.com,"2026-10-02 19:55:52 KST","2026-10-02 21:01:51 KST","2026-10-02 20:39:10 KST","2026-10-02 21:01:51 KST",,a14xmxx,2026-07-05,danar.kurnia@samsung.com,SRV,100.0,A146PXXSKEZI2,A146PXXSKEZI2,A146POLEKEZI2,SM-A146P,PHONE,"2026-10-05 17:00:00 KST",false,,Yes,MT6833V/NZA,,SRV
6531094073835520,NormalException,Approved,MR,false,samsung/dm3qxxx/dm3q:17/CP2A.260605.016/S918BXXUAGZIF:user/release-keys,XID,Indonesia,vuong.hue@samsung.com,endri.s@samsung.com,"2026-10-02 19:54:05 KST","2026-10-05 18:37:49 KST","2026-10-05 18:37:49 KST","2026-10-05 18:37:49 KST",,dm3qxxx,2026-10-05,suyeon79.kim@samsung.com,SRV,100.0,S918BXXUAGZIF,S918BXXUAGZIF,S918BOLEAGZIF,SM-S918B,PHONE,"2026-10-05 18:00:00 KST",false,FULL,No,SM8550,,SRV
6151625123299328,Regular,Approved,LR,false,samsung/a16xlgt/a16x:17/CP2A.260605.016/A166LKSU8DZI2:user/release-keys,LUC,Korea,deeksha.s@samsung.com,ga1.sec@samsung.com,"2026-10-02 19:47:34 KST","2026-10-06 20:00:10 KST","2026-10-06 19:54:53 KST","2026-10-06 20:00:10 KST","2026-10-05 14:12:57 KST",a16xlgt,2026-09-05,ki_won.kim@samsung.com,HQ-Suwon,100.0,A166LKSU8DZI2,A166LKLU8DZI1,A166LLUC8DZI2,SM-A166L,PHONE,"2026-10-13 23:30:00 KST",false,FULL,Yes,s5e8535,LD,SRI-N
6487619794108416,NormalException,Pending,MR,false,samsung/b5qxxx/b5q:17/CP2A.260605.016/F731BXXU7HZIJ:user/release-keys,XID,Indonesia,tu.nv1@samsung.com,endri.s@samsung.com,"2026-10-02 19:32:21 KST","2026-10-07 12:02:39 KST",,,,b5qxxx,2026-10-05,yong_jin.kim@samsung.com,SRV,Reviewing,F731BXXU7HZIJ,F731BXXU7HZIJ,F731BOLE7HZIJ,SM-F731B,PHONE,"2026-10-05 18:00:00 KST",false,FULL,No,SM8550,,SRV
5400320503185408,Regular,Uploaded,LR,false,samsung/SCG30_jp_kdi/SCG30:17/CP2A.260605.016/SCG30KDU1EZIB:user/release-keys,"SJP,KDI",Japan,r1.rawat@samsung.com,suwonga2.sec@samsung.com,"2026-10-02 18:46:22 KST","2026-10-06 23:00:24 KST",,,"2026-10-06 21:32:22 KST",SCG30_jp_kdi,2026-09-05,jimipark@samsung.com,HQ-Suwon2,10.0,SCG30KDU1EZIB,SCG30KDU1EZIB,SCG30QDI1EZIB,SCG30,PHONE,"2026-10-13 23:30:00 KST",false,FULL,No,s5e9945,LD,SRI-N
4846600971354112,Vendor,Reviewed,,false,samsung/SCG30_jp_kdi/SCG30:14/UP1A.231005.007/SCG30KDU1EZIB:user/release-keys,,,r1.rawat@samsung.com,suwonga2.sec@samsung.com,"2026-10-02 18:44:40 KST","2026-10-06 23:00:12 KST","2026-10-06 21:28:06 KST",,,SCG30_jp_kdi,,jimipark@samsung.com,HQ-Suwon2,100.0,SCG30KDU1EZIB,,,SCG30,PHONE,"2026-10-05 19:00:00 KST",false,,No,s5e9945,,SRI-N
6126518405431296,NormalException,Approved,MR,false,samsung/q6qxxx/q6q:17/CP2A.260605.016/F956BXXU4EZIH:user/release-keys,XID,Indonesia,oanh.lt@samsung.com,endri.s@samsung.com,"2026-10-02 18:39:09 KST","2026-10-06 13:26:11 KST","2026-10-06 13:26:11 KST","2026-10-06 13:26:11 KST",,q6qxxx,2026-09-05,mailtolim@samsung.com,SRV,100.0,F956BXXU4EZIH,F956BXXU4EZIH,F956BOLE4EZIH,SM-F956B,PHONE,"2026-10-05 18:00:00 KST",false,FULL,No,SM8650,,SRV
5582464026411008,NormalException,Approved,MR,false,samsung/q5qxxx/q5q:17/CP2A.260605.016/F946BTBU7HZIJ:user/release-keys,"THL,XTC,XXV","Thailand,Philippines,Vietnam",thuynga.dt@samsung.com,srv.gba@samsung.com,"2026-10-02 18:38:26 KST","2026-10-05 11:27:32 KST","2026-10-05 11:27:32 KST","2026-10-05 11:27:32 KST",,q5qxxx,2026-10-05,xuanson.ng@samsung.com,SRV,100.0,F946BTBU7HZIJ,F946BXXU7HZIJ,F946BOXT7HZIJ,SM-F946B,PHONE,"2026-10-05 18:00:00 KST",false,FULL,No,SM8550,,SRV
5852348094349312,Vendor,Approved,,false,samsung/a16xlgt/a16x:13/TP1A.220624.014/A166LKSU8DZI2:user/release-keys,,,deeksha.s@samsung.com,ga1.sec@samsung.com,"2026-10-02 18:24:18 KST","2026-10-07 00:00:06 KST","2026-10-05 13:59:46 KST","2026-10-07 00:00:06 KST",,a16xlgt,,ki_won.kim@samsung.com,HQ-Suwon,100.0,A166LKSU8DZI2,,,SM-A166L,PHONE,"2026-10-05 19:00:00 KST",false,,No,s5e8535,,SRI-N
5160251561345024,SafetyNet,Approved,,,samsung/a55xnaxx/a55x:17/CP2A.260605.016/A556BXXUIEZJ1:user/release-keys,,,,srv.gba@samsung.com,"2026-10-02 18:22:38 KST","2026-10-02 18:23:03 KST",,"2026-10-02 18:23:03 KST",,a55xnaxx,2026-10-05,huy.leu@samsung.com,SRV,100.0,,,,SM-A556B,,,false,,No,s5e8845,,
6735340387958784,SafetyNet,Approved,,,samsung/a55xnaeea/a55x:17/CP2A.260605.016/A556BXXUIEZJ1:user/release-keys,,,,srv.gba@samsung.com,"2026-10-02 18:22:27 KST","2026-10-02 18:22:41 KST",,"2026-10-02 18:22:41 KST",,a55xnaeea,2026-10-05,theanh.tr@samsung.com,SRV,100.0,,,,SM-A556B,,,false,,No,s5e8845,,
6494614282567680,NormalException,Approved,MR,false,samsung/dm3qxxx/dm3q:17/CP2A.260605.016/S918BXXUAGZIF:user/release-keys,"ACR,AFG,AFR,CAU,DKR,ECT,EGY,EUY,FWD,GLB,ILO,ILP,KSA,LYS,MBM,MID,MM1,MSR,MWD,OPS,PKD,SEK,SIN,SKZ,STH,TEL,THL,TOP,TUN,VAU,XFA,XFE,XFV,XME,XNZ,XSA,XSG,XSP,XTC,XXV","Ghana,Afghanistan,Gabon,Senegal,Tanzania,Uganda,Democratic Republic of the Congo,Kenya,Armenia,Azerbaijan,Georgia,Nigeria,Egypt,Kosovo,Macedonia,Serbia,Bosnia and Herzegovina,Montenegro,Albania,Morocco,Philippines,Israel,Saudi Arabia,Libya,Iraq,Singapore,Australia,Pakistan,Ukraine,Kazakhstan,Myanmar,Cambodia,Thailand,Laos,Tunisia,South Africa,Malaysia,New Zealand,United Arab Emirates,Vietnam",ng.thanhtuan@samsung.com,srv.gba@samsung.com,"2026-10-02 18:17:28 KST","2026-10-05 12:44:55 KST","2026-10-05 12:44:55 KST","2026-10-05 12:44:55 KST",,dm3qxxx,2026-10-05,suyeon79.kim@samsung.com,SRV,100.0,S918BXXUAGZIF,S918BXXUAGZIF,S918BOXMAGZIF,SM-S918B,PHONE,"2026-10-02 23:30:00 KST",false,FULL,No,SM8550,,SRV
6575895464902656,Vendor,Submitted,,false,samsung/gta11pxx/gta11p:14/UP1A.231005.007/X236BXXU7CZJ1:user/release-keys,,,bich.hanh@samsung.com,gumi.ga1.sec@samsung.com,"2026-10-02 18:16:22 KST","2026-10-02 19:02:44 KST",,,,gta11pxx,,faith.choi@samsung.com,HQ-Gumi,,X236BXXU7CZJ1,,,SM-X236B,TABLET,"2026-10-05 19:00:00 KST",false,,No,MT8775,,SRV
5746695858290688,Vendor,Pending,,false,samsung/gts11kx/gts11:15/AP3A.240905.015.A2/X736NKOU9CZI4:user/release-keys,,,vishnu.d@samsung.com,suwonga2.sec@samsung.com,"2026-10-02 18:14:35 KST","2026-10-05 19:10:53 KST",,,,gts11kx,,hyundong9245.kim@samsung.com,HQ-Suwon2,Reviewing,X736NKOU9CZI4,,,SM-X736N,TABLET,"2026-10-05 19:00:00 KST",false,,No,MT6991,,SRI-N
4599569820418048,SafetyNet,Approved,,,samsung/origin16wifixx/origin16wifi:17/CP4A.260831.006/XE960XSAXXU0AZJ1_OXM0AZJ1:user/release-keys,,,,suwonga2.sec@samsung.com,"2026-10-02 17:54:06 KST","2026-10-02 17:54:25 KST",,"2026-10-02 17:54:25 KST",,origin16wifixx,2026-10-05,suwonga2.sec@samsung.com,HQ-Suwon2,100.0,,,,XE960XSA,,,false,,No,"X Elite SC8380XP X1E-80-100",,
4512654983168000,Regular,Approved,MR,false,samsung/q5qksx/q5q:17/CP2A.260605.016/F946NKSU6HZIJ:user/release-keys,"KOO,LUC,KTC,SKC",Korea,umesh.k@samsung.com,gumi.ga1.sec@samsung.com,"2026-10-02 17:47:24 KST","2026-10-06 14:00:59 KST","2026-10-06 13:45:32 KST","2026-10-06 14:00:59 KST",,q5qksx,2026-10-05,hyunchul0221.jung@samsung.com,HQ-Gumi,100.0,F946NKSU6HZIJ,F946NKSU6HZIJ,F946NOKR6HZIJ,SM-F946N,PHONE,"2026-10-05 20:00:00 KST",false,FULL,Yes,SM8550,,SRI-N
5341666617851904,SMR,Approved,SMR,,samsung/a08xx/a08:17/CP2A.260605.016/A085FXXS2AZI1_OLM2AZI1:user/release-keys,XID,Indonesia,approval.se@samsung.com,endri.s@samsung.com,"2026-10-02 17:39:47 KST","2026-10-02 18:35:07 KST","2026-10-02 18:09:10 KST","2026-10-02 18:35:07 KST",,a08xx,2026-09-05,danar.kurnia@samsung.com,SRV,100.0,A085FXXS2AZI1,A085FXXS2AZI1,A085FOLM2AZI1,SM-A085F,PHONE,"2026-10-02 21:00:00 KST",false,,Yes,MT6789V/CD,,SRV
5761405584408576,Vendor,Reviewed,,false,samsung/a25xxx/a25x:15/AP3A.240905.015.A2/A256BXXUEFZJ1:user/release-keys,,,yen.dt@samsung.com,srv.gba@samsung.com,"2026-10-02 17:31:42 KST","2026-10-05 14:00:25 KST","2026-10-05 13:42:55 KST",,,a25xxx,,vhieu.ng@samsung.com,SRV,100.0,A256BXXUEFZJ1,,,SM-A256B,PHONE,"2026-10-02 22:30:00 KST",false,,No,s5e8825,,SRV
4907968470712320,SMR,Approved,SMR,,samsung/a07ub/a07:16/BP4A.251205.006/A075MUBS7CZJ1_OWO7CZJ1:user/release-keys,"ARO,BVO,CTI,CTP,CTU,IUS,MXO,PSN,PSP,TCE,TGP,UFN,UFU,UPO,UYO,ZTM,ZTO,ZVV","Argentina,Bolivia,Paraguay,Uruguay,Mexico,Brazil",approval.se@samsung.com,googleapproval.sidia@samsung.com,"2026-10-02 17:10:39 KST","2026-10-02 23:00:42 KST","2026-10-02 17:39:23 KST","2026-10-02 23:00:42 KST",,a07ub,2026-09-05,aglair.p@samsung.com,SIDIA,100.0,A075MUBS7CZJ1,A075MUBS7CZJ1,A075MOWO7CZJ1,SM-A075M,PHONE,"2026-10-03 02:00:00 KST",false,,Yes,MT6789V/CD,,SIDIA
6171454299439104,NormalException,Approved,MR,false,samsung/dm2qxxx/dm2q:17/CP2A.260605.016/S916BXXUAGZIF:user/release-keys,"ACR,AFG,AFR,DKR,ECT,EGY,EUY,FWD,GLB,ILO,ILP,KSA,LYS,MBM,MID,MM1,MSR,SEK,SIN,SKZ,STH,TEL,THL,TOP,TUN,VAU,XFA,XFV,XSA,XSG,XSP,XTC","Ghana,Afghanistan,Gabon,Senegal,Tanzania,Uganda,Democratic Republic of the Congo,Kenya,Nigeria,Egypt,Kosovo,Macedonia,Serbia,Bosnia and Herzegovina,Montenegro,Albania,Morocco,Philippines,Israel,Saudi Arabia,Libya,Iraq,Singapore,Ukraine,Kazakhstan,Australia,Myanmar,Cambodia,Thailand,Laos,Tunisia,South Africa,United Arab Emirates",ducmanh.ng1@samsung.com,srv.gba@samsung.com,"2026-10-02 17:08:54 KST","2026-10-05 15:21:47 KST","2026-10-05 15:21:47 KST","2026-10-05 15:21:47 KST",,dm2qxxx,2026-10-05,suyeon79.kim@samsung.com,SRV,100.0,S916BXXUAGZIF,S916BXXUAGZIF,S916BOXMAGZIF,SM-S916B,PHONE,"2026-10-02 23:30:00 KST",false,FULL,No,SM8550,,SRV
5937327444852736,Regular,Approved,MR,true,samsung/projectv2ulkx/projectv2ul:17/CP2A.260330.023/L715NKOU1AZH7:user/release-keys,KOO,Korea,ducmanh.ng1@samsung.com,suwonga2.sec@samsung.com,"2026-10-02 16:53:03 KST","2026-10-03 00:35:59 KST","2026-10-02 18:42:29 KST","2026-10-03 00:35:59 KST",,projectv2ulkx,2026-08-05,bhmoon@samsung.com,HQ-Suwon2,100.0,L715NKOU1AZH7,L715NKOU1AZH7,L715NOKR1AZH7,SM-L715N,WEARABLE,"2026-10-03 00:00:00 KST",false,FULL,No,SW6100,,SRV
6421407168987136,Regular,Uploaded,LR,false,samsung/a25xeea/a25x:17/CP2A.260605.016/A256BXXUEFZJ1:user/release-keys,EUX,"Romania,Hungary,United Kingdom,Switzerland,Portugal,Spain,Greece,Austria,Czech Republic,Latvia,Netherlands,Sweden,Belgium,Poland,Italy,Slovakia,Bulgaria,France,Germany,Croatia",yen.dt@samsung.com,srv.gba@samsung.com,"2026-10-02 16:49:29 KST","2026-10-05 16:00:42 KST",,,"2026-10-05 15:25:31 KST",a25xeea,2026-10-05,vhieu.ng@samsung.com,SRV,10.0,A256BXXUEFZJ1,A256BXXUEFZJ1,A256BOXMEFZJ1,SM-A256B,PHONE,"2026-10-13 23:30:00 KST",false,VARIANT,No,s5e8825,LV,SRV
5781697425833984,SafetyNet,Approved,,,samsung/gts11kx/gts11:17/CP2A.260605.016/X736NKOU9ZZI5_KOO9ZZI5:user/release-keys,,,,suwonga2.sec@samsung.com,"2026-10-02 16:08:23 KST","2026-10-02 16:08:45 KST",,"2026-10-02 16:08:45 KST",,gts11kx,2026-09-05,ym2005.park@samsung.com,HQ-Suwon2,100.0,,,,SM-X736N,,,false,,No,MT6991,,
5287861079506944,SMR,Rejected,SMR,,samsung/a14xmxx/a14xm:15/AP3A.240905.015.A2/A146PXXSKEZI2:user/release-keys,XID,Indonesia,hoai.nt4@samsung.com,endri.s@samsung.com,"2026-10-02 15:25:32 KST","2026-10-07 09:46:35 KST","2026-10-07 09:46:35 KST",,,a14xmxx,2026-07-05,danar.kurnia@samsung.com,SRV,100.0,A146PXXSKEZI2,A146PXXSKEZI2,A146POLMKEZI2,SM-A146P,PHONE,"2026-10-02 21:00:00 KST",false,,No,MT6833V/NZA,,SRV
6169672424882176,Regular,Approved,MR,true,samsung/SC-52F/SC-52F:17/CP2A.260605.016/SC52FOMU1DZIF_QCM1DZIF:user/release-keys,"SJP,DCM",Japan,oanh.lt@samsung.com,suwonga2.sec@samsung.com,"2026-10-02 15:08:23 KST","2026-10-02 23:00:14 KST","2026-10-02 16:47:57 KST","2026-10-02 23:00:14 KST",,SC-52F,2026-09-05,chjo@samsung.com,HQ-Suwon2,100.0,SC52FOMU1DZIF,SC52FOMU1DZIF,SC52FQCM1DZIF,SC-52F,PHONE,"2026-10-03 00:00:00 KST",false,FULL,Yes,SM8750,,SRV
4626642274353152,SMR,Approved,SMR,,samsung/a18mxx/a18m:17/CP2A.260605.016/A185GXXS1AZJ1_VFJ1AZJ1:user/release-keys,"VFJ,XME","New Zealand,Malaysia",approval.se@samsung.com,srv.gba@samsung.com,"2026-10-02 15:02:44 KST","2026-10-02 20:36:14 KST","2026-10-02 15:39:09 KST","2026-10-02 20:36:14 KST",,a18mxx,2026-10-05,dung.lv2@samsung.com,SRV,100.0,A185GXXS1AZJ1,A185GXXS1AZJ1,A185GVFJ1AZJ1,SM-A185G,PHONE,"2026-10-02 21:00:00 KST",false,,Yes,MT6789V/CD,,SRV
6106283002560512,Regular,Approved,MR,true,samsung/pa3qjpnw/pa3q:17/CP2A.260605.016/S938QOPU1DZIF_SJP1DZIF:user/release-keys,SJP,Japan,ng.thanhtuan@samsung.com,suwonga2.sec@samsung.com,"2026-10-02 14:44:56 KST","2026-10-02 23:02:32 KST","2026-10-02 16:58:39 KST","2026-10-02 23:02:32 KST",,pa3qjpnw,2026-09-05,chjo@samsung.com,HQ-Suwon2,100.0,S938QOPU1DZIF,S938QOPU1DZIF,S938QSJP1DZIF,SM-S938Q,PHONE,"2026-10-03 00:00:00 KST",false,FULL,Yes,SM8750,,SRV
5350871672291328,Vendor,Approved,,false,samsung/pa3qjpnw/pa3q:15/AP3A.240905.015.A2/S938QOPU1DZIF:user/release-keys,,,ng.thanhtuan@samsung.com,suwonga2.sec@samsung.com,"2026-10-02 14:43:20 KST","2026-10-03 00:00:02 KST","2026-10-02 16:48:40 KST","2026-10-03 00:00:02 KST",,pa3qjpnw,,chjo@samsung.com,HQ-Suwon2,100.0,S938QOPU1DZIF,,,SM-S938Q,PHONE,"2026-10-02 23:00:00 KST",false,,No,SM8750,,SRV
5336040747565056,Regular,Cancelled,MR,false,samsung/a55xnsxx/a55x:17/CP2A.260605.016/A556EXXUIEZI8:user/release-keys,SKZ,"Mongolia,Uzbekistan,Kazakhstan,Turkmenistan,Kyrgyzstan,Tajikistan",khanh.toan@samsung.com,srv.gba@samsung.com,"2026-10-02 14:37:23 KST","2026-10-02 15:44:29 KST",,,,a55xnsxx,2026-10-05,chien.ngoc@samsung.com,SRV,100.0,A556EXXUIEZI8,A556EXXUIEZI8,A556EOXEIEZI8,SM-A556E,PHONE,"2026-10-02 23:30:00 KST",false,FULL,No,s5e8845,,SRV
4525193167110144,Regular,Approved,MR,true,samsung/pa3qsbmw/pa3q:17/CP2A.260605.016/S938ZSCU1DZIF_QBM1DZIF:user/release-keys,"SJP,SBM",Japan,ly.ltt@samsung.com,suwonga2.sec@samsung.com,"2026-10-02 13:44:38 KST","2026-10-02 21:36:09 KST","2026-10-02 16:51:34 KST","2026-10-02 21:36:09 KST",,pa3qsbmw,2026-09-05,jimipark@samsung.com,HQ-Suwon2,100.0,S938ZSCU1DZIF,S938ZSCU1DZIF,S938ZQBM1DZIF,SM-S938Z,PHONE,"2026-10-03 00:00:00 KST",false,FULL,Yes,SM8750,,SRV
5537887768805376,Regular,Approved,MR,true,samsung/pa1qjpnx/pa1q:17/CP2A.260605.016/S931QOPU1DZIF_SJP1DZIF:user/release-keys,SJP,Japan,nam.dt1@samsung.com,suwonga2.sec@samsung.com,"2026-10-02 13:44:10 KST","2026-10-02 21:36:50 KST","2026-10-02 18:05:34 KST","2026-10-02 21:36:50 KST",,pa1qjpnx,2026-09-05,chjo@samsung.com,HQ-Suwon2,100.0,S931QOPU1DZIF,S931QOPU1DZIF,S931QSJP1DZIF,SM-S931Q,PHONE,"2026-10-03 00:00:00 KST",false,FULL,Yes,SM8750,,SRV
4589369675743232,Vendor,Approved,,false,samsung/pa1qjpnx/pa1q:15/AP3A.240905.015.A2/S931QOPU1DZIF:user/release-keys,,,nam.dt1@samsung.com,suwonga2.sec@samsung.com,"2026-10-02 13:42:51 KST","2026-10-03 00:00:02 KST","2026-10-02 18:02:59 KST","2026-10-03 00:00:02 KST",,pa1qjpnx,,chjo@samsung.com,HQ-Suwon2,100.0,S931QOPU1DZIF,,,SM-S931Q,PHONE,"2026-10-02 23:00:00 KST",false,,No,SM8750,,SRV
5490968807866368,Vendor,Submitted,,false,samsung/h8qksx/h8q:16/BP2A.250605.031.A3/F971NKSU3AZIL:user/release-keys,,,vishnu.d@samsung.com,gumi.ga2.sec@samsung.com,"2026-10-02 13:35:40 KST","2026-10-02 14:22:40 KST",,,,h8qksx,,hyunchul0221.jung@samsung.com,HQ-Gumi,,F971NKSU3AZIL,,,SM-F971N,PHONE,"2026-10-02 23:00:00 KST",false,,No,SM8850,,SRI-N
6457739639521280,SKU,Approved,MR,false,samsung/a36xqnaxx/a36xq:17/CP2A.260605.016/A366BXXUCDZIF_OLMCDZIF:user/release-keys,XID,Indonesia,ly.ltt@samsung.com,endri.s@samsung.com,"2026-10-02 13:16:19 KST","2026-10-02 15:04:22 KST","2026-10-02 15:04:22 KST","2026-10-02 15:04:22 KST",,a36xqnaxx,2026-09-05,hai.td1@samsung.com,SRV,100.0,A366BXXUCDZIF,A366BXXUCDZIF,A366BOLMCDZIF,SM-A366B,PHONE,"2026-10-02 20:00:00 KST",false,VARIANT,No,SM6475,,SRV
5304382946279424,NormalException,Approved,MR,false,samsung/b5qxxx/b5q:17/CP2A.260605.016/F731BXXU7HZIJ:user/release-keys,"TEL,XTC,MWD,ILP,MSR,XFA,AFR,TOP,VAU,XSG,KSA,GLB,MM1,ILO,XSA,TUN,AFG,CAU,SIN,STH,XFV,PKD,LYS,MBM,FWD,XNZ,XSP,SKZ,XME,MID,XXV,SEK,OPS,EGY,ECT,DKR,THL,ACR","Australia,Philippines,Morocco,Israel,Serbia,South Africa,Gabon,Senegal,Tanzania,Uganda,Democratic Republic of the Congo,Kenya,United Arab Emirates,Saudi Arabia,Singapore,Tunisia,Afghanistan,Armenia,Azerbaijan,Georgia,Pakistan,Libya,Macedonia,New Zealand,Kazakhstan,Malaysia,Iraq,Vietnam,Ukraine,Egypt,Nigeria,Myanmar,Cambodia,Thailand,Laos,Ghana",nam.dt1@samsung.com,thuong.nv1@samsung.com,"2026-10-02 13:13:51 KST","2026-10-05 17:43:51 KST","2026-10-05 17:43:51 KST","2026-10-05 17:43:51 KST",,b5qxxx,2026-10-05,yong_jin.kim@samsung.com,SRV,100.0,F731BXXU7HZIJ,F731BXXU7HZIJ,F731BOXM7HZIJ,SM-F731B,PHONE,"2026-10-02 21:30:00 KST",false,FULL,No,SM8550,,SRV
5880986198081536,Vendor,Cancelled,,false,samsung/a55xnsxx/a55x:14/UP1A.231005.007/A556EXXUIEZI8:user/release-keys,,,bich.hanh@samsung.com,srv.gba@samsung.com,"2026-10-02 13:11:32 KST","2026-10-02 15:44:23 KST",,,,a55xnsxx,,chien.ngoc@samsung.com,SRV,100.0,A556EXXUIEZI8,,,SM-A556E,PHONE,"2026-10-02 20:30:00 KST",false,,No,s5e8845,,SRV
6471543597301760,Regular,Cancelled,MR,false,samsung/a55xnsser/a55x:17/CP2A.260605.016/A556EXXUIEZI8:user/release-keys,SER,"Belarus,Russia",huy.dn@samsung.com,srv.gba@samsung.com,"2026-10-02 13:10:16 KST","2026-10-05 12:10:29 KST",,,,a55xnsser,2026-10-05,chien.ngoc@samsung.com,SRV,100.0,A556EXXUIEZI8,A556EXXUIEZI8,A556EOXEIEZI8,SM-A556E,PHONE,"2026-10-02 21:30:00 KST",false,VARIANT,No,s5e8845,,SRV
4730260675624960,Regular,Cancelled,MR,false,samsung/a55xnstur/a55x:17/CP2A.260605.016/A556EXXUIEZI8:user/release-keys,TUR,"Turkey,Türkiye",yen.dt@samsung.com,srv.gba@samsung.com,"2026-10-02 13:10:08 KST","2026-10-05 10:59:37 KST","2026-10-02 15:05:26 KST",,,a55xnstur,2026-10-05,chien.ngoc@samsung.com,SRV,100.0,A556EXXUIEZI8,A556EXXUIEZI8,A556EOXEIEZI8,SM-A556E,PHONE,"2026-10-02 21:30:00 KST",false,VARIANT,No,s5e8845,,SRV
6637870567915520,SafetyNet,Approved,,,samsung/on4qsqw/on4q:17/CP4A.260831.006/S958USQU0AZJ1_OYN0AZJ1:user/release-keys,,,,ga1.sec@samsung.com,"2026-10-02 12:47:33 KST","2026-10-02 12:47:54 KST",,"2026-10-02 12:47:54 KST",,on4qsqw,2026-10-05,ga1.sec@samsung.com,HQ-Suwon,100.0,,,,SM-S958U,,,false,,No,SM8975,,
4614348802883584,Vendor,Submitted,,false,samsung/a55xnaxx/a55x:14/UP1A.231005.007/A556BXXUIEZI8:user/release-keys,,,bich.hanh@samsung.com,srv.gba@samsung.com,"2026-10-02 12:46:48 KST","2026-10-02 13:20:35 KST",,,,a55xnaxx,,thang.nv12@samsung.com,SRV,,A556BXXUIEZI8,,,SM-A556B,PHONE,"2026-10-02 20:30:00 KST",false,,No,s5e8845,,SRV
6655042384035840,Regular,Rejected,MR,false,samsung/a16nsxx/a16:17/CP2A.260605.016/A165FXXUBEZI8:user/release-keys,XXV,Vietnam,vuong.hue@samsung.com,srv.gba@samsung.com,"2026-10-02 12:46:39 KST","2026-10-06 17:21:22 KST","2026-10-06 17:21:22 KST",,,a16nsxx,2026-10-05,dat.tien@samsung.com,SRV,100.0,A165FXXUBEZI8,A165FXXUBEZI8,A165FOLMBEZI8,SM-A165F,PHONE,"2026-10-02 21:30:00 KST",false,FULL,No,MT6789V/CD,,SRV
6744565977710592,Regular,Approved,MR,false,samsung/b5qxxx/b5q:17/CP2A.260605.016/F731BTBU7HZIJ:user/release-keys,EUY,"Kosovo,Macedonia,Serbia,Bosnia and Herzegovina,Montenegro,Albania",tu.nv1@samsung.com,srv.gba@samsung.com,"2026-10-02 12:37:24 KST","2026-10-02 21:01:19 KST","2026-10-02 17:31:59 KST","2026-10-02 21:01:19 KST",,b5qxxx,2026-10-05,dat.tien@samsung.com,SRV,100.0,F731BTBU7HZIJ,F731BXXU7HZIJ,F731BOXT7HZIJ,SM-F731B,PHONE,"2026-10-02 21:30:00 KST",false,FULL,Yes,SM8550,,SRV
5296655360589824,Vendor,Approved,,false,samsung/b5qxxx/b5q:13/TP1A.220624.014/F731BTBU7HZIJ:user/release-keys,,,tu.nv1@samsung.com,srv.gba@samsung.com,"2026-10-02 12:24:34 KST","2026-10-03 00:00:02 KST","2026-10-02 16:43:45 KST","2026-10-03 00:00:02 KST",,b5qxxx,,dat.tien@samsung.com,SRV,100.0,F731BTBU7HZIJ,,,SM-F731B,PHONE,"2026-10-02 20:30:00 KST",false,,No,SM8550,,SRV
5132985565446144,SMR,Approved,SMR,,samsung/a05mxx/a05m:15/AP3A.240905.015.A2/A055FXXSIDZI3:user/release-keys,XID,Indonesia,approval.se@samsung.com,endri.s@samsung.com,"2026-10-02 12:19:58 KST","2026-10-02 13:35:38 KST","2026-10-02 13:09:14 KST","2026-10-02 13:35:38 KST",,a05mxx,2026-07-05,danar.kurnia@samsung.com,SRV,100.0,A055FXXSIDZI3,A055FXXSIDZI3,A055FOLEIDZI3,SM-A055F,PHONE,"2026-10-02 19:00:00 KST",false,,Yes,MT6769V/WY,,SRV
6056105050636288,SafetyNet,Approved,,,samsung/a17xlgt/a17x:17/CP2A.260605.016/A176LKSU4CZJ1_LUC4CZJ1:user/release-keys,,,,ga1.sec@samsung.com,"2026-10-02 12:10:49 KST","2026-10-02 12:11:09 KST",,"2026-10-02 12:11:09 KST",,a17xlgt,2026-10-05,ga1.sec@samsung.com,HQ-Suwon,100.0,,,,SM-A176L,,,false,,No,s5e8535,,
5337191094157312,Regular,Approved,MR,true,samsung/a57xsbm/a57x:17/CP2A.260605.016/A576ZSCU1BZIF_QBM1BZIF:user/release-keys,SBM,Japan,thuynga.dt@samsung.com,suwonga2.sec@samsung.com,"2026-10-02 12:04:40 KST","2026-10-02 18:01:36 KST","2026-10-02 16:38:55 KST","2026-10-02 18:01:36 KST",,a57xsbm,2026-09-05,suhyun78.kim@samsung.com,HQ-Suwon2,100.0,A576ZSCU1BZIF,A576ZSCU1BZIF,A576ZQBM1BZIF,SM-A576Z,PHONE,"2026-10-02 22:00:00 KST",false,FULL,Yes,s5e8865,,SRV
6008658261704704,Regular,Approved,MR,false,samsung/q5qksx/q5q:17/CP2A.260605.016/F946NTBU6HZIJ:user/release-keys,KOO,Korea,ruchi.joshi@samsung.com,nh4693.jung@samsung.com,"2026-10-02 11:19:15 KST","2026-10-06 15:35:12 KST","2026-10-06 15:12:29 KST","2026-10-06 15:35:12 KST",,q5qksx,2026-10-05,hyunchul0221.jung@samsung.com,HQ-Gumi,100.0,F946NTBU6HZIJ,F946NKSU6HZIJ,F946NOKT6HZIJ,SM-F946N,PHONE,"2026-10-02 22:00:00 KST",false,FULL,Yes,SM8550,,SRI-N
5154447047262208,SMR,Approved,SMR,,samsung/a18mxx/a18m:17/CP2A.260605.016/A185GXXS1AZJ1_PNG1AZJ1:user/release-keys,"PNG,XME","New Zealand,Malaysia",approval.se@samsung.com,srv.gba@samsung.com,"2026-10-02 11:17:52 KST","2026-10-02 16:01:09 KST","2026-10-02 11:39:06 KST","2026-10-02 16:01:09 KST",,a18mxx,2026-10-05,dung.lv2@samsung.com,SRV,100.0,A185GXXS1AZJ1,A185GXXS1AZJ1,A185GPNG1AZJ1,SM-A185G,PHONE,,false,,Yes,MT6789V/CD,,SRV
5803917304922112,SMR,Approved,SMR,,samsung/a18mxx/a18m:17/CP2A.260605.016/A185GXXS1AZJ1_OLM1AZJ1:user/release-keys,"GLB,MM1,SIN,STH,THL,TLP,XNZ,XSA,XSP,XTC,XXV","Philippines,Singapore,Myanmar,Cambodia,Thailand,Laos,Australia,New Zealand,Vietnam",approval.se@samsung.com,srv.gba@samsung.com,"2026-10-02 11:17:05 KST","2026-10-02 12:00:33 KST","2026-10-02 11:49:31 KST","2026-10-02 12:00:05 KST",,a18mxx,2026-10-05,dung.lv2@samsung.com,SRV,100.0,A185GXXS1AZJ1,A185GXXS1AZJ1,A185GOLM1AZJ1,SM-A185G,PHONE,"2026-10-02 19:00:00 KST",false,,Yes,MT6789V/CD,,SRV
5100229863145472,SMR,Approved,SMR,,samsung/a05mser/a05m:15/AP3A.240905.015.A2/A055FXXSIDZI3:user/release-keys,SER,"Belarus,Russia",approval.se@samsung.com,srv.gba@samsung.com,"2026-10-02 11:00:28 KST","2026-10-02 12:01:17 KST","2026-10-02 11:50:10 KST","2026-10-02 12:01:17 KST",,a05mser,2026-07-05,tran.minh@samsung.com,SRV,100.0,A055FXXSIDZI3,A055FXXSIDZI3,A055FOXMIDZI3,SM-A055F,PHONE,"2026-10-02 19:00:00 KST",false,,Yes,MT6769V/WY,,SRV
6615725984972800,SMR,Approved,SMR,,samsung/a05mtur/a05m:15/AP3A.240905.015.A2/A055FXXSIDZI3:user/release-keys,TUR,Turkey,approval.se@samsung.com,srv.gba@samsung.com,"2026-10-02 10:59:55 KST","2026-10-02 12:35:10 KST","2026-10-02 11:59:29 KST","2026-10-02 12:35:10 KST",,a05mtur,2026-07-05,minh.nq3@samsung.com,SRV,100.0,A055FXXSIDZI3,A055FXXSIDZI3,A055FOJMIDZI3,SM-A055F,PHONE,"2026-10-02 19:00:00 KST",false,,Yes,MT6769V/WY,,SRV
4703519437488128,SMR,Approved,SMR,,samsung/a18mxx/a18m:17/CP2A.260605.016/A185GXXS1AZJ1_OJM1AZJ2:user/release-keys,"KSA,MID,TUN,XME,XSG","Saudi Arabia,Lebanon,Iraq,Jordan,Syria,Tunisia,Malaysia,Qatar,United Arab Emirates,Kuwait,Bahrain,Oman",approval.se@samsung.com,srv.gba@samsung.com,"2026-10-02 10:58:07 KST","2026-10-02 16:01:50 KST","2026-10-02 12:00:26 KST","2026-10-02 16:01:50 KST",,a18mxx,2026-10-05,anh.ntc@samsung.com,SRV,100.0,A185GXXS1AZJ1,A185GXXS1AZJ1,A185GOJM1AZJ2,SM-A185G,PHONE,"2026-10-02 19:00:00 KST",false,,Yes,MT6789V/CD,,SRV
6448746514874368,SMR,Approved,SMR,,samsung/a18mxx/a18m:17/CP2A.260605.016/A185GXXS1AZJ1_OJM1AZJ1:user/release-keys,"ACR,AFR,DKR,ECT,EGY,MWD,PKD,TKD,XFA,XFV,XME","Ghana,Kenya,Senegal,Nigeria,Egypt,Morocco,Pakistan,Algeria,South Africa,Zambia,Mauritius,Malaysia",approval.se@samsung.com,srv.gba@samsung.com,"2026-10-02 10:58:04 KST","2026-10-02 15:36:45 KST","2026-10-02 12:09:17 KST","2026-10-02 15:36:45 KST",,a18mxx,2026-10-05,anh.ntc@samsung.com,SRV,100.0,A185GXXS1AZJ1,A185GXXS1AZJ1,A185GOJM1AZJ1,SM-A185G,PHONE,"2026-10-02 19:00:00 KST",false,,Yes,MT6789V/CD,,SRV
5738970084540416,Vendor,Approved,,false,samsung/pa3qsbmw/pa3q:15/AP3A.240905.015.A2/S938ZSCU1DZIF:user/release-keys,,,ly.ltt@samsung.com,suwonga2.sec@samsung.com,"2026-10-02 10:55:20 KST","2026-10-03 00:00:03 KST","2026-10-02 16:49:23 KST","2026-10-03 00:00:03 KST",,pa3qsbmw,,jimipark@samsung.com,HQ-Suwon2,100.0,S938ZSCU1DZIF,,,SM-S938Z,PHONE,"2026-10-02 21:00:00 KST",false,,No,SM8750,,SRV
6499890381455360,Regular,Approved,MR,false,samsung/b5qxxx/b5q:17/CP2A.260605.016/F731BTCU7HZIJ:user/release-keys,EUY,"Kosovo,Macedonia,Serbia,Bosnia and Herzegovina,Montenegro,Albania",oanh.lt@samsung.com,doan.truong1@samsung.com,"2026-10-02 10:49:53 KST","2026-10-02 20:35:05 KST","2026-10-02 20:07:55 KST","2026-10-02 20:35:05 KST",,b5qxxx,2026-10-05,dat.tien@samsung.com,SRV,100.0,F731BTCU7HZIJ,F731BXXU7HZIJ,F731BOSW7HZIJ,SM-F731B,PHONE,"2026-10-02 21:30:00 KST",false,FULL,Yes,SM8550,,SRV
6568867455565824,SMR,On_Hold,SMR,,samsung/a34xdxx/a34x:16/BP4A.251205.006/A346EXXSGFZJ1:user/release-keys,"CAL,GLB,MM1,MYM,OPS,SIN,STH,TEL,THL,VAU,XME,XNZ,XSA,XSP,XTC,XXV","Cambodia,Philippines,Singapore,Myanmar,Australia,Thailand,Laos,Malaysia,New Zealand,Vietnam",approval.se@samsung.com,srv.gba@samsung.com,"2026-10-02 10:19:12 KST","2026-10-02 11:08:43 KST","2026-10-02 11:08:43 KST",,,a34xdxx,2026-10-05,phan.ttrang@samsung.com,SRV,100.0,A346EXXSGFZJ1,A346EXXSGFZJ1,A346EOLMGFZJ1,SM-A346E,PHONE,"2026-10-02 19:00:00 KST",false,,No,MT6877V/TTZA,,SRV
6053119360499712,SMR,On_Hold,SMR,,samsung/a34xdxx/a34x:16/BP4A.251205.006/A346EXXSGFZJ1:user/release-keys,"CAU,SEK,SKZ","Armenia,Azerbaijan,Georgia,Ukraine,Moldova,Mongolia,Uzbekistan,Kazakhstan,Turkmenistan,Tajikistan,Kyrgyzstan",approval.se@samsung.com,srv.gba@samsung.com,"2026-10-02 10:18:51 KST","2026-10-02 11:18:43 KST","2026-10-02 11:18:43 KST",,,a34xdxx,2026-10-05,phan.ttrang@samsung.com,SRV,100.0,A346EXXSGFZJ1,A346EXXSGFZJ1,A346EOXEGFZJ1,SM-A346E,PHONE,"2026-10-02 19:00:00 KST",false,,No,MT6877V/TTZA,,SRV
4698522847019008,SMR,On_Hold,SMR,,samsung/a34xdxx/a34x:16/BP4A.251205.006/A346EXXSGFZJ1:user/release-keys,"ACR,AFG,AFR,DKR,ECT,EGY,FWD,ILO,ILP,KSA,LYS,MID,MWD,PAK,PKD,TUN,XFA,XFE,XFV,XSG","Ghana,Afghanistan,Kenya,Senegal,Nigeria,Egypt,Morocco,Israel,Palestine,Saudi Arabia,Libya,Lebanon,Iraq,Jordan,Pakistan,Tunisia,South Africa,Zambia,Mauritius,Qatar,United Arab Emirates,Kuwait,Bahrain,Oman",approval.se@samsung.com,srv.gba@samsung.com,"2026-10-02 10:18:28 KST","2026-10-02 10:38:43 KST","2026-10-02 10:38:43 KST",,,a34xdxx,2026-10-05,phan.ttrang@samsung.com,SRV,100.0,A346EXXSGFZJ1,A346EXXSGFZJ1,A346EOJMGFZJ1,SM-A346E,PHONE,,false,,No,MT6877V/TTZA,,SRV
6632421193940992,SMR,On_Hold,SMR,,samsung/a34xdtur/a34x:16/BP4A.251205.006/A346EXXSGFZJ1:user/release-keys,TUR,Türkiye,approval.se@samsung.com,srv.gba@samsung.com,"2026-10-02 10:18:02 KST","2026-10-02 10:48:43 KST","2026-10-02 10:48:43 KST",,,a34xdtur,2026-10-05,phan.ttrang@samsung.com,SRV,100.0,A346EXXSGFZJ1,A346EXXSGFZJ1,A346EOJMGFZJ1,SM-A346E,PHONE,"2026-10-02 19:00:00 KST",false,,No,MT6877V/TTZA,,SRV
6104793823313920,NormalException,Approved,MR,false,samsung/a14ub/a14:15/AP3A.240905.015.A2/A145MUBUFDZI3:user/release-keys,"PSN,PSP,PNT,UFU,CTI,UFN,NBS,SAM,TGP,CTU,CTP,PEO,EBE,COO,CGU,COL,TMM,ECO,GLO,COB,PET,CRC,EON,ARO,UYO,MXO,ZTM,UPO,ZVV,TCE,MXD,BVO,CHO,TPA,GTO,IUS,PGU,ZTO,COM","Argentina,Paraguay,Peru,Uruguay,Nicaragua,Ecuador,Colombia,Guatemala,Mexico,Costa Rica,Brazil,Bolivia,Chile,Panama",rene.a@samsung.com,googleapproval.sidia@samsung.com,"2026-10-02 10:15:44 KST","2026-10-03 00:59:52 KST","2026-10-03 00:59:52 KST","2026-10-03 00:59:52 KST",,a14ub,2026-08-05,cristiano.mendes@samsung.com,SIDIA,100.0,A145MUBUFDZI3,A145MUBUFDZI3,"A145MOWOFDZI3,A145MOWBFDZI3",SM-A145M,PHONE,"2026-10-03 04:30:00 KST",false,FULL,No,"Exynos 850",,SIDIA
5513336292900864,Regular,Approved,LR,false,samsung/SC-52E/SC-52E:17/CP2A.260605.016/SC52EOMU1EZIB:user/release-keys,"DCM,SJP",Japan,priyanka.l@samsung.com,ym2005.park@samsung.com,"2026-10-02 10:05:18 KST","2026-10-07 14:36:56 KST","2026-10-07 14:08:51 KST","2026-10-07 14:36:56 KST","2026-10-06 13:52:38 KST",SC-52E,2026-09-05,chjo@samsung.com,HQ-Suwon2,100.0,SC52EOMU1EZIB,SC52EOMU1EZIB,SC52EQCM1EZIB,SC-52E,PHONE,"2026-10-13 23:30:00 KST",false,FULL,Yes,SM8650,LD,SRI-N
6313405921361920,Vendor,Approved,,false,samsung/SC-52E/SC-52E:14/UP1A.231005.007/SC52EOMU1EZIB:user/release-keys,,,priyanka.l@samsung.com,suwonga2.sec@samsung.com,"2026-10-02 10:03:50 KST","2026-10-07 16:00:07 KST","2026-10-06 13:45:17 KST","2026-10-07 16:00:07 KST",,SC-52E,,chjo@samsung.com,HQ-Suwon2,100.0,SC52EOMU1EZIB,,,SC-52E,PHONE,"2026-10-02 21:00:00 KST",false,,No,SM8650,,SRI-N
6042760167817216,Regular,Uploaded,LR,false,samsung/gtact5proxtur/gtact5pro:17/CP2A.260605.016/X356BXXUBDZI9_OXMBDZI9:user/release-keys,TUR,"Turkey,Türkiye",ly.ltt@samsung.com,srv.gba@samsung.com,"2026-10-02 09:55:55 KST","2026-10-07 16:20:36 KST",,,"2026-10-07 15:49:29 KST",gtact5proxtur,2026-09-05,tuan.nm4@samsung.com,SRV,10.0,X356BXXUBDZI9,X356BXXUBDZI9,X356BOXMBDZI9,SM-X356B,TABLET,"2026-10-09 23:30:00 KST",false,VARIANT,No,SM7635,LV,SRV
6744222480990208,Regular,Uploaded,LR,false,samsung/gtact5proxeea/gtact5pro:17/CP2A.260605.016/X356BXXUBDZI9_OXMBDZI9:user/release-keys,EUX,"Romania,Hungary,United Kingdom,Switzerland,Portugal,Spain,Greece,Austria,Sweden,Netherlands,Latvia,Czech Republic,Luxembourg,Poland,Italy,Slovakia,Slovenia,Bulgaria,France,Germany",ly.ltt@samsung.com,srv.gba@samsung.com,"2026-10-02 09:55:53 KST","2026-10-07 16:20:13 KST",,,"2026-10-07 15:41:29 KST",gtact5proxeea,2026-09-05,tuan.nm4@samsung.com,SRV,10.0,X356BXXUBDZI9,X356BXXUBDZI9,X356BOXMBDZI9,SM-X356B,TABLET,"2026-10-09 23:30:00 KST",false,VARIANT,No,SM7635,LV,SRV
4834410193223680,Regular,Uploaded,LR,false,samsung/gtact5proxser/gtact5pro:17/CP2A.260605.016/X356BXXUBDZI9_OXMBDZI9:user/release-keys,SER,"Belarus,Russia",ly.ltt@samsung.com,srv.gba@samsung.com,"2026-10-02 09:55:40 KST","2026-10-07 16:01:08 KST",,,"2026-10-07 15:39:59 KST",gtact5proxser,2026-09-05,tuan.nm4@samsung.com,SRV,10.0,X356BXXUBDZI9,X356BXXUBDZI9,X356BOXMBDZI9,SM-X356B,TABLET,"2026-10-09 23:30:00 KST",false,VARIANT,No,SM7635,LV,SRV
6287442240077824,Regular,Uploaded,LR,false,samsung/gtact5proxxx/gtact5pro:17/CP2A.260605.016/X356BXXUBDZI9_OXMBDZI9:user/release-keys,EUY,"Ukraine,Serbia",ly.ltt@samsung.com,srv.gba@samsung.com,"2026-10-02 09:54:59 KST","2026-10-07 16:01:36 KST",,,"2026-10-07 15:38:04 KST",gtact5proxxx,2026-09-05,tuan.nm4@samsung.com,SRV,10.0,X356BXXUBDZI9,X356BXXUBDZI9,X356BOXMBDZI9,SM-X356B,TABLET,"2026-10-09 23:30:00 KST",false,FULL,No,SM7635,LD,SRV
6562190660468736,SMR,Approved,SMR,,samsung/pa1qksx/pa1q:17/CP2A.260605.016/S931NKSSDDZJ1_OKRDDZJ1:user/release-keys,"KOO,KTC,LUC,SKC",Korea,approval.se@samsung.com,gumi.ga0.sec@samsung.com,"2026-10-02 08:48:53 KST","2026-10-02 17:01:03 KST","2026-10-02 09:39:07 KST","2026-10-02 17:01:03 KST",,pa1qksx,2026-10-05,mikyung.han@samsung.com,HQ-Gumi,100.0,S931NKSSDDZJ1,S931NKSSDDZJ1,S931NOKRDDZJ1,SM-S931N,PHONE,"2026-10-02 19:30:00 KST",false,,Yes,SM8750,,SRI-N
6322010015924224,NormalException,Approved,MR,false,samsung/q5qxxx/q5q:17/CP2A.260605.016/F946BXXU7HZIJ:user/release-keys,"ANC,ARO,BVO,CDR,CGU,CHE,CHL,CHO,CHT,CHX,COB,COM,COO,CRC,CTI,CTU,DOR,EBE,ECO,EON,GLO,GTO,MXO,PEO,PET,PGU,PNT,PSN,PSP,SAM,TCE,TGP,TPA,UFN,UFU,UPO,UYO,ZTA,ZTM,ZTO,ZVV","Uruguay,Argentina,Bolivia,Dominican Republic,Guatemala,Chile,Colombia,Costa Rica,Ecuador,Mexico,Peru,Paraguay,Panama,Brazil",welton.seabra@samsung.com,googleapproval.sidia@samsung.com,"2026-10-02 08:16:37 KST","2026-10-03 00:16:12 KST","2026-10-03 00:16:12 KST","2026-10-03 00:16:12 KST",,q5qxxx,2026-10-05,ccy2k@samsung.com,SIDIA,100.0,F946BXXU7HZIJ,F946BXXU7HZIJ,"F946BOWO7HZIJ,F946BOXM7HZIJ",SM-F946B,PHONE,"2026-10-03 04:30:00 KST",false,FULL,No,SM8550,,SIDIA
5275764639662080,Regular,Approved,MR,true,samsung/a57xdcm/SC-54G:17/CP2A.260605.016/SC54GOMU1BZIF_QCM1BZIF:user/release-keys,DCM,Japan,huy.dn@samsung.com,suwonga2.sec@samsung.com,"2026-10-02 08:14:56 KST","2026-10-02 17:01:41 KST","2026-10-02 16:38:49 KST","2026-10-02 17:01:41 KST",,a57xdcm,2026-09-05,suhyun78.kim@samsung.com,HQ-Suwon2,100.0,SC54GOMU1BZIF,SC54GOMU1BZIF,SC54GQCM1BZIF,SC-54G,PHONE,"2026-10-02 22:00:00 KST",false,FULL,Yes,s5e8865,,SRV
6058117762908160,NormalException,Approved,MR,false,samsung/b5qxxx/b5q:17/CP2A.260605.016/F731BXXU7HZIJ:user/release-keys,"ANC,ARO,BVO,CDR,CGU,CHE,CHL,CHO,CHT,CHX,COM,COO,CRC,CTI,CTP,CTU,DOR,EBE,ECO,EON,GLO,GTO,MXO,PEO,PET,PGU,PNT,PSN,PSP,TCE,TGP,TPA,UFN,UFU,UPO,UYO,ZTA,ZTM,ZTO,ZVV,SAM,COB,COL","Uruguay,Argentina,Bolivia,Dominican Republic,Guatemala,Chile,Colombia,Costa Rica,Paraguay,Ecuador,Mexico,Peru,Panama,Brazil",rene.a@samsung.com,googleapproval.sidia@samsung.com,"2026-10-02 07:57:32 KST","2026-10-02 23:38:32 KST","2026-10-02 23:38:32 KST","2026-10-02 23:38:32 KST",,b5qxxx,2026-10-05,yong_jin.kim@samsung.com,SIDIA,100.0,F731BXXU7HZIJ,F731BXXU7HZIJ,"F731BOWO7HZIJ,F731BOXM7HZIJ",SM-F731B,PHONE,"2026-10-03 04:30:00 KST",false,FULL,No,SM8550,,SIDIA
5308770121154560,SMR,Approved,SMR,,samsung/psqksx/psq:17/CP2A.260605.016/S937NKSSBDZJ1_OKRBDZJ1:user/release-keys,"KOO,KTC,LUC,SKC",Korea,approval.se@samsung.com,gumi.ga0.sec@samsung.com,"2026-10-02 07:48:24 KST","2026-10-02 15:36:54 KST","2026-10-02 08:09:20 KST","2026-10-02 15:36:54 KST",,psqksx,2026-10-05,mikyung.han@samsung.com,HQ-Gumi,100.0,S937NKSSBDZJ1,S937NKSSBDZJ1,S937NOKRBDZJ1,SM-S937N,PHONE,,false,,Yes,SM8750,,SRI-N
5422858209853440,SMR,Approved,SMR,,samsung/r13sksx/r13s:17/CP2A.260605.016/S731NKSSACZJ1_OKRACZJ1:user/release-keys,"KOO,KTC,LUC,SKC",Korea,approval.se@samsung.com,gumi.ga0.sec@samsung.com,"2026-10-02 07:48:09 KST","2026-10-02 14:35:14 KST","2026-10-02 08:19:03 KST","2026-10-02 14:35:14 KST",,r13sksx,2026-10-05,junik.bae@samsung.com,HQ-Gumi,100.0,S731NKSSACZJ1,S731NKSSACZJ1,S731NOKRACZJ1,SM-S731N,PHONE,"2026-10-02 19:30:00 KST",false,,Yes,s5e9945,,SRI-N
5888831224283136,NormalException,Approved,MR,false,samsung/a53xue/a53x:16/BP2A.250605.031.A3/A536U1UEUOGZI3:user/release-keys,PCT,"Puerto Rico",jonathan.g@samsung.com,googleapproval.sidia@samsung.com,"2026-10-02 07:10:42 KST","2026-10-02 07:37:52 KST","2026-10-02 07:37:52 KST","2026-10-02 07:37:52 KST",,a53xue,2026-08-05,prateek1.k@samsung.com,SIDIA,100.0,A536U1UEUOGZI3,A536U1UEUOGZI4,A536U1PCTOGZI4,SM-A536U1,PHONE,,false,FULL,No,S5E8825,,SIDIA
6475890708185088,SMR,Approved,SMR,,samsung/m1quew/m1q:17/CP2A.260605.016/S942U1UES4BZIG_OWA4BZIG:user/release-keys,"LLA,PCT","Puerto Rico",dinara.araujo@samsung.com,googleapproval.sidia@samsung.com,"2026-10-02 05:25:39 KST","2026-10-02 23:36:26 KST","2026-10-02 23:05:27 KST","2026-10-02 23:36:26 KST",,m1quew,2026-10-05,jonatas.nascimento@samsung.com,SIDIA,100.0,S942U1UES4BZIG,S942U1UES4BZIG,S942U1OWA4BZIG,SM-S942U1,PHONE,"2026-10-03 02:00:00 KST",false,,Yes,SM8850,,SIDIA
4815385149046784,NormalException,Approved,MR,false,samsung/e1quew/e1q:17/CP2A.260605.016/S921U1UEU6EZIF:user/release-keys,"LLA,PCT","Puerto Rico",paulo.cunha@samsung.com,googleapproval.sidia@samsung.com,"2026-10-02 01:35:18 KST","2026-10-02 03:58:07 KST","2026-10-02 03:58:07 KST","2026-10-02 03:58:07 KST",,e1quew,2026-09-05,punit.pathak@samsung.com,SIDIA,100.0,S921U1UEU6EZIF,S921U1UEU6EZIF,S921U1OWA6EZIF,SM-S921U1,PHONE,"2026-10-02 03:00:00 KST",false,FULL,No,SM8650,,SIDIA
6284816203120640,SMR,Approved,SMR,,samsung/a05mub/a05m:15/AP3A.240905.015.A2/A055MUBSKDZI3:user/release-keys,"CDR,CGU,CHE,CHL,CHO,CHT,CHX,COB,COL,COM,COO,CRC,DOR,EBE,ECO,EON,GLO,GTO,PEO,PET,PGU,PNT,SAM","Dominican Republic,Guatemala,Chile,Colombia,Costa Rica,Ecuador,Peru",approval.se@samsung.com,googleapproval.sidia@samsung.com,"2026-10-02 01:13:09 KST","2026-10-02 02:01:09 KST","2026-10-02 01:39:09 KST","2026-10-02 02:01:09 KST",,a05mub,2026-07-05,wesllen.lima@samsung.com,SIDIA,100.0,A055MUBSKDZI3,A055MUBSKDZI3,A055MOWBKDZI3,SM-A055M,PHONE,,false,,Yes,MT6769V/WY,,SIDIA
6159272832663552,SMR,Approved,SMR,,samsung/a05mub/a05m:15/AP3A.240905.015.A2/A055MUBSKDZI3:user/release-keys,PCT,"Puerto Rico",approval.se@samsung.com,googleapproval.sidia@samsung.com,"2026-10-02 01:06:21 KST","2026-10-02 02:01:09 KST","2026-10-02 01:49:16 KST","2026-10-02 02:01:09 KST",,a05mub,2026-07-05,wesllen.lima@samsung.com,SIDIA,100.0,A055MUBSKDZI3,A055MUBSKDZI3,A055MOWAKDZI3,SM-A055M,PHONE,"2026-10-02 02:00:00 KST",false,,Yes,MT6769V/WY,,SIDIA
4624443251097600,SMR,Approved,SMR,,samsung/a05mub/a05m:15/AP3A.240905.015.A2/A055MUBSKDZI3:user/release-keys,"ZTO,ZVV,ANC,ARO,BVO,CTI,CTP,CTU,IUS,MXO,PSN,PSP,TCE,TGP,TMM,TPA,UFN,UFU,UPO,UYO,ZTA,ZTM","Brazil,Uruguay,Argentina,Bolivia,Paraguay,Mexico,Panama",approval.se@samsung.com,googleapproval.sidia@samsung.com,"2026-10-02 01:04:49 KST","2026-10-02 02:36:24 KST","2026-10-02 01:49:53 KST","2026-10-02 02:36:24 KST",,a05mub,2026-07-05,wesllen.lima@samsung.com,SIDIA,100.0,A055MUBSKDZI3,A055MUBSKDZI3,A055MOWOKDZI3,SM-A055M,PHONE,"2026-10-02 02:00:00 KST",false,,Yes,MT6769V/WY,,SIDIA
5482175130763264,Vendor,Approved,,false,samsung/q5qksx/q5q:13/TP1A.220624.014/F946NKSU6HZIJ:user/release-keys,,,umesh.k@samsung.com,gumi.ga1.sec@samsung.com,"2026-10-01 21:14:49 KST","2026-10-06 16:00:04 KST","2026-10-06 13:37:10 KST","2026-10-06 16:00:04 KST",,q5qksx,,hyunchul0221.jung@samsung.com,HQ-Gumi,100.0,F946NKSU6HZIJ,,,SM-F946N,PHONE,"2026-10-02 19:00:00 KST",false,,No,SM8550,,SRI-N
4992477723623424,Regular,Pending,MR,false,samsung/fresh9usue/fresh9us:17/CP2A.260330.023/L345USQU1AZI3:user/release-keys,"TMB,XAA","United States",ruchi.joshi@samsung.com,suwonga2.sec@samsung.com,"2026-10-01 20:43:07 KST","2026-10-05 13:14:41 KST",,,,fresh9usue,2026-08-05,cd.yeom@samsung.com,HQ-Suwon2,Reviewing,L345USQU1AZI3,L345USQU1AZI3,L345UOYM1AZI3,SM-L345U,WEARABLE,"2026-10-02 20:00:00 KST",false,FULL,No,SW6100,,SRI-N
6294436225220608,SMR,Approved,SMR,,samsung/a08mxx/a08:17/CP2A.260605.016/M085FXXS2AZI2_ODM2AZI2:user/release-keys,SLI,"Sri Lanka",approval.se@samsung.com,srin-pregba@samsung.com,"2026-10-01 20:41:02 KST","2026-10-01 21:36:52 KST","2026-10-01 21:09:08 KST","2026-10-01 21:36:52 KST",,a08mxx,2026-09-05,sharik.a@samsung.com,SRI-Noida,100.0,M085FXXS2AZI2,M085FXXS2AZI1,M085FODM2AZI2,SM-M085F,PHONE,,false,,Yes,MT6789V/CD,,SRI-N
5062589507960832,Regular,Approved,MR,false,samsung/a36xqtfn/a36xq:17/CP2A.260605.016/S366VUDUBDZIF_TFNBDZIF:user/release-keys,"TFN,TFV","United States",a2.rajput@samsung.com,srin-pregba@samsung.com,"2026-10-01 20:40:56 KST","2026-10-05 13:36:35 KST","2026-10-05 12:56:52 KST","2026-10-05 13:36:35 KST",,a36xqtfn,2026-09-05,sajal.ag@samsung.com,SRI-Noida,100.0,S366VUDUBDZIF,S366VUDUBDZIF,S366VTFNBDZIF,SM-S366V,PHONE,"2026-10-02 20:00:00 KST",false,FULL,Yes,SM6475,,SRI-N
5681579188027392,SafetyNet,Approved,,,samsung/a34xeea/a34x:17/CP2A.260605.016/A346BXXUHGZJ2:user/release-keys,,,,ga1.sec@samsung.com,"2026-10-01 20:22:30 KST","2026-10-01 20:22:39 KST",,"2026-10-01 20:22:39 KST",,a34xeea,2026-10-05,ga1.sec@samsung.com,HQ-Suwon,100.0,,,,SM-A346B,,,false,,No,MT6877V/TTZA,,
5818272360693760,Regular,Approved,MR,true,samsung/SCG31_jp_kdi/SCG31:17/CP2A.260605.016/SCG31KDU1DZIF_QDI1DZIF:user/release-keys,"KDI,SJP",Japan,yen.dt@samsung.com,suwonga2.sec@samsung.com,"2026-10-01 20:21:21 KST","2026-10-02 17:01:08 KST","2026-10-02 16:54:41 KST","2026-10-02 17:01:08 KST",,SCG31_jp_kdi,2026-09-05,jimipark@samsung.com,HQ-Suwon2,100.0,SCG31KDU1DZIF,SCG31KDU1DZIF,SCG31QDI1DZIF,SCG31,PHONE,"2026-10-02 20:00:00 KST",false,FULL,Yes,SM8750,,SRV
5690552817549312,SimpleException,Cancelled,MR,,samsung/a53xnsxx/a53x:16/BP2A.250605.031.A3/A536EXXUOGZI3:user/release-keys,XID,Indonesia,doan.giang@samsung.com,apta.p@samsung.com,"2026-10-01 20:19:20 KST","2026-10-02 17:38:59 KST",,,,a53xnsxx,2026-08-05,thang.ho@samsung.com,SRV,100.0,A536EXXUOGZI3,A536EXXUOGZI3,A536EOLEOGZI4,SM-A536E,PHONE,,false,,No,S5E8825,,SRV
6170702747271168,Vendor,Approved,,false,samsung/SCG31_jp_kdi/SCG31:15/AP3A.240905.015.A2/SCG31KDU1DZIF:user/release-keys,,,yen.dt@samsung.com,suwonga2.sec@samsung.com,"2026-10-01 20:18:37 KST","2026-10-03 00:00:03 KST","2026-10-02 16:50:20 KST","2026-10-03 00:00:03 KST",,SCG31_jp_kdi,,jimipark@samsung.com,HQ-Suwon2,100.0,SCG31KDU1DZIF,,,SCG31,PHONE,"2026-10-02 19:00:00 KST",false,,No,SM8750,,SRV
5636404453572608,SafetyNet,Approved,,,samsung/a34xxx/a34x:17/CP2A.260605.016/A346BXXUHGZJ2:user/release-keys,,,,ga1.sec@samsung.com,"2026-10-01 20:17:11 KST","2026-10-01 20:17:31 KST",,"2026-10-01 20:17:31 KST",,a34xxx,2026-10-05,ga1.sec@samsung.com,HQ-Suwon,100.0,,,,SM-A346B,,,false,,No,MT6877V/TTZA,,
5079587981885440,Regular,Approved,LR,false,samsung/a15xnsdxx/a15x:17/CP2A.260605.016/A156EDXUAFZI5:user/release-keys,XXV,Vietnam,d.khantwal@samsung.com,suwonga2.sec@samsung.com,"2026-10-01 20:04:20 KST","2026-10-07 14:36:41 KST","2026-10-07 14:11:15 KST","2026-10-07 14:36:41 KST","2026-10-06 16:32:26 KST",a15xnsdxx,2026-09-05,sh7209.hwang@samsung.com,HQ-Suwon2,100.0,A156EDXUAFZI5,A156EDXUAFZI5,A156EOLMAFZI5,SM-A156E,PHONE,"2026-10-09 23:30:00 KST",false,FULL,Yes,MT6835V/ZA,LD,SRI-N
6614901082816512,SafetyNet,Approved,,,samsung/m34xnsxx/m34x:17/CP2A.260605.016/M346BXXUEZZIJ:user/release-keys,,,,srin-pregba@samsung.com,"2026-10-01 20:02:33 KST","2026-10-01 20:02:46 KST",,"2026-10-01 20:02:46 KST",,m34xnsxx,2026-10-05,ankur.gautam@samsung.com,SRI-Noida,100.0,,,,SM-M346B,,,false,,No,s5e8825,,
6282128828661760,Regular,Approved,MR,false,samsung/b5qxeea/b5q:17/CP2A.260605.016/F731BTCU7HZIJ:user/release-keys,EUX,"Portugal,Iceland,Greece,Austria,Sweden,Netherlands,Latvia,Luxembourg,Poland,Slovakia,Slovenia,France,Bulgaria,Lithuania,Croatia,Romania,Hungary,United Kingdom,Switzerland,Spain,Czech Republic,Norway,Finland,Denmark,Italy,Germany,Estonia",thuynga.dt@samsung.com,srv.gba@samsung.com,"2026-10-01 20:00:47 KST","2026-10-02 23:02:38 KST","2026-10-02 20:08:18 KST","2026-10-02 23:02:38 KST",,b5qxeea,2026-10-05,dat.tien@samsung.com,SRV,100.0,F731BTCU7HZIJ,F731BXXU7HZIJ,F731BOSW7HZIJ,SM-F731B,PHONE,"2026-10-02 19:30:00 KST",false,VARIANT,Yes,SM8550,,SRV
6324718865219584,Vendor,Approved,,false,samsung/b5qxxx/b5q:13/TP1A.220624.014/F731BTCU7HZIJ:user/release-keys,,,oanh.lt@samsung.com,srv.gba@samsung.com,"2026-10-01 20:00:10 KST","2026-10-03 00:00:03 KST","2026-10-02 20:04:32 KST","2026-10-03 00:00:03 KST",,b5qxxx,,dat.tien@samsung.com,SRV,100.0,F731BTCU7HZIJ,,,SM-F731B,PHONE,"2026-10-02 18:30:00 KST",false,,No,SM8550,,SRV
6537706293428224,Regular,Approved,MR,false,samsung/m47xqdxx/m47xq:17/CP2A.260605.016/E476BXXU3BZIF_ODM3BZIF:user/release-keys,NPB,Nepal,akansha.s1@samsung.com,srin-pregba@samsung.com,"2026-10-01 19:51:00 KST","2026-10-06 20:01:44 KST","2026-10-06 19:33:37 KST","2026-10-06 20:01:44 KST",,m47xqdxx,2026-09-05,tarun.lohia@samsung.com,SRI-Noida,100.0,E476BXXU3BZIF,E476BXXU3BZIF,E476BODM3BZIF,SM-E476B,PHONE,"2026-10-02 20:00:00 KST",false,FULL,Yes,SM6475,,SRI-N
6737321475178496,Vendor,Approved,,false,samsung/m47xqdxx/m47xq:15/AP3A.240905.015.A2/E476BXXU3BZIF:user/release-keys,,,akansha.s1@samsung.com,srin-pregba@samsung.com,"2026-10-01 19:44:13 KST","2026-10-07 00:00:06 KST","2026-10-06 19:28:09 KST","2026-10-07 00:00:06 KST",,m47xqdxx,,tarun.lohia@samsung.com,SRI-Noida,100.0,E476BXXU3BZIF,,,SM-E476B,PHONE,"2026-10-02 19:00:00 KST",false,,No,SM6475,,SRI-N
6416406686203904,Vendor,Approved,,false,samsung/a15xnsdxx/a15x:17/CP2A.260605.016/A156EDXUAFZI5:user/release-keys,,,d.khantwal@samsung.com,suwonga2.sec@samsung.com,"2026-10-01 19:42:28 KST","2026-10-07 14:36:47 KST","2026-10-06 15:47:05 KST","2026-10-07 14:36:47 KST",,a15xnsdxx,,sh7209.hwang@samsung.com,HQ-Suwon2,100.0,A156EDXUAFZI5,,,SM-A156E,PHONE,"2026-10-02 19:00:00 KST",false,,Yes,MT6835V/ZA,,SRI-N
5502185114959872,Regular,Approved,LR,false,samsung/xcover7proue/xcover7pro:17/CP2A.260605.016/G766U1UEUADZI8_OYMADZI8:user/release-keys,"ATT,USC,ACG,TFV,AIO,TMB,XAR,FKR,ATC,VZW,DSA,TMK,CCT,DSH,DSG,XAA,LRA,CHA,XAG","United States",akansha.s1@samsung.com,srin-pregba@samsung.com,"2026-10-01 19:41:24 KST","2026-10-06 19:01:10 KST","2026-10-06 18:35:10 KST","2026-10-06 19:01:10 KST","2026-10-05 23:16:49 KST",xcover7proue,2026-10-05,kanav.sareen@samsung.com,SRI-Noida,100.0,G766U1UEUADZI8,G766U1UEUADZI8,G766U1OYMADZI8,SM-G766U1,PHONE,"2026-10-12 23:30:00 KST",false,FULL,Yes,SM7635,LD,SRI-N
4913164240289792,SKU,Approved,MR,false,samsung/a36xqnsxx/a36xq:17/CP2A.260605.016/A366EXXUCDZIF_ODMCDZIF:user/release-keys,"BKD,SLK","Bangladesh,Sri Lanka",d.khantwal@samsung.com,srin-pregba@samsung.com,"2026-10-01 19:00:42 KST","2026-10-05 13:23:45 KST","2026-10-05 13:23:45 KST","2026-10-05 13:23:45 KST",,a36xqnsxx,2026-09-05,ratul.pathak@samsung.com,SRI-Noida,100.0,A366EXXUCDZIF,A366EXXUCDZIF,A366EODMCDZIF,SM-A366E,PHONE,"2026-10-02 18:30:00 KST",false,VARIANT,No,SM6475,,SRI-N
5654596995514368,NormalException,Approved,MR,false,samsung/e1sxxx/e1s:17/CP2A.260605.016/S921BXXUHEZIF:user/release-keys,XID,Indonesia,ng.thanhtuan@samsung.com,apta.p@samsung.com,"2026-10-01 18:58:47 KST","2026-10-02 11:40:57 KST","2026-10-02 11:40:57 KST","2026-10-02 11:40:57 KST",,e1sxxx,2026-09-05,eunmi.cheon@samsung.com,SRV,100.0,S921BXXUHEZIF,S921BXXUHEZIF,S921BOLEHEZIF,SM-S921B,PHONE,"2026-10-02 18:00:00 KST",false,FULL,No,S5E9945,,SRV
6105445634932736,NormalException,Approved,MR,false,samsung/dm1qxeea/dm1q:17/CP2A.260605.016/S911BXXUAGZIF:user/release-keys,"EVR,VGR,TMZ,MAX,HTS,TNL,VDC,PLS,VDI,BOG,SWC,SFR,AMO,COS,VOD,BTE,MOT,DRE,SIM,MEO,TIM,ATL,TMS,DTM,VIP,CRO,O2C,MOB,VD2,DO2,CNX,ORO,TMH,3IE,BTB,TPL,ORS,OMN,PRT,O2U,OPV,XEC,VDF,TCL,HUI,MET,H3G,FTM","United Kingdom,Greece,Czech Republic,Austria,Sweden,Netherlands,Poland,Ireland,France,Switzerland,Spain,Slovenia,Portugal,Italy,Slovakia,Germany,Croatia,Romania,Hungary",ducmanh.ng1@samsung.com,srv.gba@samsung.com,"2026-10-01 18:54:58 KST","2026-10-05 19:12:02 KST","2026-10-05 19:12:02 KST","2026-10-05 19:12:02 KST",,dm1qxeea,2026-10-05,tran.minh@samsung.com,SRV,100.0,S911BXXUAGZIF,S911BXXUAGZIF,S911BOXMAGZIF,SM-S911B,PHONE,"2026-10-02 19:30:00 KST",false,VARIANT,No,SM8550,,SRV
5898023863582720,Vendor,Approved,,false,samsung/a24nsxx/a24:16/BP2A.250605.031.A3/A245FXXUEGZI7:user/release-keys,,,deeksha.s@samsung.com,srin-pregba@samsung.com,"2026-10-01 18:53:01 KST","2026-10-07 00:00:07 KST","2026-10-06 20:41:22 KST","2026-10-07 00:00:07 KST",,a24nsxx,,vinay.verma@samsung.com,SRI-Noida,100.0,A245FXXUEGZI7,,,SM-A245F,PHONE,"2026-10-02 19:00:00 KST",false,,No,MT6789V/CD,,SRI-N
4832179947569152,NormalException,Approved,MR,false,samsung/r12sxxx/r12s:17/CP2A.260605.016/S721BXXUEEZIF:user/release-keys,XID,Indonesia,hoai.nt4@samsung.com,apta.p@samsung.com,"2026-10-01 18:44:58 KST","2026-10-02 09:26:00 KST","2026-10-02 09:26:00 KST","2026-10-02 09:26:00 KST",,r12sxxx,2026-09-05,huy.tb@samsung.com,SRV,100.0,S721BXXUEEZIF,S721BXXUEEZIF,S721BOLEEEZIF,SM-S721B,PHONE,"2026-10-02 18:00:00 KST",false,FULL,No,s5e9945,,SRV
6750099338428416,Regular,Pending,LR,false,samsung/a07mins/a07:17/CP2A.260605.016/M075FXXU7DZII_ODM7DZII:user/release-keys,INS,India,d.khantwal@samsung.com,srin-pregba@samsung.com,"2026-10-01 18:41:57 KST","2026-10-05 13:01:11 KST",,,,a07mins,2026-10-05,gurmeet.c@samsung.com,SRI-Noida,10.0,M075FXXU7DZII,M075FXXU7DZII,M075FODM7DZII,SM-M075F,PHONE,"2026-10-09 23:30:00 KST",false,VARIANT,No,MT6789V/CD,LV,SRI-N
6485354333077504,SKU,Approved,MR,false,samsung/a27xqxx/a27xq:17/CP2A.260605.016/A276BXXU3BZIF_OLM3BZIF:user/release-keys,XID,Indonesia,khanh.toan@samsung.com,apta.p@samsung.com,"2026-10-01 18:41:44 KST","2026-10-02 09:32:47 KST","2026-10-02 09:32:47 KST","2026-10-02 09:32:47 KST",,a27xqxx,2026-09-05,hung.nguyen1@samsung.com,SRV,100.0,A276BXXU3BZIF,A276BXXU3BZIF,A276BOLM3BZIF,SM-A276B,PHONE,"2026-10-02 18:00:00 KST",false,VARIANT,No,SM6475,,SRV
5701586689196032,NormalException,Approved,MR,false,samsung/q5qxeea/q5q:17/CP2A.260605.016/F946BXXU7HZIJ:user/release-keys,"DTM,O2C,MOB,MAX,VD2,DO2,COS,HTS,VOD,TMH,TPL,ORS,O2U,PRT,TNL,VDC,OPV,DRE,VDI,BOG,VIP,H3G,SFR,FTM,3IE,ATL,CNX,CRO,EVR,HUI,MEO,MET,MOT,OMN,ORO,SWC,TCL,TIM,TMS,TMZ,VDF,VGR,XEC,AMO,PLS,SIM","Germany,Czech Republic,Austria,Greece,Sweden,United Kingdom,Hungary,Poland,Slovakia,Netherlands,Ireland,France,Croatia,Spain,Romania,Slovenia,Italy,Portugal,Switzerland",ly.ltt@samsung.com,srv.gba@samsung.com,"2026-10-01 18:41:35 KST","2026-10-05 16:52:59 KST","2026-10-05 16:52:59 KST","2026-10-05 16:52:59 KST",,q5qxeea,2026-10-05,dat.tien@samsung.com,SRV,100.0,F946BXXU7HZIJ,F946BXXU7HZIJ,F946BOXM7HZIJ,SM-F946B,PHONE,"2026-10-02 19:30:00 KST",false,VARIANT,No,SM8550,,SRV
4701755212562432,Regular,Pending,LR,false,samsung/SCG26_jp_kdi/SCG26:17/CP2A.260605.016/SCG26KDU1EZIB:user/release-keys,"KDI,SJP",Japan,a2.rajput@samsung.com,suwonga2.sec@samsung.com,"2026-10-01 18:40:43 KST","2026-10-05 13:00:03 KST",,,,SCG26_jp_kdi,2026-09-05,jimipark@samsung.com,HQ-Suwon2,10.0,SCG26KDU1EZIB,SCG26KDU1EZIB,SCG26QDI1EZIB,SCG26,PHONE,"2026-10-09 23:30:00 KST",false,FULL,No,SM8650,LD,SRI-N
6704640062390272,Vendor,Pending,,false,samsung/SCG26_jp_kdi/SCG26:14/UP1A.231005.007/SCG26KDU1EZIB:user/release-keys,,,vishnu.d@samsung.com,suwonga2.sec@samsung.com,"2026-10-01 18:31:17 KST","2026-10-05 13:00:01 KST",,,,SCG26_jp_kdi,,jimipark@samsung.com,HQ-Suwon2,Reviewing,SCG26KDU1EZIB,,,SCG26,PHONE,"2026-10-02 19:00:00 KST",false,,No,SM8650,,SRI-N
5148098448064512,Regular,Approved,MR,false,samsung/m47xqxx/m47xq:17/CP2A.260605.016/M476BXXU3BZIF_ODM3BZIF:user/release-keys,NPB,Nepal,priyanka.l@samsung.com,srin-pregba@samsung.com,"2026-10-01 18:30:54 KST","2026-10-06 19:00:54 KST","2026-10-06 18:36:28 KST","2026-10-06 19:00:25 KST",,m47xqxx,2026-09-05,tarun.lohia@samsung.com,SRI-Noida,100.0,M476BXXU3BZIF,M476BXXU3BZIF,M476BODM3BZIF,SM-M476B,PHONE,"2026-10-02 20:00:00 KST",false,FULL,Yes,SM6475,,SRI-N
4736939584651264,SMR,Approved,SMR,,samsung/a18mxx/a18m:17/CP2A.260605.016/A185GXXS1AZJ1_OLM1AZJ1:user/release-keys,XME,Malaysia,approval.se@samsung.com,suwonga2.sec@samsung.com,"2026-10-01 18:29:48 KST","2026-10-02 03:35:06 KST","2026-10-01 19:09:00 KST","2026-10-02 03:35:06 KST",,a18mxx,2026-10-05,jungse.oh@samsung.com,HQ-Suwon2,100.0,A185GXXS1AZJ1,A185GXXS1AZJ1,A185GOLM1AZJ1,SM-A185G,PHONE,,false,,Yes,MT6789V/CD,,SRI-N
6208152311955456,Regular,Approved,MR,false,samsung/a36xque/a36xq:17/CP2A.260605.016/A366U1UEUADZIF_OYMADZIF:user/release-keys,"ATT,USC,ACG,TFV,AIO,TMB,XAR,FKR,ATC,VZW,DSA,TMK,CCT,DSH,DSG,XAA,LRA,CHA,XAG","United States",bhawna.s1@samsung.com,srin-pregba@samsung.com,"2026-10-01 18:21:38 KST","2026-10-05 18:01:15 KST","2026-10-05 17:38:23 KST","2026-10-05 18:01:15 KST",,a36xque,2026-09-05,kunal.tulani@samsung.com,SRI-Noida,100.0,A366U1UEUADZIF,A366U1UEUADZIF,A366U1OYMADZIF,SM-A366U1,PHONE,"2026-10-02 20:30:00 KST",false,FULL,Yes,SM6475,,SRI-N
6235910584926208,Regular,Uploaded,LR,false,samsung/a15xeea/a15x:17/CP2A.260605.016/A156BXXUBFZI5:user/release-keys,EUX,Germany,nam.dt1@samsung.com,hai.anh@samsung.com,"2026-10-01 18:21:04 KST","2026-10-07 17:20:12 KST",,,"2026-10-07 16:40:55 KST",a15xeea,2026-09-05,tran.minh@samsung.com,SRV,10.0,A156BXXUBFZI5,A156BXXUBFZI5,A156BOXMBFZI5,SM-A156B,PHONE,"2026-10-12 23:30:00 KST",false,VARIANT,No,MT6835V/ZA,LV,SRV
4532494779285504,Regular,Approved,LR,false,samsung/gts11ukx/gts11u:17/CP2A.260605.016/X936NKOU9CZI4_KOO9CZI4:user/release-keys,KOO,Korea,bhawna.s1@samsung.com,suwonga2.sec@samsung.com,"2026-10-01 18:19:42 KST","2026-10-07 15:36:12 KST","2026-10-07 15:17:10 KST","2026-10-07 15:36:12 KST","2026-10-06 13:29:51 KST",gts11ukx,2026-09-05,shcho99@samsung.com,HQ-Suwon2,100.0,X936NKOU9CZI4,X936NKOU9CZI4,X936NKOO9CZI4,SM-X936N,TABLET,"2026-10-12 23:30:00 KST",false,FULL,Yes,MT6991,SP,SRI-N
5827068453715968,Vendor,Approved,,false,samsung/gts11ukx/gts11u:15/AP3A.240905.015.A2/X936NKOU9CZI4:user/release-keys,,,bhawna.s1@samsung.com,suwonga2.sec@samsung.com,"2026-10-01 18:17:47 KST","2026-10-07 16:00:07 KST","2026-10-06 13:11:31 KST","2026-10-07 16:00:07 KST",,gts11ukx,,shcho99@samsung.com,HQ-Suwon2,100.0,X936NKOU9CZI4,,,SM-X936N,TABLET,"2026-10-02 19:00:00 KST",false,,No,MT6991,,SRI-N
5194321859182592,Regular,Rejected,MR,false,samsung/a14xmxx/a14xm:15/AP3A.240905.015.A2/A146PXXUKEZI1:user/release-keys,XME,Malaysia,r1.rawat@samsung.com,suwonga2.sec@samsung.com,"2026-10-01 18:17:07 KST","2026-10-06 19:11:59 KST","2026-10-06 19:11:59 KST",,,a14xmxx,2026-09-05,sh7209.hwang@samsung.com,HQ-Suwon2,100.0,A146PXXUKEZI1,A146PXXUKEZI1,A146POLMKEZI1,SM-A146P,PHONE,"2026-10-02 20:00:00 KST",false,FULL,No,MT6833V/NZA,,SRI-N
5579306990567424,Regular,Uploaded,LR,false,samsung/gts10psqw/gts10p:17/CP2A.260605.016/X828USQUBEZIA:user/release-keys,"USC,VZW,TMK,TMB,ASR,ATT","United States",d2.kumar@samsung.com,komal.s@samsung.com,"2026-10-01 18:15:44 KST","2026-10-05 15:00:41 KST",,,"2026-10-05 14:46:48 KST",gts10psqw,2026-08-05,kanav.sareen@samsung.com,SRI-Noida,10.0,X828USQUBEZIA,X828USQUBEZIA,X828UOYNBEZIA,SM-X828U,TABLET,"2026-10-12 23:30:00 KST",false,FULL,No,SM8650,SP,SRI-N
4867364319657984,Regular,Approved,MR,false,samsung/a36xqsq/a36xq:17/CP2A.260605.016/A366USQUADZIF_OYNADZIF:user/release-keys,"VZW,DSA,TMK,USC,CCT,AIO,CHA,APP,DSG,TMB,DSH,ATT","United States",akansha.s1@samsung.com,srin-pregba@samsung.com,"2026-10-01 18:15:28 KST","2026-10-05 14:36:04 KST","2026-10-05 14:30:38 KST","2026-10-05 14:36:04 KST",,a36xqsq,2026-09-05,sudhir.s1@samsung.com,SRI-Noida,100.0,A366USQUADZIF,A366USQUADZIF,A366UOYNADZIF,SM-A366U,PHONE,"2026-10-02 20:30:00 KST",false,FULL,Yes,SM6475,,SRI-N
6630921847701504,Regular,Pending,LR,false,samsung/a07fins/a07:17/CP2A.260605.016/E075FXXU7DZII_ODM7DZII:user/release-keys,INS,India,d.khantwal@samsung.com,srin-pregba@samsung.com,"2026-10-01 18:15:15 KST","2026-10-05 12:31:17 KST",,,,a07fins,2026-10-05,gurmeet.c@samsung.com,SRI-Noida,10.0,E075FXXU7DZII,E075FXXU7DZII,E075FODM7DZII,SM-E075F,PHONE,"2026-10-12 23:30:00 KST",false,VARIANT,No,MT6789V/CD,LV,SRI-N
5223546964148224,Vendor,Submitted,,false,samsung/a14xmxx/a14xm:15/AP3A.240905.015.A2/A146PXXUKEZI1:user/release-keys,,,vishnu.d@samsung.com,suwonga2.sec@samsung.com,"2026-10-01 18:14:23 KST","2026-10-05 13:36:28 KST",,,,a14xmxx,,sh7209.hwang@samsung.com,HQ-Suwon2,Reviewing,A146PXXUKEZI1,,,SM-A146P,PHONE,"2026-10-02 19:00:00 KST",false,,No,MT6833V/NZA,,SRI-N
4736352918962176,Regular,Approved,MR,false,samsung/a36xqcs/a36xq:17/CP2A.260605.016/A366WVLUADZIF_OYVADZIF:user/release-keys,"CHR,ESK,FIZ,FMC,GLW,KDO,PMB,RWC,TBT,TLS,VTR,XAC",Canada,bhawna.s1@samsung.com,srin-pregba@samsung.com,"2026-10-01 18:07:06 KST","2026-10-05 13:37:07 KST","2026-10-05 13:18:15 KST","2026-10-05 13:37:07 KST",,a36xqcs,2026-09-05,manisha.g1@samsung.com,SRI-Noida,100.0,A366WVLUADZIF,A366WVLUADZIF,A366WOYVADZIF,SM-A366W,PHONE,"2026-10-02 20:30:00 KST",false,FULL,Yes,SM6475,,SRI-N
5337466072727552,Regular,Pending,LR,false,samsung/a07ins/a07:17/CP2A.260605.016/A075FXXU7DZII_ODM7DZII:user/release-keys,INS,India,akansha.s1@samsung.com,srin-pregba@samsung.com,"2026-10-01 18:00:01 KST","2026-10-05 16:37:15 KST",,,,a07ins,2026-10-05,gurmeet.c@samsung.com,SRI-Noida,10.0,A075FXXU7DZII,A075FXXU7DZII,A075FODM7DZII,SM-A075F,PHONE,"2026-10-12 23:30:00 KST",false,VARIANT,No,MT6789V/CD,SP,SRI-N
4901632991297536,Vendor,Reviewed,,false,samsung/gtact5proxxx/gtact5pro:14/UP1A.231005.007/X356BXXUBDZI9:user/release-keys,,,ly.ltt@samsung.com,khai.dh@samsung.com,"2026-10-01 17:50:38 KST","2026-10-06 13:20:30 KST","2026-10-06 12:11:04 KST",,,gtact5proxxx,,tuan.nm4@samsung.com,SRV,100.0,X356BXXUBDZI9,,,SM-X356B,TABLET,"2026-10-01 22:30:00 KST",false,,No,SM7635,,SRV
5446975608848384,Regular,Approved,MR,true,samsung/pa1qsbmx/pa1q:17/CP2A.260605.016/S931ZSCU1DZIF_QBM1DZIF:user/release-keys,"SJP,SBM",Japan,hoai.nt4@samsung.com,suwonga2.sec@samsung.com,"2026-10-01 17:50:22 KST","2026-10-02 17:01:34 KST","2026-10-02 16:52:22 KST","2026-10-02 17:01:34 KST",,pa1qsbmx,2026-09-05,jimipark@samsung.com,HQ-Suwon2,100.0,S931ZSCU1DZIF,S931ZSCU1DZIF,S931ZQBM1DZIF,SM-S931Z,PHONE,"2026-10-02 20:00:00 KST",false,FULL,Yes,SM8750,,SRV
6604533568634880,NormalException,Approved,MR,false,samsung/q5qxxx/q5q:17/CP2A.260605.016/F946BXXU7HZIJ:user/release-keys,"SKZ,XTC,PKD,MID,XFV,DKR,MSR,XSG,MM1,XME,XFA,XSP,EGY,XXV,ECT,THL,SIN,MWD,AFG,XNZ,STH,LYS,XSA,VAU,ILP,TUN,AFR,ACR,FWD,OPS,TOP,CAU,SEK,KSA,MBM,TEL,GLB,ILO","Kazakhstan,Philippines,Pakistan,Iraq,South Africa,Senegal,Serbia,United Arab Emirates,Singapore,Malaysia,Egypt,Vietnam,Nigeria,Myanmar,Cambodia,Thailand,Laos,Morocco,Afghanistan,New Zealand,Libya,Australia,Israel,Tunisia,Gabon,Tanzania,Uganda,Democratic Republic of the Congo,Kenya,Ghana,Armenia,Azerbaijan,Georgia,Ukraine,Saudi Arabia,Macedonia",yen.dt@samsung.com,srv.gba@samsung.com,"2026-10-01 17:48:23 KST","2026-10-02 11:04:31 KST","2026-10-02 11:04:31 KST","2026-10-02 11:04:31 KST",,q5qxxx,2026-10-05,ccy2k@samsung.com,SRV,100.0,F946BXXU7HZIJ,F946BXXU7HZIJ,F946BOXM7HZIJ,SM-F946B,PHONE,"2026-10-01 23:30:00 KST",false,FULL,No,SM8550,,SRV
5009536629080064,Vendor,Approved,,false,samsung/a36xqcs/a36xq:15/AP3A.240905.015.A2/A366WVLUADZIF:user/release-keys,,,bhawna.s1@samsung.com,srin-pregba@samsung.com,"2026-10-01 17:45:21 KST","2026-10-05 16:00:03 KST","2026-10-05 13:16:02 KST","2026-10-05 16:00:03 KST",,a36xqcs,,manisha.g1@samsung.com,SRI-Noida,100.0,A366WVLUADZIF,,,SM-A366W,PHONE,"2026-10-02 19:00:00 KST",false,,No,SM6475,,SRI-N
5291011605790720,SMR,On_Hold,SMR,,samsung/a34xxx/a34x:16/BP4A.251205.006/A346BXXSHFZJ1:user/release-keys,"MBM,MSR,TOP","Macedonia,Serbia",huy.dn@samsung.com,srv.gba@samsung.com,"2026-10-01 17:42:39 KST","2026-10-02 10:34:30 KST","2026-10-02 10:34:30 KST",,,a34xxx,2026-10-05,thuy.nn@samsung.com,SRV,100.0,A346BXXSHFZJ1,A346BXXSHFZJ1,A346BOXMHFZJ1,SM-A346B,PHONE,,false,,No,MT6877V/TTZA,,SRV
5454796056428544,SMR,On_Hold,SMR,,samsung/a34xeea/a34x:16/BP4A.251205.006/A346BXXSHFZJ1:user/release-keys,"AMO,ATL,BOG,BTB,BTE,CNX,COS,CRO,DO2,DRE,DTM,EVR,FTM,HTS,HUI,MAX,MEO,MET,MOB,MOT,O2C,O2U,OMN,OPV,ORO,ORS,PLS,PRT,SFR,SIM,SWC,TCL,TIM,TMH,TMS,TMZ,TNL,TPL,VD2,VDC,VDF,VDI,VGR,VIP,VOD,XEC","Spain,France,United Kingdom,Romania,Greece,Croatia,Germany,Austria,Sweden,Italy,Portugal,Ireland,Slovenia,Czech Republic,Poland,Slovakia,Switzerland,Hungary,Netherlands",nam.dt1@samsung.com,srv.gba@samsung.com,"2026-10-01 17:42:02 KST","2026-10-02 11:58:47 KST","2026-10-02 11:58:47 KST",,,a34xeea,2026-10-05,thuy.nn@samsung.com,SRV,100.0,A346BXXSHFZJ1,A346BXXSHFZJ1,A346BOXMHFZJ1,SM-A346B,PHONE,"2026-10-01 21:00:00 KST",false,,No,MT6877V/TTZA,,SRV
4997137914134528,Regular,Approved,LR,false,samsung/gts9fecs/gts9fe:17/CP2A.260605.016/X518UVLUGFZI7:user/release-keys,"RWC,TBT,KDO,TLS,XAC,CHR,FMC",Canada,ruchi.joshi@samsung.com,srin-pregba@samsung.com,"2026-10-01 17:39:15 KST","2026-10-05 16:00:48 KST","2026-10-05 15:31:38 KST","2026-10-05 16:00:48 KST",,gts9fecs,2026-09-05,akash.jindal@samsung.com,SRI-Noida,100.0,X518UVLUGFZI7,X518UVLUGFZI4,X518UOYVGFZI7,SM-X518U,TABLET,"2026-10-12 23:30:00 KST",false,FULL,Yes,s5e8835,,SRI-N
6142797807878144,SMR,Approved,SMR,,samsung/pa3qksx/pa3q:17/CP2A.260605.016/S938NKSSDDZJ1_OKRDDZJ1:user/release-keys,"KOO,KTC,LUC,SKC",Korea,approval.se@samsung.com,gumi.ga0.sec@samsung.com,"2026-10-01 17:38:46 KST","2026-10-02 05:01:08 KST","2026-10-01 18:19:06 KST","2026-10-02 05:01:08 KST",,pa3qksx,2026-10-05,mikyung.han@samsung.com,HQ-Gumi,100.0,S938NKSSDDZJ1,S938NKSSDDZJ1,S938NOKRDDZJ1,SM-S938N,PHONE,"2026-10-02 17:30:00 KST",false,,Yes,SM8750,,SRI-N
5201135690579968,SKU,Approved,MR,false,samsung/a36xqnsxx/a36xq:17/CP2A.260605.016/A366EXXUCDZIF_OXECDZIF:user/release-keys,"CAC,SOZ","Mongolia,Turkmenistan,Kyrgyzstan,Tajikistan,Uzbekistan",vuong.hue@samsung.com,srv.gba@samsung.com,"2026-10-01 17:37:04 KST","2026-10-02 17:07:33 KST","2026-10-02 17:07:33 KST","2026-10-02 17:07:33 KST",,a36xqnsxx,2026-09-05,hung.nguyen1@samsung.com,SRV,100.0,A366EXXUCDZIF,A366EXXUCDZIF,A366EOXECDZIF,SM-A366E,PHONE,"2026-10-01 22:00:00 KST",false,VARIANT,No,SM6475,,SRV
5676975989719040,SKU,Approved,MR,false,samsung/a36xqnaeea/a36xq:17/CP2A.260605.016/A366BXXUCDZIF_OXMCDZIF:user/release-keys,"EVR,MOB,EUX,PRT,MOT,MEO,SIM,PLS,TIM,BOG,VIP,SFR,SWC","United Kingdom,Austria,Portugal,Iceland,Greece,Netherlands,Sweden,Latvia,Luxembourg,Poland,Slovakia,Slovenia,Bulgaria,France,Lithuania,Croatia,Romania,Hungary,Switzerland,Spain,Czech Republic,Belgium,Norway,Finland,Denmark,Italy,Germany,Estonia",tu.nv1@samsung.com,srv.gba@samsung.com,"2026-10-01 17:35:48 KST","2026-10-02 18:10:56 KST","2026-10-02 18:10:56 KST","2026-10-02 18:10:56 KST",,a36xqnaeea,2026-09-05,hung.nguyen1@samsung.com,SRV,100.0,A366BXXUCDZIF,A366BXXUCDZIF,A366BOXMCDZIF,SM-A366B,PHONE,"2026-10-01 23:30:00 KST",false,VARIANT,No,SM6475,,SRV
6717860307271680,SKU,Approved,MR,false,samsung/a36xqnaeea/a36xq:17/CP2A.260605.016/A366BXXUCDZIF_OXMCDZIF:user/release-keys,"VGR,ORS,VDI,EUX,OMN,TMZ,CRO,MAX,VD2,HTS,DO2,ORO,TPL,OPV,VDC,VDF,HUI,AMO,COS,VOD,TMH,O2U,DRE,XEC,TMS,DTM,TCL,H3G,FTM","Greece,Slovakia,Ireland,Portugal,Iceland,Austria,Latvia,Netherlands,Sweden,Luxembourg,Poland,Slovenia,Bulgaria,France,Lithuania,Croatia,Romania,Hungary,United Kingdom,Switzerland,Spain,Czech Republic,Belgium,Norway,Finland,Denmark,Italy,Germany,Estonia",oanh.lt@samsung.com,srv.gba@samsung.com,"2026-10-01 17:35:47 KST","2026-10-02 13:09:51 KST","2026-10-02 13:09:51 KST","2026-10-02 13:09:51 KST",,a36xqnaeea,2026-09-05,hung.nguyen1@samsung.com,SRV,100.0,A366BXXUCDZIF,A366BXXUCDZIF,A366BOXMCDZIF,SM-A366B,PHONE,"2026-10-01 23:30:00 KST",false,VARIANT,No,SM6475,,SRV
6363728039903232,Vendor,Approved,,false,samsung/a36xqtfn/a36xq:15/AP3A.240905.015.A2/S366VUDUBDZIF:user/release-keys,,,a2.rajput@samsung.com,srin-pregba@samsung.com,"2026-10-01 17:31:41 KST","2026-10-05 16:00:03 KST","2026-10-05 12:50:41 KST","2026-10-05 16:00:03 KST",,a36xqtfn,,sajal.ag@samsung.com,SRI-Noida,100.0,S366VUDUBDZIF,,,SM-S366V,PHONE,"2026-10-02 19:00:00 KST",false,,No,SM6475,,SRI-N
5398016857210880,Regular,Approved,LR,false,samsung/gts10litekxx/gts10lite:17/CP2A.260605.016/X406NKOU8DZI6_KOO8DZI6:user/release-keys,KOO,Korea,d.khantwal@samsung.com,bk1.seo@samsung.com,"2026-10-01 17:14:10 KST","2026-10-03 14:36:27 KST","2026-10-01 19:43:35 KST","2026-10-03 14:36:27 KST",,gts10litekxx,2026-09-05,ppphsw@samsung.com,HQ-Gumi,100.0,X406NKOU8DZI6,X406NKOU8DZI6,X406NKOO8DZI6,SM-X406N,TABLET,"2026-10-07 23:30:00 KST",false,FULL,Yes,s5e8835,SP,SRI-N
4651842390982656,Vendor,Approved,,false,samsung/m47xqxx/m47xq:15/AP3A.240905.015.A2/M476BXXU3BZIF:user/release-keys,,,priyanka.l@samsung.com,srin-pregba@samsung.com,"2026-10-01 16:56:43 KST","2026-10-07 00:00:07 KST","2026-10-06 18:27:22 KST","2026-10-07 00:00:07 KST",,m47xqxx,,tarun.lohia@samsung.com,SRI-Noida,100.0,M476BXXU3BZIF,,,SM-M476B,PHONE,"2026-10-01 23:00:00 KST",false,,No,SM6475,,SRI-N
4651379876691968,Vendor,Approved,,false,samsung/pa1qsbmx/pa1q:15/AP3A.240905.015.A2/S931ZSCU1DZIF:user/release-keys,,,hoai.nt4@samsung.com,suwonga2.sec@samsung.com,"2026-10-01 16:43:16 KST","2026-10-03 00:00:03 KST","2026-10-02 16:49:55 KST","2026-10-03 00:00:03 KST",,pa1qsbmx,,jimipark@samsung.com,HQ-Suwon2,100.0,S931ZSCU1DZIF,,,SM-S931Z,PHONE,"2026-10-01 23:00:00 KST",false,,No,SM8750,,SRV
4927908460363776,SMR,Approved,SMR,,samsung/a14xmxx/a14xm:15/AP3A.240905.015.A2/A146PXXSKEZI2:user/release-keys,"CAL,GLB,MM1,OPS,SIN,STH,TEL,THL,TLP,VAU,XNZ,XSA,XSP,XTC,XXV","Cambodia,Philippines,Singapore,Australia,Thailand,Laos,New Zealand,Vietnam",approval.se@samsung.com,srv.gba@samsung.com,"2026-10-01 16:35:13 KST","2026-10-01 17:36:54 KST","2026-10-01 17:09:04 KST","2026-10-01 17:36:54 KST",,a14xmxx,2026-07-05,nhung.hh@samsung.com,SRV,100.0,A146PXXSKEZI2,A146PXXSKEZI2,A146POLMKEZI2,SM-A146P,PHONE,,false,,Yes,MT6833V/NZA,,SRV
4609393685692416,SMR,Approved,SMR,,samsung/a05mxx/a05m:15/AP3A.240905.015.A2/A055FXXSIDZI3:user/release-keys,"CAU,SEK,SKZ","Armenia,Azerbaijan,Georgia,Ukraine,Moldova,Mongolia,Uzbekistan,Kazakhstan,Turkmenistan,Kyrgyzstan,Tajikistan",approval.se@samsung.com,srv.gba@samsung.com,"2026-10-01 16:21:33 KST","2026-10-01 17:35:50 KST","2026-10-01 17:18:57 KST","2026-10-01 17:35:50 KST",,a05mxx,2026-07-05,tran.minh@samsung.com,SRV,100.0,A055FXXSIDZI3,A055FXXSIDZI3,A055FOXMIDZI3,SM-A055F,PHONE,"2026-10-01 21:00:00 KST",false,,Yes,MT6769V/WY,,SRV
6305466405879808,Regular,Approved,MR,false,samsung/gta9kx/gta9:16/BP2A.250605.031.A3/X115NKOUBDZI1:user/release-keys,KOO,Korea,d2.kumar@samsung.com,gumi.ga2.sec@samsung.com,"2026-10-01 16:20:20 KST","2026-10-01 21:36:24 KST","2026-10-01 17:56:32 KST","2026-10-01 21:36:24 KST",,gta9kx,2026-07-05,rt.misun.lee@samsung.com,HQ-Gumi,100.0,X115NKOUBDZI1,X115NKOUBDZI1,X115NKOOBDZI1,SM-X115N,TABLET,"2026-10-02 00:00:00 KST",false,FULL,Yes,MT8781V/CA,,SRI-N
4551732877328384,SKU,Approved,MR,false,samsung/a17eea/a17:17/CP2A.260605.016/A175FXXU7DZI9_OXM7DZI9:user/release-keys,"AMO,ATL,BOG,COS,DRE,EUX,EVR,FTM,HUI,MEO,MET,MOT,O2U,OMN,OPV,ORO,ORS,PLS,SFR,SIM,TCL,TIM,VDC,VDI,VGR,VIP,VOD","Spain,France,Greece,Austria,Romania,Hungary,United Kingdom,Portugal,Switzerland,Netherlands,Sweden,Czech Republic,Latvia,Belgium,Ireland,Poland,Italy,Slovakia,Bulgaria,Germany,Croatia,Slovenia",thuynga.dt@samsung.com,srv.gba@samsung.com,"2026-10-01 16:18:43 KST","2026-10-02 12:53:11 KST","2026-10-02 12:53:11 KST","2026-10-02 12:53:11 KST",,a17eea,2026-10-05,the.toan@samsung.com,SRV,100.0,A175FXXU7DZI9,A175FXXU7DZI9,A175FOXM7DZI9,SM-A175F,PHONE,"2026-10-01 23:30:00 KST",false,VARIANT,No,MT6789V/CD,,SRV
6353286034882560,SKU,Approved,MR,false,samsung/a17xx/a17:17/CP2A.260605.016/A175FXXU7DZI9_OXM7DZI9:user/release-keys,"CAC,XNZ,XXV,XSP,XFA,VAU,STH,XSG,MID,EUY,CAU,LYS,PKD,TOP,TKD,MBM,ILP,MWD,XSA,AFG,SOZ,MM1,FWD,EGY,GLB,KSA,DKR,AFR,THL,XFV,XME,XTC,ACR,MSR,TUN,ECT,SIN,ILO","Mongolia,Turkmenistan,Kyrgyzstan,Tajikistan,New Zealand,Vietnam,Singapore,South Africa,Zambia,Mauritius,Australia,United Arab Emirates,Jordan,Ukraine,Macedonia,Serbia,Armenia,Azerbaijan,Georgia,Libya,Pakistan,Algeria,Palestine,Morocco,Afghanistan,Uzbekistan,Egypt,Philippines,Saudi Arabia,Senegal,Kenya,Myanmar,Cambodia,Thailand,Laos,Malaysia,Ghana,Tunisia,Nigeria,Israel",ng.thanhtuan@samsung.com,huong.thuy@samsung.com,"2026-10-01 16:17:17 KST","2026-10-02 17:29:57 KST","2026-10-02 17:29:57 KST","2026-10-02 17:29:57 KST",,a17xx,2026-10-05,the.toan@samsung.com,SRV,100.0,A175FXXU7DZI9,A175FXXU7DZI9,A175FOXM7DZI9,SM-A175F,PHONE,"2026-10-01 23:30:00 KST",false,VARIANT,No,MT6789V/CD,,SRV
4734682076020736,SMR,Approved,SMR,,samsung/a05mxx/a05m:15/AP3A.240905.015.A2/A055FXXSIDZI3:user/release-keys,"ACR,AFG,AFR,DKR,ECT,EGY,FWD,ILO,ILP,KSA,LYS,MID,MWD,PAK,PKD,TUN,XFA,XFE,XFV,XSG","Ghana,Afghanistan,Kenya,Senegal,Nigeria,Egypt,Morocco,Israel,Palestine,Saudi Arabia,Libya,Jordan,Pakistan,Tunisia,South Africa,Zambia,Mauritius,Qatar,United Arab Emirates,Kuwait,Bahrain,Oman",approval.se@samsung.com,srv.gba@samsung.com,"2026-10-01 16:17:10 KST","2026-10-01 17:35:50 KST","2026-10-01 16:39:01 KST","2026-10-01 17:35:50 KST",,a05mxx,2026-07-05,minh.nq3@samsung.com,SRV,100.0,A055FXXSIDZI3,A055FXXSIDZI3,A055FOJMIDZI3,SM-A055F,PHONE,,false,,Yes,MT6769V/WY,,SRV
4684148463894528,SMR,Approved,SMR,,samsung/pa2qksx/pa2q:17/CP2A.260605.016/S936NKSSDDZJ1_OKRDDZJ1:user/release-keys,"KOO,KTC,LUC,SKC",Korea,approval.se@samsung.com,gumi.ga0.sec@samsung.com,"2026-10-01 16:15:42 KST","2026-10-02 03:35:31 KST","2026-10-01 16:49:02 KST","2026-10-02 03:35:31 KST",,pa2qksx,2026-10-05,mikyung.han@samsung.com,HQ-Gumi,100.0,S936NKSSDDZJ1,S936NKSSDDZJ1,S936NOKRDDZJ1,SM-S936N,PHONE,"2026-10-01 21:30:00 KST",false,,Yes,SM8750,,SRI-N
6069632167575552,SMR,On_Hold,SMR,,samsung/a34xxx/a34x:16/BP4A.251205.006/A346BXXSHFZJ1:user/release-keys,EUY,Serbia,approval.se@samsung.com,ga1.sec@samsung.com,"2026-10-01 15:58:23 KST","2026-10-01 16:49:08 KST","2026-10-01 16:49:08 KST",,,a34xxx,2026-10-05,dh4447.kim@samsung.com,HQ-Suwon,100.0,A346BXXSHFZJ1,A346BXXSHFZJ1,A346BOXMHFZJ1,SM-A346B,PHONE,"2026-10-01 21:30:00 KST",false,,No,MT6877V/TTZA,,SRV
4960304274604032,SMR,On_Hold,SMR,,samsung/a34xeea/a34x:16/BP4A.251205.006/A346BXXSHFZJ1:user/release-keys,EUX,"Portugal,Iceland,Greece,Netherlands,Sweden,Austria,Latvia,Luxembourg,Poland,Slovakia,Slovenia,Bulgaria,France,Lithuania,Croatia,Romania,Hungary,United Kingdom,Switzerland,Spain,Czech Republic,Belgium,Norway,Finland,Denmark,Italy,Germany,Estonia",approval.se@samsung.com,ga1.sec@samsung.com,"2026-10-01 15:56:26 KST","2026-10-01 16:58:43 KST","2026-10-01 16:58:43 KST",,,a34xeea,2026-10-05,dh4447.kim@samsung.com,HQ-Suwon,100.0,A346BXXSHFZJ1,A346BXXSHFZJ1,A346BOXMHFZJ1,SM-A346B,PHONE,"2026-10-01 21:30:00 KST",false,,No,MT6877V/TTZA,,SRV
6599402525556736,Regular,Approved,MR,false,samsung/m47xqdins/m47xq:17/CP2A.260605.016/E476BXXU3BZIF_ODM3BZIF:user/release-keys,INS,India,akansha.s1@samsung.com,srin-pregba@samsung.com,"2026-10-01 15:52:56 KST","2026-10-06 20:01:19 KST","2026-10-06 19:33:56 KST","2026-10-06 20:01:19 KST",,m47xqdins,2026-09-05,tarun.lohia@samsung.com,SRI-Noida,100.0,E476BXXU3BZIF,E476BXXU3BZIF,E476BODM3BZIF,SM-E476B,PHONE,"2026-10-02 00:00:00 KST",false,VARIANT,No,SM6475,,SRI-N
5025676344426496,Regular,Approved,LR,false,samsung/a16nseea/a16:17/CP2A.260605.016/A165FXXUBEZI7:user/release-keys,EUX,Austria,thuynga.dt@samsung.com,srv.gba@samsung.com,"2026-10-01 15:52:13 KST","2026-10-03 14:36:16 KST","2026-10-02 16:26:33 KST","2026-10-03 14:36:16 KST",,a16nseea,2026-09-05,thuhien.tr@samsung.com,SRV,100.0,A165FXXUBEZI7,A165FXXUBEZI7,A165FOLMBEZI7,SM-A165F,PHONE,"2026-10-07 23:30:00 KST",false,VARIANT,Yes,MT6789V/CD,SP,SRV
6433051227979776,SKU,Approved,MR,false,samsung/a27xqxx/a27xq:17/CP2A.260605.016/A276BXXU3BZIF_ODM3BZIF:user/release-keys,"BKD,SLK","Bangladesh,Sri Lanka",umesh.k@samsung.com,srin-pregba@samsung.com,"2026-10-01 15:50:35 KST","2026-10-01 16:30:27 KST","2026-10-01 16:30:27 KST","2026-10-01 16:30:27 KST",,a27xqxx,2026-09-05,tarun.lohia@samsung.com,SRI-Noida,100.0,A276BXXU3BZIF,A276BXXU3BZIF,A276BODM3BZIF,SM-A276B,PHONE,"2026-10-01 22:30:00 KST",false,VARIANT,No,SM6475,,SRI-N
5838063569993728,Regular,Approved,MR,false,samsung/a34xxx/a34x:17/CP2A.260605.016/A346BXXUHGZI8:user/release-keys,EUY,Serbia,ducmanh.ng1@samsung.com,ga1.sec@samsung.com,"2026-10-01 15:39:20 KST","2026-10-01 22:01:36 KST","2026-10-01 18:22:37 KST","2026-10-01 22:01:36 KST",,a34xxx,2026-10-05,dh4447.kim@samsung.com,HQ-Suwon,100.0,A346BXXUHGZI8,A346BXXUHGZI8,A346BOXMHGZI8,SM-A346B,PHONE,"2026-10-02 00:00:00 KST",false,FULL,Yes,MT6877V/TTZA,,SRV
4924559526723584,Regular,Approved,MR,false,samsung/a34xeea/a34x:17/CP2A.260605.016/A346BXXUHGZI8:user/release-keys,EUX,"Portugal,Iceland,Greece,Netherlands,Sweden,Austria,Latvia,Luxembourg,Poland,Slovakia,Slovenia,Bulgaria,France,Lithuania,Croatia,Romania,Hungary,United Kingdom,Switzerland,Spain,Czech Republic,Belgium,Norway,Finland,Denmark,Italy,Germany,Estonia",hoai.nt4@samsung.com,ga1.sec@samsung.com,"2026-10-01 15:37:46 KST","2026-10-05 13:35:21 KST","2026-10-01 18:23:00 KST","2026-10-05 13:35:21 KST",,a34xeea,2026-10-05,dh4447.kim@samsung.com,HQ-Suwon,100.0,A346BXXUHGZI8,A346BXXUHGZI8,A346BOXMHGZI8,SM-A346B,PHONE,"2026-10-02 00:00:00 KST",false,VARIANT,Yes,MT6877V/TTZA,,SRV
6314014665867264,Vendor,Approved,,false,samsung/a34xxx/a34x:15/AP3A.240905.015.A2/A346BXXUHGZI8:user/release-keys,,,ducmanh.ng1@samsung.com,ga1.sec@samsung.com,"2026-10-01 15:30:29 KST","2026-10-02 00:00:02 KST","2026-10-01 18:15:08 KST","2026-10-02 00:00:02 KST",,a34xxx,,dh4447.kim@samsung.com,HQ-Suwon,100.0,A346BXXUHGZI8,,,SM-A346B,PHONE,"2026-10-01 23:00:00 KST",false,,No,MT6877V/TTZA,,SRV
6156062948589568,Vendor,Approved,,false,samsung/gta9kx/gta9:16/BP2A.250605.031.A3/X115NKOUBDZI1:user/release-keys,,,d2.kumar@samsung.com,gumi.ga2.sec@samsung.com,"2026-10-01 15:28:54 KST","2026-10-01 21:36:28 KST","2026-10-01 17:53:37 KST","2026-10-01 21:36:28 KST",,gta9kx,,rt.misun.lee@samsung.com,HQ-Gumi,100.0,X115NKOUBDZI1,,,SM-X115N,TABLET,"2026-10-01 23:00:00 KST",false,,Yes,MT8781V/CA,,SRI-N
5591864703188992,SKU,Approved,MR,false,samsung/a36xqnaxx/a36xq:17/CP2A.260605.016/A366BXXUCDZIF_OXMCDZIF:user/release-keys,"EUY,MBM,MSR,TOP","Ukraine,Macedonia,Serbia",khanh.toan@samsung.com,srv.gba@samsung.com,"2026-10-01 15:17:36 KST","2026-10-01 16:31:06 KST","2026-10-01 16:31:06 KST","2026-10-01 16:31:06 KST",,a36xqnaxx,2026-09-05,hung.nguyen1@samsung.com,SRV,100.0,A366BXXUCDZIF,A366BXXUCDZIF,A366BOXMCDZIF,SM-A366B,PHONE,"2026-10-01 22:00:00 KST",false,VARIANT,No,SM6475,,SRV
4754346952884224,Regular,Verified,MR,false,samsung/a16nstur/a16:17/CP2A.260605.016/A165FXXUBEZI8:user/release-keys,TUR,"Turkey,Türkiye",ly.ltt@samsung.com,srv.gba@samsung.com,"2026-10-01 15:12:16 KST","2026-10-05 13:15:09 KST","2026-10-05 13:15:09 KST",,,a16nstur,2026-10-05,dat.tien@samsung.com,SRV,100.0,A165FXXUBEZI8,A165FXXUBEZI8,A165FOLMBEZI8,SM-A165F,PHONE,"2026-10-01 23:30:00 KST",false,VARIANT,No,MT6789V/CD,,SRV
5682283831099392,Regular,Approved,MR,false,samsung/b5qksx/b5q:17/CP2A.260605.016/F731NKSU6HZIJ:user/release-keys,"KTC,KOO,LUC,SKC",Korea,priyanka.l@samsung.com,sb0820.yoon@samsung.com,"2026-10-01 15:11:37 KST","2026-10-01 19:35:54 KST","2026-10-01 19:12:37 KST","2026-10-01 19:35:54 KST",,b5qksx,2026-10-05,hyunchul0221.jung@samsung.com,HQ-Gumi,100.0,F731NKSU6HZIJ,F731NKSU6HZIJ,F731NOKR6HZIJ,SM-F731N,PHONE,"2026-10-02 00:00:00 KST",false,FULL,Yes,SM8550,,SRI-N
5201002680811520,Vendor,Submitted,,false,samsung/a16nsxx/a16:16/BP2A.250605.031.A3/A165FXXUBEZI8:user/release-keys,,,bich.hanh@samsung.com,srv.gba@samsung.com,"2026-10-01 15:09:53 KST","2026-10-02 17:14:37 KST",,,,a16nsxx,,dat.tien@samsung.com,SRV,Reviewing,A165FXXUBEZI8,,,SM-A165F,PHONE,"2026-10-01 22:30:00 KST",false,,No,MT6789V/CD,,SRV
5796617672458240,SafetyNet,Approved,,,samsung/gts11ukx/gts11u:17/CP2A.260605.016/X936NKOU9ZZI5_KOO9ZZI5:user/release-keys,,,,suwonga2.sec@samsung.com,"2026-10-01 15:09:29 KST","2026-10-01 15:09:40 KST",,"2026-10-01 15:09:40 KST",,gts11ukx,2026-09-05,suwonga2.sec@samsung.com,HQ-Suwon2,100.0,,,,SM-X936N,,,false,,No,MT6991,,
6139680668254208,SMR,Cancelled,SMR,,samsung/xrvst2ue/xrvst2:14/UML2.260301.001/I610UES3AZI4:user/release-keys,TXV,"United States,United Kingdom,Korea",d.khantwal@samsung.com,ljbin.lee@samsung.com,"2026-10-01 15:03:28 KST","2026-10-07 14:05:11 KST",,,,xrvst2ue,2026-09-05,euna79.park@samsung.com,HQ-Suwon,100.0,I610UES3AZI4,,,SM-I610,XR,"2026-10-01 21:30:00 KST",false,,No,SXR2250P,,SRI-N
4770879288639488,Vendor,Submitted,,false,samsung/a26xxx/a26x:13/TP1A.220624.014/A266BXXUCDZI5:user/release-keys,,,vishnu.d@samsung.com,srin-pregba@samsung.com,"2026-10-01 14:46:51 KST","2026-10-01 15:06:47 KST",,,,a26xxx,,arshi.m@samsung.com,SRI-Noida,,A266BXXUCDZI5,,,SM-A266B,PHONE,"2026-10-01 23:00:00 KST",false,,No,s5e8835,,SRI-N
6203990891298816,SMR,Approved,SMR,,samsung/a08ins/a08:17/CP2A.260605.016/A085FXXS2AZI2_ODM2AZI2:user/release-keys,INS,India,ruchi.joshi@samsung.com,srin-pregba@samsung.com,"2026-10-01 14:45:39 KST","2026-10-01 17:35:51 KST","2026-10-01 17:27:39 KST","2026-10-01 17:35:51 KST",,a08ins,2026-09-05,sharik.a@samsung.com,SRI-Noida,100.0,A085FXXS2AZI2,A085FXXS2AZI1,A085FODM2AZI2,SM-A085F,PHONE,"2026-10-01 21:30:00 KST",false,,Yes,MT6789V/CD,,SRI-N
5065503039291392,Regular,Approved,MR,false,samsung/q5qxxx/q5q:17/CP2A.260605.016/F946BTBU7HZIJ:user/release-keys,XXV,Vietnam,nam.dt1@samsung.com,srv.gba@samsung.com,"2026-10-01 14:44:17 KST","2026-10-01 22:01:51 KST","2026-10-01 21:22:47 KST","2026-10-01 22:01:51 KST",,q5qxxx,2026-10-05,xuanson.ng@samsung.com,SRV,100.0,F946BTBU7HZIJ,F946BXXU7HZIJ,F946BOXT7HZIJ,SM-F946B,PHONE,"2026-10-01 23:30:00 KST",false,FULL,Yes,SM8550,,SRV
5848783288270848,Regular,Approved,MR,false,samsung/a27xqtfn/a27xq:17/CP2A.260605.016/S276VUDU3BZIF_TFN3BZIF:user/release-keys,"TFN,TFV","United States",d2.kumar@samsung.com,srin-pregba@samsung.com,"2026-10-01 14:43:24 KST","2026-10-01 16:36:02 KST","2026-10-01 15:55:14 KST","2026-10-01 16:36:02 KST",,a27xqtfn,2026-09-05,rohit.garg@samsung.com,SRI-Noida,100.0,S276VUDU3BZIF,S276VUDU3BZIF,S276VTFN3BZIF,SM-S276V,PHONE,"2026-10-02 00:00:00 KST",false,FULL,Yes,SM6475,,SRI-N
6735356796076032,Vendor,Approved,,false,samsung/gts9fecs/gts9fe:13/TP1A.220624.014/X518UVLUGFZI7:user/release-keys,,,ruchi.joshi@samsung.com,srin-pregba@samsung.com,"2026-10-01 14:29:55 KST","2026-10-06 00:00:03 KST","2026-10-05 15:05:20 KST","2026-10-06 00:00:03 KST",,gts9fecs,,akash.jindal@samsung.com,SRI-Noida,100.0,X518UVLUGFZI7,,,SM-X518U,TABLET,"2026-10-01 23:00:00 KST",false,,No,s5e8835,,SRI-N
6177501143629824,Vendor,Approved,,false,samsung/q5qxxx/q5q:13/TP1A.220624.014/F946BTBU7HZIJ:user/release-keys,,,nam.dt1@samsung.com,srv.gba@samsung.com,"2026-10-01 14:24:34 KST","2026-10-02 00:00:02 KST","2026-10-01 21:14:10 KST","2026-10-02 00:00:02 KST",,q5qxxx,,xuanson.ng@samsung.com,SRV,100.0,F946BTBU7HZIJ,,,SM-F946B,PHONE,"2026-10-01 22:30:00 KST",false,,No,SM8550,,SRV
5786249084534784,Vendor,Approved,,false,samsung/a36xque/a36xq:15/AP3A.240905.015.A2/A366U1UEUADZIF:user/release-keys,,,bhawna.s1@samsung.com,srin-pregba@samsung.com,"2026-10-01 14:22:39 KST","2026-10-06 00:00:03 KST","2026-10-05 17:33:55 KST","2026-10-06 00:00:03 KST",,a36xque,,kunal.tulani@samsung.com,SRI-Noida,100.0,A366U1UEUADZIF,,,SM-A366U1,PHONE,"2026-10-01 23:00:00 KST",false,,No,SM6475,,SRI-N
6159597874446336,Regular,Uploaded,LR,false,samsung/SCG22_jp_kdi/SCG22:17/CP2A.260605.016/SCG22KDU1FZIB:user/release-keys,KDI,Japan,umesh.k@samsung.com,suwonga2.sec@samsung.com,"2026-10-01 14:22:39 KST","2026-10-05 19:00:20 KST",,,"2026-10-05 17:56:46 KST",SCG22_jp_kdi,2026-09-05,youngjune.jang@samsung.com,HQ-Suwon2,10.0,SCG22KDU1FZIB,SCG22KDU1FZIB,SCG22QDI1FZIB,SCG22,PHONE,"2026-10-07 23:30:00 KST",false,FULL,No,SM8550,LD,SRI-N
5725564367536128,Regular,Approved,LR,false,samsung/SCG23_jp_kdi/SCG23:17/CP2A.260605.016/SCG23KDU1FZIB:user/release-keys,KDI,Japan,bhawna.s1@samsung.com,suwonga2.sec@samsung.com,"2026-10-01 14:17:02 KST","2026-10-06 14:01:14 KST","2026-10-06 13:54:17 KST","2026-10-06 14:01:14 KST","2026-10-01 18:08:29 KST",SCG23_jp_kdi,2026-09-05,kangwook.kim@samsung.com,HQ-Suwon2,100.0,SCG23KDU1FZIB,SCG23KDU1FZIB,SCG23QDI1FZIB,SCG23,PHONE,"2026-10-07 23:30:00 KST",false,FULL,Yes,SM8550,LD,SRI-N
6469040638001152,Vendor,Approved,,false,samsung/a27xqtfn/a27xq:15/AP3A.240905.015.A2/S276VUDU3BZIF:user/release-keys,,,d2.kumar@samsung.com,srin-pregba@samsung.com,"2026-10-01 14:03:28 KST","2026-10-02 00:00:03 KST","2026-10-01 15:54:02 KST","2026-10-02 00:00:03 KST",,a27xqtfn,,rohit.garg@samsung.com,SRI-Noida,100.0,S276VUDU3BZIF,,,SM-S276V,PHONE,"2026-10-01 23:00:00 KST",false,,No,SM6475,,SRI-N
6556196530290688,Regular,Approved,MR,false,samsung/dm1qxxx/dm1q:17/CP2A.260605.016/S911BXXUAGZIF:user/release-keys,EUY,"Kosovo,Macedonia,Serbia,Bosnia and Herzegovina,Montenegro,Albania",huy.dn@samsung.com,gumi.ga1.sec@samsung.com,"2026-10-01 14:03:25 KST","2026-10-01 18:35:07 KST","2026-10-01 18:03:16 KST","2026-10-01 18:35:07 KST",,dm1qxxx,2026-10-05,suyeon79.kim@samsung.com,HQ-Gumi,100.0,S911BXXUAGZIF,S911BXXUAGZIF,S911BOXMAGZIF,SM-S911B,PHONE,"2026-10-02 00:00:00 KST",false,FULL,Yes,SM8550,,SRV
4759517992845312,Regular,Approved,MR,false,samsung/a57xjpn/a57x:17/CP2A.260605.016/A576QOPU1BZIF_SJP1BZIF:user/release-keys,SJP,Japan,bhawna.s1@samsung.com,suwonga2.sec@samsung.com,"2026-10-01 14:03:24 KST","2026-10-01 20:00:43 KST","2026-10-01 15:06:47 KST","2026-10-01 20:00:43 KST",,a57xjpn,2026-09-05,jh34.choi@samsung.com,HQ-Suwon2,100.0,A576QOPU1BZIF,A576QOPU1BZIF,A576QSJP1BZIF,SM-A576Q,PHONE,"2026-10-02 00:00:00 KST",false,FULL,Yes,s5e8865,,SRI-N
5804924743188480,Vendor,Approved,,false,samsung/a57xjpn/a57x:16/BP2A.250605.031.A3/A576QOPU1BZIF:user/release-keys,,,bhawna.s1@samsung.com,suwonga2.sec@samsung.com,"2026-10-01 14:02:05 KST","2026-10-02 00:00:03 KST","2026-10-01 15:04:35 KST","2026-10-02 00:00:03 KST",,a57xjpn,,jh34.choi@samsung.com,HQ-Suwon2,100.0,A576QOPU1BZIF,,,SM-A576Q,PHONE,"2026-10-01 23:00:00 KST",false,,No,s5e8865,,SRI-N
4699758388314112,Vendor,Approved,,false,samsung/a36xqsq/a36xq:15/AP3A.240905.015.A2/A366USQUADZIF:user/release-keys,,,akansha.s1@samsung.com,srin-pregba@samsung.com,"2026-10-01 14:01:51 KST","2026-10-05 16:00:03 KST","2026-10-05 14:29:06 KST","2026-10-05 16:00:03 KST",,a36xqsq,,sudhir.s1@samsung.com,SRI-Noida,100.0,A366USQUADZIF,,,SM-A366U,PHONE,"2026-10-01 23:00:00 KST",false,,No,SM6475,,SRI-N
5093181352050688,Vendor,Approved,,false,samsung/gts10litekxx/gts10lite:13/TP1A.220624.014/X406NKOU8DZI6:user/release-keys,,,d.khantwal@samsung.com,gumi.ga1.sec@samsung.com,"2026-10-01 13:45:23 KST","2026-10-03 16:00:03 KST","2026-10-01 19:38:11 KST","2026-10-03 16:00:03 KST",,gts10litekxx,,ppphsw@samsung.com,HQ-Gumi,100.0,X406NKOU8DZI6,,,SM-X406N,TABLET,"2026-10-01 23:00:00 KST",false,,No,s5e8835,,SRI-N
4766520769249280,Vendor,Reviewed,,false,samsung/gts10psqw/gts10p:14/UP1A.231005.007/X828USQUBEZIA:user/release-keys,,,d2.kumar@samsung.com,srin-pregba@samsung.com,"2026-10-01 13:42:29 KST","2026-10-05 15:00:12 KST","2026-10-05 14:44:43 KST",,,gts10psqw,,kanav.sareen@samsung.com,SRI-Noida,100.0,X828USQUBEZIA,,,SM-X828U,TABLET,"2026-10-01 23:00:00 KST",false,,No,SM8650,,SRI-N
5316237056016384,Regular,Approved,MR,false,samsung/fresh9bsue/fresh9bs:17/CP2A.260330.023/L340XXU1AZI3:user/release-keys,XAA,"United States",a2.rajput@samsung.com,ga1.sec@samsung.com,"2026-10-01 13:41:37 KST","2026-10-01 20:36:17 KST","2026-10-01 19:14:11 KST","2026-10-01 20:36:17 KST",,fresh9bsue,2026-08-05,jsparc@samsung.com,HQ-Suwon,100.0,L340XXU1AZI3,,L340OXM1AZI3,SM-L340,WEARABLE,,false,FULL,No,SW6100,,SRI-N
6189499805859840,Regular,Approved,LR,false,samsung/SC-55D/SC-55D:17/CP2A.260605.016/SC55DOMU1FZIB:user/release-keys,DCM,Japan,ducmanh.ng1@samsung.com,suwonga2.sec@samsung.com,"2026-10-01 13:40:29 KST","2026-10-05 19:00:36 KST","2026-10-05 18:35:27 KST","2026-10-05 19:00:36 KST","2026-10-01 19:05:13 KST",SC-55D,2026-09-05,sungheelee@samsung.com,HQ-Suwon2,100.0,SC55DOMU1FZIB,SC55DOMU1FZIB,SC55DQCM1FZIB,SC-55D,PHONE,"2026-10-12 23:30:00 KST",false,FULL,Yes,SM8550,LD,SRV
6442236082651136,SMR,Approved,SMR,,samsung/a08xx/a08:17/CP2A.260605.016/A085FXXS2AZI4_OLM2AZI1:user/release-keys,XME,Malaysia,approval.se@samsung.com,srv.gba@samsung.com,"2026-10-01 13:09:27 KST","2026-10-01 18:01:34 KST","2026-10-01 13:39:01 KST","2026-10-01 18:01:34 KST",,a08xx,2026-09-05,chinh.hoa@samsung.com,SRV,100.0,A085FXXS2AZI4,A085FXXS2AZI1,A085FOLM2AZI1,SM-A085F,PHONE,"2026-10-01 19:00:00 KST",false,,Yes,MT6789V/CD,,SRV
5004803742892032,Regular,Verified,MR,false,samsung/a16nsser/a16:17/CP2A.260605.016/A165FXXUBEZI8:user/release-keys,SER,Russia,yen.dt@samsung.com,srv.gba@samsung.com,"2026-10-01 13:04:18 KST","2026-10-02 15:07:12 KST","2026-10-02 15:07:12 KST",,,a16nsser,2026-10-05,dat.tien@samsung.com,SRV,100.0,A165FXXUBEZI8,A165FXXUBEZI8,A165FOLMBEZI8,SM-A165F,PHONE,"2026-10-01 21:30:00 KST",false,VARIANT,No,MT6789V/CD,,SRV
6064209234493440,Vendor,Approved,,false,samsung/SCG23_jp_kdi/SCG23:13/TP1A.220624.014/SCG23KDU1FZIB:user/release-keys,,,bhawna.s1@samsung.com,suwonga2.sec@samsung.com,"2026-10-01 12:56:13 KST","2026-10-06 16:00:05 KST","2026-10-01 18:04:40 KST","2026-10-06 16:00:05 KST",,SCG23_jp_kdi,,kangwook.kim@samsung.com,HQ-Suwon2,100.0,SCG23KDU1FZIB,,,SCG23,PHONE,"2026-10-01 21:00:00 KST",false,,No,SM8550,,SRI-N
5906761471229952,Regular,Approved,MR,false,samsung/a56xue/a56x:17/CP2A.260605.016/A566U1UEUBDZIF_OYMBDZIF:user/release-keys,"ATT,USC,ACG,TFV,AIO,TMB,XAR,FKR,ATC,VZW,TMK,CCT,XAA,LRA,CHA,XAG","United States",priyanka.l@samsung.com,srin-pregba@samsung.com,"2026-10-01 12:50:24 KST","2026-10-01 14:35:46 KST","2026-10-01 14:20:04 KST","2026-10-01 14:35:46 KST",,a56xue,2026-09-05,k.mittal@samsung.com,SRI-Noida,100.0,A566U1UEUBDZIF,A566U1UEUBDZIF,A566U1OYMBDZIF,SM-A566U1,PHONE,"2026-10-01 22:30:00 KST",false,FULL,Yes,s5e8855,,SRI-N
6559382389391360,SMR,Approved,SMR,,samsung/a08xx/a08:17/CP2A.260605.016/A085FXXS2AZI4_OXM2AZI1:user/release-keys,"CAC,CAU,SEE,SEK,SOZ","Mongolia,Turkmenistan,Kyrgyzstan,Tajikistan,Armenia,Azerbaijan,Georgia,Kosovo,Macedonia,Serbia,Bosnia and Herzegovina,Montenegro,Albania,Ukraine,Moldova,Uzbekistan",approval.se@samsung.com,srv.gba@samsung.com,"2026-10-01 12:49:06 KST","2026-10-01 14:01:40 KST","2026-10-01 13:48:58 KST","2026-10-01 14:01:40 KST",,a08xx,2026-09-05,chinh.hoa@samsung.com,SRV,100.0,A085FXXS2AZI4,A085FXXS2AZI1,A085FOXM2AZI1,SM-A085F,PHONE,"2026-10-01 19:00:00 KST",false,,Yes,MT6789V/CD,,SRV
5520996736172032,Vendor,Approved,,false,samsung/SC-52F/SC-52F:15/AP3A.240905.015.A2/SC52FOMU1DZIF:user/release-keys,,,oanh.lt@samsung.com,suwonga2.sec@samsung.com,"2026-10-01 12:24:34 KST","2026-10-03 00:00:03 KST","2026-10-02 16:41:57 KST","2026-10-03 00:00:03 KST",,SC-52F,,chjo@samsung.com,HQ-Suwon2,100.0,SC52FOMU1DZIF,,,SC-52F,PHONE,"2026-10-01 21:00:00 KST",false,,No,SM8750,,SRV
6360270188576768,Regular,Approved,MR,false,samsung/a56xcs/a56x:17/CP2A.260605.016/A566WVLUBDZIF_OYVBDZIF:user/release-keys,"CHR,ESK,FIZ,FMC,GLW,KDO,PMB,RWC,TBT,TLS,VTR,XAC",Canada,priyanka.l@samsung.com,srin-pregba@samsung.com,"2026-10-01 12:24:03 KST","2026-10-01 15:36:27 KST","2026-10-01 15:07:59 KST","2026-10-01 15:36:27 KST",,a56xcs,2026-09-05,manisha.g1@samsung.com,SRI-Noida,100.0,A566WVLUBDZIF,A566WVLUBDZIF,A566WOYVBDZIF,SM-A566W,PHONE,,false,FULL,Yes,s5e8855,,SRI-N
6258553920946176,SMR,Rejected,SMR,,samsung/xrvst2kx/xrvst2:14/UML2.260301.001/I610HUES3AZI4:user/release-keys,TXV,"United States,United Kingdom,Korea",umesh.k@samsung.com,ej0330.kim@samsung.com,"2026-10-01 12:22:09 KST","2026-10-07 14:06:45 KST","2026-10-07 14:06:45 KST",,,xrvst2kx,2026-09-05,leading.aps@samsung.com,HQ-Suwon,100.0,I610HUES3AZI4,,,SM-I610H,XR,"2026-10-01 19:30:00 KST",false,,No,SXR2250P,,SRI-N
4514723479683072,Regular,Uploaded,LR,false,samsung/gta11dx/gta11:17/CP2A.260605.016/X135GDXU5CZIA_OLM5CZIA:user/release-keys,XEV,Vietnam,vuong.hue@samsung.com,srv.gba@samsung.com,"2026-10-01 11:53:53 KST","2026-10-01 20:00:40 KST",,,"2026-10-01 19:19:21 KST",gta11dx,2026-09-05,bui.tthanh@samsung.com,SRV,10.0,X135GDXU5CZIA,X135GDXU5CZIA,X135GOLM5CZIA,SM-X135G,TABLET,"2026-10-12 23:30:00 KST",false,FULL,No,MT8781V/CA,LD,SRV
5397851433861120,SMR,Approved,SMR,,samsung/m1quew/m1q:17/CP2A.260605.016/S942U1UES4BZIG_OYM4BZIG:user/release-keys,"ACG,AIO,ATC,ATT,CCT,CHA,DSA,DSG,DSH,FKR,LRA,TFN,TMB,TMK,USC,VZW,XAA,XAG,XAR","United States",akansha.s1@samsung.com,ga1.sec@samsung.com,"2026-10-01 11:38:16 KST","2026-10-01 20:01:17 KST","2026-10-01 18:48:07 KST","2026-10-01 20:01:17 KST",,m1quew,2026-10-05,tk.noh@samsung.com,HQ-Suwon,100.0,S942U1UES4BZIG,S942U1UES4BZIG,S942U1OYM4BZIG,SM-S942U1,PHONE,"2026-10-01 19:30:00 KST",false,,Yes,SM8850,,SRI-N
5219758668775424,SMR,Approved,SMR,,samsung/m2quew/m2q:17/CP2A.260605.016/S947U1UES4BZIG_OYM4BZIG:user/release-keys,"ACG,AIO,ATC,ATT,CCT,CHA,DSA,DSG,DSH,FKR,LRA,TFN,TMB,TMK,USC,VZW,XAA,XAG,XAR","United States",d2.kumar@samsung.com,ga1.sec@samsung.com,"2026-10-01 11:38:09 KST","2026-10-01 17:36:11 KST","2026-10-01 14:50:52 KST","2026-10-01 17:36:11 KST",,m2quew,2026-10-05,tk.noh@samsung.com,HQ-Suwon,100.0,S947U1UES4BZIG,S947U1UES4BZIG,S947U1OYM4BZIG,SM-S947U1,PHONE,"2026-10-01 19:30:00 KST",false,,Yes,SM8850,,SRI-N
5198691719970816,SMR,Approved,SMR,,samsung/m3quew/m3q:17/CP2A.260605.016/S948U1UES4BZIG_OYM4BZIG:user/release-keys,"ACG,AIO,ATC,ATT,CCT,CHA,DSA,DSG,DSH,FKR,LRA,TFN,TMB,TMK,USC,VZW,XAA,XAG,XAR","United States",r1.rawat@samsung.com,ga1.sec@samsung.com,"2026-10-01 11:37:57 KST","2026-10-01 18:00:51 KST","2026-10-01 14:32:40 KST","2026-10-01 18:00:22 KST",,m3quew,2026-10-05,tk.noh@samsung.com,HQ-Suwon,100.0,S948U1UES4BZIG,S948U1UES4BZIG,S948U1OYM4BZIG,SM-S948U1,PHONE,"2026-10-01 19:30:00 KST",false,,Yes,SM8850,,SRI-N
6228379728871424,Regular,Approved,MR,false,samsung/b5qksx/b5q:17/CP2A.260605.016/F731NTCU6HZIJ:user/release-keys,KOO,Korea,ruchi.joshi@samsung.com,gumi.ga2.sec@samsung.com,"2026-10-01 11:17:49 KST","2026-10-01 13:36:08 KST","2026-10-01 13:18:45 KST","2026-10-01 13:36:08 KST",,b5qksx,2026-10-05,hyunchul0221.jung@samsung.com,HQ-Gumi,100.0,F731NTCU6HZIJ,F731NKSU6HZIJ,F731NOKW6HZIJ,SM-F731N,PHONE,"2026-10-01 22:00:00 KST",false,FULL,Yes,SM8550,,SRI-N
4706110510727168,Vendor,Reviewed,,false,samsung/SCG22_jp_kdi/SCG22:13/TP1A.220624.014/SCG22KDU1FZIB:user/release-keys,,,umesh.k@samsung.com,suwonga2.sec@samsung.com,"2026-10-01 11:15:26 KST","2026-10-05 18:20:35 KST","2026-10-05 17:53:38 KST",,,SCG22_jp_kdi,,youngjune.jang@samsung.com,HQ-Suwon2,100.0,SCG22KDU1FZIB,,,SCG22,PHONE,"2026-10-01 21:00:00 KST",false,,No,SM8550,,SRI-N
5649603424944128,Regular,Approved,MR,true,samsung/fresh9uskx/fresh9us:17/CP2A.260330.023/L345NKOU1AZH6:user/release-keys,KOO,Korea,d.khantwal@samsung.com,gumi.ga2.sec@samsung.com,"2026-10-01 10:56:16 KST","2026-10-01 19:36:26 KST","2026-10-01 18:23:40 KST","2026-10-01 19:36:26 KST",,fresh9uskx,2026-08-05,bhmoon@samsung.com,HQ-Gumi,100.0,L345NKOU1AZH6,L345NKOU1AZH6,L345NOKR1AZH6,SM-L345N,WEARABLE,"2026-10-01 22:00:00 KST",false,FULL,No,SW6100,,SRI-N
5522783442567168,SMR,Approved,SMR,,samsung/a16ub/a16:16/BP4A.251205.006/A165MUBSBDZI2:user/release-keys,"ARO,BVO,CGU,CHO,COO,CTI,CTP,EBE,ECO,EON,GTO,IUS,MXO,PEO,PET,PGU,PNT,PSN,PSP,SAM,TCE,TGP,TMM,TPA,UFN,UPO,UYO,ZTM,ZTO,ZVV","Argentina,Bolivia,Guatemala,Chile,Colombia,Paraguay,Ecuador,Mexico,Peru,Panama,Uruguay,Brazil",approval.se@samsung.com,googleapproval.sidia@samsung.com,"2026-10-01 10:37:05 KST","2026-10-01 12:35:52 KST","2026-10-01 11:19:08 KST","2026-10-01 12:35:52 KST",,a16ub,2026-09-05,dheniffer.pessoa@samsung.com,SIDIA,100.0,A165MUBSBDZI2,A165MUBSBDZI2,A165MOWOBDZI2,SM-A165M,PHONE,"2026-10-02 02:00:00 KST",false,,Yes,MT6789V/CD,,SIDIA
6258732866732032,SMR,Approved,SMR,,samsung/m1qcsx/m1q:17/CP2A.260605.016/S942WVLS4BZIG_OYV4BZIG:user/release-keys,"BMC,BWA,CHR,ESK,FIZ,FMC,GLW,KDO,PCM,PMB,RWC,SOL,TBT,TLS,VMC,VTR,XAC",Canada,d.khantwal@samsung.com,ga1.sec@samsung.com,"2026-10-01 10:14:24 KST","2026-10-01 19:35:34 KST","2026-10-01 13:38:22 KST","2026-10-01 19:35:34 KST",,m1qcsx,2026-10-05,kyrakang@samsung.com,HQ-Suwon,100.0,S942WVLS4BZIG,S942WVLS4BZIG,S942WOYV4BZIG,SM-S942W,PHONE,,false,,Yes,SM8850,,SRI-N
5706161366237184,SMR,Approved,SMR,,samsung/m2qcsx/m2q:17/CP2A.260605.016/S947WVLS4BZIG_OYV4BZIG:user/release-keys,"BMC,BWA,CHR,ESK,FIZ,FMC,GLW,KDO,PCM,PMB,RWC,SOL,TBT,TLS,VMC,VTR,XAC",Canada,d.khantwal@samsung.com,ga1.sec@samsung.com,"2026-10-01 10:14:15 KST","2026-10-01 18:36:31 KST","2026-10-01 13:33:13 KST","2026-10-01 18:36:31 KST",,m2qcsx,2026-10-05,kyrakang@samsung.com,HQ-Suwon,100.0,S947WVLS4BZIG,S947WVLS4BZIG,S947WOYV4BZIG,SM-S947W,PHONE,,false,,Yes,SM8850,,SRI-N
5447977460301824,SMR,Approved,SMR,,samsung/m3qcsx/m3q:17/CP2A.260605.016/S948WVLS4BZIG_OYV4BZIG:user/release-keys,"BMC,BWA,CHR,ESK,FIZ,FMC,GLW,KDO,PCM,PMB,RWC,SOL,TBT,TLS,VMC,VTR,XAC",Canada,d.khantwal@samsung.com,ga1.sec@samsung.com,"2026-10-01 10:13:57 KST","2026-10-01 18:36:15 KST","2026-10-01 13:31:16 KST","2026-10-01 18:36:15 KST",,m3qcsx,2026-10-05,kyrakang@samsung.com,HQ-Suwon,100.0,S948WVLS4BZIG,S948WVLS4BZIG,S948WOYV4BZIG,SM-S948W,PHONE,,false,,Yes,SM8850,,SRI-N
6074611376848896,Vendor,Approved,,false,samsung/SC-55D/SC-55D:13/TP1A.220624.014/SC55DOMU1FZIB:user/release-keys,,,a2.rajput@samsung.com,suwonga2.sec@samsung.com,"2026-10-01 08:47:05 KST","2026-10-06 00:00:04 KST","2026-10-01 18:22:37 KST","2026-10-06 00:00:04 KST",,SC-55D,,sungheelee@samsung.com,HQ-Suwon2,100.0,SC55DOMU1FZIB,,,SC-55D,PHONE,"2026-10-01 21:00:00 KST",false,,No,SM8550,,SRI-N
4533424304160768,SMR,On_Hold,SMR,,samsung/a16xub/a16x:16/BP4A.251205.006/A166MUBSADZJA:user/release-keys,"ARO,CDR,CGU,CHE,CHL,CHO,CHT,CHX,COB,COL,COM,COO,CRC,CTI,CTU,DOR,GLO,GTO,IUS,MXO,PEO,PET,PGU,PNT,PSN,SAM,TCE,TMM,TPA,UFN,UFU,UYO,ZTA,ZTM,ZTO,ZVV","Argentina,Dominican Republic,Guatemala,Chile,Colombia,Costa Rica,Uruguay,Mexico,Peru,Panama,Brazil",approval.se@samsung.com,googleapproval.sidia@samsung.com,"2026-10-01 08:36:49 KST","2026-10-01 09:08:43 KST","2026-10-01 09:08:43 KST",,,a16xub,2026-10-05,caroline.fernandes@samsung.com,SIDIA,100.0,A166MUBSADZJA,A166MUBSADZJA,A166MOWOADZJA,SM-A166M,PHONE,"2026-10-02 02:00:00 KST",false,,No,s5e8535,,SIDIA
6568231028654080,Vendor,Approved,,false,samsung/b5qksx/b5q:13/TP1A.220624.014/F731NKSU6HZIJ:user/release-keys,,,priyanka.l@samsung.com,gumi.ga1.sec@samsung.com,"2026-10-01 08:06:28 KST","2026-10-02 00:00:03 KST","2026-10-01 18:22:30 KST","2026-10-02 00:00:03 KST",,b5qksx,,hyunchul0221.jung@samsung.com,HQ-Gumi,100.0,F731NKSU6HZIJ,,,SM-F731N,PHONE,"2026-10-01 21:00:00 KST",false,,No,SM8550,,SRI-N
5519540742258688,Regular,Approved,MR,false,samsung/a36xqnsxx/a36xq:17/CP2A.260605.016/A366EXXUCDZIF_OWBCDZIF:user/release-keys,"CAU,CGU,CHE,CHL,CHO,CHT,COB,COL,COM,COO,CRC,DOR,EBE,ECO,EON,GLO,PEO,PET,PGU,PNT,SAM","Armenia,Azerbaijan,Georgia,Guatemala,Chile,Colombia,Costa Rica,Dominican Republic,Ecuador,Peru",welton.seabra@samsung.com,googleapproval.sidia@samsung.com,"2026-10-01 07:54:24 KST","2026-10-02 00:35:41 KST","2026-10-01 23:45:06 KST","2026-10-02 00:35:41 KST",,a36xqnsxx,2026-09-05,jose.medeiros@samsung.com,SIDIA,100.0,A366EXXUCDZIF,A366EXXUCDZIF,A366EOWBCDZIF,SM-A366E,PHONE,"2026-10-02 05:00:00 KST",false,VARIANT,Yes,SM6475,,SIDIA
6590168714969088,Regular,Approved,LR,false,samsung/a15ub/a15:17/CP2A.260605.016/A155MUBUCFZII:user/release-keys,TPA,Panama,dinara.araujo@samsung.com,googleapproval.sidia@samsung.com,"2026-10-01 07:27:12 KST","2026-10-06 08:36:45 KST","2026-10-03 08:44:34 KST","2026-10-06 08:36:45 KST","2026-10-02 06:54:34 KST",a15ub,2026-09-05,guilherme.ossame@samsung.com,SIDIA,100.0,A155MUBUCFZII,A155MUBUCFZII,A155MOWOCFZII,SM-A155M,PHONE,"2026-10-12 23:30:00 KST",false,FULL,Yes,MT6789V/CD,LD,SIDIA
5572317300391936,Vendor,Approved,,false,samsung/a15ub/a15:16/BP2A.250605.031.A3/A155MUBUCFZII:user/release-keys,,,dinara.araujo@samsung.com,googleapproval.sidia@samsung.com,"2026-10-01 06:50:17 KST","2026-10-06 16:00:05 KST","2026-10-02 06:50:10 KST","2026-10-06 16:00:05 KST",,a15ub,,guilherme.ossame@samsung.com,SIDIA,100.0,A155MUBUCFZII,,,SM-A155M,PHONE,"2026-10-02 03:30:00 KST",false,,No,MT6789V/CD,,SIDIA
6164118897950720,Regular,Approved,MR,false,samsung/a36xqnsxx/a36xq:17/CP2A.260605.016/A366EXXUCDZIF_OWOCDZIF:user/release-keys,"ARO,BVO,CAU,CDR,CTI,CTP,GTO,IUS,MXO,PSN,PSP,TCE,TGP,TMM,TPA,CTU,UFN,UFU,UPO,UYO,ZTA,ZTM,ZTO,ZVV","Argentina,Bolivia,Armenia,Azerbaijan,Georgia,Dominican Republic,Paraguay,Guatemala,Mexico,Panama,Uruguay,Brazil",rene.a@samsung.com,googleapproval.sidia@samsung.com,"2026-10-01 06:49:08 KST","2026-10-02 00:01:56 KST","2026-10-01 23:39:18 KST","2026-10-02 00:01:56 KST",,a36xqnsxx,2026-09-05,jose.medeiros@samsung.com,SIDIA,100.0,A366EXXUCDZIF,A366EXXUCDZIF,A366EOWOCDZIF,SM-A366E,PHONE,"2026-10-02 05:00:00 KST",false,VARIANT,Yes,SM6475,,SIDIA
4754140693790720,SMR,Approved,SMR,,samsung/gta9pxxx/gta9p:16/BP2A.250605.031.A3/X216BXXSDEZI1:user/release-keys,TCE,Mexico,jonathan.g@samsung.com,googleapproval.sidia@samsung.com,"2026-10-01 06:06:54 KST","2026-10-02 05:01:50 KST","2026-10-02 04:49:12 KST","2026-10-02 05:01:50 KST",,gta9pxxx,2026-09-05,wesllen.lima@samsung.com,SIDIA,100.0,X216BXXSDEZI1,X216BXXSDEZI1,X216BOWODEZI1,SM-X216B,TABLET,,false,,Yes,SM6375,,SIDIA
5638084054220800,Regular,Approved,LR,false,samsung/a16ub/a16:17/CP2A.260605.016/A165MUBUBEZI7:user/release-keys,TPA,Panama,jonathan.g@samsung.com,googleapproval.sidia@samsung.com,"2026-10-01 06:06:36 KST","2026-10-06 00:36:25 KST","2026-10-06 00:07:00 KST","2026-10-06 00:36:25 KST","2026-10-03 04:02:10 KST",a16ub,2026-09-05,dheniffer.pessoa@samsung.com,SIDIA,100.0,A165MUBUBEZI7,A165MUBUBEZI7,A165MOWOBEZI7,SM-A165M,PHONE,"2026-10-12 23:30:00 KST",false,FULL,Yes,MT6789V/CD,SP,SIDIA
6539683588997120,Vendor,Approved,,false,samsung/a16ub/a16:16/BP2A.250605.031.A3/A165MUBUBEZI7:user/release-keys,,,jonathan.g@samsung.com,googleapproval.sidia@samsung.com,"2026-10-01 05:57:55 KST","2026-10-06 08:00:02 KST","2026-10-03 03:59:10 KST","2026-10-06 08:00:02 KST",,a16ub,,dheniffer.pessoa@samsung.com,SIDIA,100.0,A165MUBUBEZI7,,,SM-A165M,PHONE,"2026-10-02 03:30:00 KST",false,,No,MT6789V/CD,,SIDIA
4504530784092160,SMR,Approved,SMR,,samsung/m2quew/m2q:17/CP2A.260605.016/S947U1UES4BZIG_OWA4BZIG:user/release-keys,"LLA,PCT","Puerto Rico",paulo.cunha@samsung.com,googleapproval.sidia@samsung.com,"2026-10-01 03:29:18 KST","2026-10-02 03:36:28 KST","2026-10-02 03:32:42 KST","2026-10-02 03:36:28 KST",,m2quew,2026-10-05,jonatas.nascimento@samsung.com,SIDIA,100.0,S947U1UES4BZIG,S947U1UES4BZIG,S947U1OWA4BZIG,SM-S947U1,PHONE,"2026-10-01 06:00:00 KST",false,,Yes,SM8850,,SIDIA
5270487064379392,SMR,Approved,SMR,,samsung/m3quew/m3q:17/CP2A.260605.016/S948U1UES4BZIG_OWA4BZIG:user/release-keys,"LLA,PCT","Puerto Rico",dinara.araujo@samsung.com,googleapproval.sidia@samsung.com,"2026-10-01 03:23:50 KST","2026-10-02 23:36:48 KST","2026-10-02 23:03:49 KST","2026-10-02 23:36:48 KST",,m3quew,2026-10-05,jonatas.nascimento@samsung.com,SIDIA,100.0,S948U1UES4BZIG,S948U1UES4BZIG,S948U1OWA4BZIG,SM-S948U1,PHONE,"2026-10-01 06:00:00 KST",false,,Yes,SM8850,,SIDIA
6693198336622592,NormalException,Approved,MR,false,samsung/a14ubm/a14:15/AP3A.240905.015.A2/A145MBUBUFDZI3:user/release-keys,"ZTO,ARO","Brazil,Argentina",welton.seabra@samsung.com,googleapproval.sidia@samsung.com,"2026-10-01 00:40:16 KST","2026-10-01 22:17:55 KST","2026-10-01 22:17:55 KST","2026-10-01 22:17:55 KST",,a14ubm,2026-08-05,hudson.franca@samsung.com,SIDIA,100.0,A145MBUBUFDZI3,A145MBUBUFDZI3,A145MBOWOFDZI3,SM-A145MB,PHONE,"2026-10-01 03:00:00 KST",false,FULL,No,"Exynos 850",,SIDIA
6293107905921024,Regular,Approved,LR,false,samsung/gta11pcs/gta11p:17/CP2A.260605.016/X238UVLU8CZI7_OYV8CZI7:user/release-keys,"BMC,CHR,FMC,GLW,KDO,RWC,TBT,TLS,VMC,VTR,XAC",Canada,akansha.s1@samsung.com,srin-pregba@samsung.com,"2026-09-30 23:32:06 KST","2026-10-05 19:01:00 KST","2026-10-05 18:39:51 KST","2026-10-05 19:01:00 KST",,gta11pcs,2026-09-05,akash.jindal@samsung.com,SRI-Noida,100.0,X238UVLU8CZI7,X238UVLU8CZI5,X238UOYV8CZI7,SM-X238U,TABLET,"2026-10-15 23:30:00 KST",false,FULL,Yes,MT8775,,SRI-N
5376092492005376,Vendor,Approved,,false,samsung/gta11pcs/gta11p:14/UP1A.231005.007/X238UVLU8CZI7:user/release-keys,,,akansha.s1@samsung.com,srin-pregba@samsung.com,"2026-09-30 23:29:33 KST","2026-10-06 00:00:04 KST","2026-10-05 18:37:06 KST","2026-10-06 00:00:04 KST",,gta11pcs,,akash.jindal@samsung.com,SRI-Noida,100.0,X238UVLU8CZI7,,,SM-X238U,TABLET,"2026-10-01 19:00:00 KST",false,,No,MT8775,,SRI-N
6209120692862976,Regular,Approved,MR,false,samsung/q5qzhx/q5q:17/CP2A.260605.016/F9460TSU9HZIJ:user/release-keys,"BRI,TGY","Taiwan,Hong Kong",priyanka.l@samsung.com,ga.srcg@samsung.com,"2026-09-30 22:58:24 KST","2026-10-01 14:01:10 KST","2026-10-01 13:32:50 KST","2026-10-01 14:00:20 KST",,q5qzhx,2026-10-05,weijunio.liu@samsung.com,SRC-Guangzhou,100.0,F9460TSU9HZIJ,F9460ZCU9HZIJ,F9460OZW9HZIJ,SM-F9460,PHONE,"2026-10-01 20:00:00 KST",false,FULL,Yes,SM8550,,SRI-N
6250643295830016,Regular,Approved,MR,false,samsung/b5qzhx/b5q:17/CP2A.260605.016/F7310TSU9HZIJ:user/release-keys,TGY,"Hong Kong",umesh.k@samsung.com,ga.srcg@samsung.com,"2026-09-30 22:41:59 KST","2026-10-01 15:01:26 KST","2026-10-01 14:40:38 KST","2026-10-01 15:01:26 KST",,b5qzhx,2026-10-05,weijunio.liu@samsung.com,SRC-Guangzhou,100.0,F7310TSU9HZIJ,F7310ZCU9HZIJ,F7310OZW9HZIJ,SM-F7310,PHONE,"2026-10-01 20:00:00 KST",false,FULL,Yes,SM8550,,SRI-N
4901051157446656,Vendor,Approved,,false,samsung/b5qzhx/b5q:13/TP1A.220624.014/F7310TSU9HZIJ:user/release-keys,,,umesh.k@samsung.com,ga.srcg@samsung.com,"2026-09-30 22:34:17 KST","2026-10-01 16:00:03 KST","2026-10-01 14:36:36 KST","2026-10-01 16:00:03 KST",,b5qzhx,,weijunio.liu@samsung.com,SRC-Guangzhou,100.0,F7310TSU9HZIJ,,,SM-F7310,PHONE,"2026-10-01 19:00:00 KST",false,,No,SM8550,,SRI-N
5968594806767616,Regular,Approved,MR,false,samsung/dm2qzhx/dm2q:17/CP2A.260605.016/S9160ZHU8GZIF:user/release-keys,"TGY,BRI","Hong Kong,Taiwan",r1.rawat@samsung.com,ga.srcg@samsung.com,"2026-09-30 22:33:26 KST","2026-10-01 15:01:00 KST","2026-10-01 14:29:35 KST","2026-10-01 15:00:18 KST",,dm2qzhx,2026-10-05,w.xia@samsung.com,SRC-Guangzhou,100.0,S9160ZHU8GZIF,S9160ZCU8GZIF,S9160OZS8GZIF,SM-S9160,PHONE,"2026-10-01 20:00:00 KST",false,FULL,Yes,SM8550,,SRI-N
5683337004056576,Regular,Approved,MR,false,samsung/q5qzhx/q5q:17/CP2A.260605.016/F9460ZSU9HZIJ:user/release-keys,"BRI,TGY","Taiwan,Hong Kong",d2.kumar@samsung.com,ga.srcg@samsung.com,"2026-09-30 22:21:45 KST","2026-10-01 15:00:45 KST","2026-10-01 14:47:44 KST","2026-10-01 15:00:45 KST",,q5qzhx,2026-10-05,weijunio.liu@samsung.com,SRC-Guangzhou,100.0,F9460ZSU9HZIJ,F9460ZCU9HZIJ,F9460OZS9HZIJ,SM-F9460,PHONE,"2026-10-01 20:00:00 KST",false,FULL,Yes,SM8550,,SRI-N
4639711759171584,Regular,Approved,MR,false,samsung/dm1qzhx/dm1q:17/CP2A.260605.016/S9110ZHU8GZIF:user/release-keys,"BRI,TGY","Taiwan,Hong Kong",akansha.s1@samsung.com,ga.srcg@samsung.com,"2026-09-30 22:14:37 KST","2026-10-01 18:35:16 KST","2026-10-01 18:17:11 KST","2026-10-01 18:35:16 KST",,dm1qzhx,2026-10-05,w.xia@samsung.com,SRC-Guangzhou,100.0,S9110ZHU8GZIF,S9110ZCU8GZIF,S9110OZS8GZIF,SM-S9110,PHONE,"2026-10-01 20:00:00 KST",false,FULL,Yes,SM8550,,SRI-N
6449215840714752,SMR,Approved,SMR,,samsung/h8qxxx/h8q:17/CP2A.260605.016/F971BXXS3AZIK_OXM3AZIK:user/release-keys,"EUY,EGY","Kosovo,Macedonia,Serbia,Bosnia and Herzegovina,Montenegro,Albania,Egypt",approval.se@samsung.com,gumi.ga0.sec@samsung.com,"2026-09-30 22:13:11 KST","2026-10-01 08:37:15 KST","2026-09-30 22:49:17 KST","2026-10-01 08:37:15 KST",,h8qxxx,2026-10-05,donghwan.choi@samsung.com,HQ-Gumi,100.0,F971BXXS3AZIK,F971BXXU3AZI7,F971BOXM3AZIK,SM-F971B,PHONE,"2026-10-01 17:30:00 KST",false,,Yes,SM8850,,SRV
5652508970319872,SMR,Approved,SMR,,samsung/q8qxxx/q8q:17/CP2A.260605.016/F976BXXS3AZIK_OXM3AZIK:user/release-keys,"EUY,EGY","Kosovo,Macedonia,Serbia,Bosnia and Herzegovina,Montenegro,Albania,Egypt",approval.se@samsung.com,gumi.ga0.sec@samsung.com,"2026-09-30 22:03:48 KST","2026-10-01 08:37:05 KST","2026-09-30 22:49:52 KST","2026-10-01 08:37:05 KST",,q8qxxx,2026-10-05,donghwan.choi@samsung.com,HQ-Gumi,100.0,F976BXXS3AZIK,F976BXXU3AZI7,F976BOXM3AZIK,SM-F976B,PHONE,"2026-10-01 17:30:00 KST",false,,Yes,SM8850,,SRV
5057502823841792,Vendor,Approved,,false,samsung/q5qzhx/q5q:13/TP1A.220624.014/F9460TSU9HZIJ:user/release-keys,,,priyanka.l@samsung.com,ga.srcg@samsung.com,"2026-09-30 21:59:02 KST","2026-10-01 16:00:03 KST","2026-10-01 13:28:12 KST","2026-10-01 16:00:03 KST",,q5qzhx,,weijunio.liu@samsung.com,SRC-Guangzhou,100.0,F9460TSU9HZIJ,,,SM-F9460,PHONE,"2026-10-01 19:00:00 KST",false,,No,SM8550,,SRI-N
6234329265209344,Vendor,Approved,,false,samsung/dm2qzhx/dm2q:13/TP1A.220624.014/S9160ZHU8GZIF:user/release-keys,,,r1.rawat@samsung.com,ga.srcg@samsung.com,"2026-09-30 21:57:35 KST","2026-10-01 16:00:03 KST","2026-10-01 14:25:59 KST","2026-10-01 16:00:03 KST",,dm2qzhx,,w.xia@samsung.com,SRC-Guangzhou,100.0,S9160ZHU8GZIF,,,SM-S9160,PHONE,"2026-10-01 19:00:00 KST",false,,No,SM8550,,SRI-N
5648337147789312,Regular,Approved,MR,false,samsung/a27xqxx/a27xq:17/CP2A.260605.016/A276BXXU3BZIF_OWO3BZIF:user/release-keys,"ARO,BVO,CDR,CGU,CHE,CHL,CHO,CHT,COB,COL,COM,COO,CRC,CTI,CTP,CTU,DOR,ECO,EON,EUY,GLO,GTO,IUS,MXO,PEO,PET,PGU,PNT,PSN,PSP,SAM,TCE,TGP,UFN,UPO,UYO,ZTA,ZTM,ZTO,ZVV","Argentina,Bolivia,Dominican Republic,Guatemala,Chile,Colombia,Costa Rica,Paraguay,Uruguay,Ecuador,Ukraine,Macedonia,Serbia,Mexico,Peru,Brazil",rene.a@samsung.com,googleapproval.sidia@samsung.com,"2026-09-30 21:49:07 KST","2026-10-01 02:35:35 KST","2026-10-01 00:29:31 KST","2026-10-01 02:35:35 KST",,a27xqxx,2026-09-05,kamila.vasconcelos@samsung.com,SIDIA,100.0,A276BXXU3BZIF,A276BXXU3BZIF,A276BOWO3BZIF,SM-A276B,PHONE,"2026-10-01 05:00:00 KST",false,VARIANT,Yes,SM6475,,SIDIA
5454823101300736,Regular,Approved,MR,false,samsung/a27xqsq/a27xq:17/CP2A.260605.016/A276USQU3BZIF_OYN3BZIF:user/release-keys,"CCT,DSA,XMT,DSG,DSH","United States",umesh.k@samsung.com,srin-pregba@samsung.com,"2026-09-30 20:58:07 KST","2026-10-01 14:36:00 KST","2026-10-01 14:26:53 KST","2026-10-01 14:36:00 KST",,a27xqsq,2026-09-05,rohit.anand@samsung.com,SRI-Noida,100.0,A276USQU3BZIF,A276USQU3BZIF,A276UOYN3BZIF,SM-A276U,PHONE,"2026-10-01 20:00:00 KST",false,FULL,Yes,SM6475,,SRI-N
4685164223660032,Vendor,Approved,,false,samsung/q5qksx/q5q:13/TP1A.220624.014/F946NTBU6HZIJ:user/release-keys,,,ruchi.joshi@samsung.com,gumi.ga2.sec@samsung.com,"2026-09-30 20:49:23 KST","2026-10-06 16:00:05 KST","2026-10-06 14:24:52 KST","2026-10-06 16:00:05 KST",,q5qksx,,hyunchul0221.jung@samsung.com,HQ-Gumi,100.0,F946NTBU6HZIJ,,,SM-F946N,PHONE,"2026-10-01 19:00:00 KST",false,,No,SM8550,,SRI-N
6354437086117888,Regular,Approved,LR,false,samsung/b5qjpnw/b5q:17/CP2A.260605.016/F731QOPU1FZIB:user/release-keys,SJP,Japan,priyanka.l@samsung.com,suwonga2.sec@samsung.com,"2026-09-30 20:37:15 KST","2026-10-06 18:35:46 KST","2026-10-06 17:55:45 KST","2026-10-06 18:35:46 KST","2026-10-01 19:48:10 KST",b5qjpnw,2026-09-05,kangwook.kim@samsung.com,HQ-Suwon2,100.0,F731QOPU1FZIB,F731QOPU1FZIB,F731QSJP1FZIB,SM-F731Q,PHONE,"2026-10-09 23:30:00 KST",false,FULL,Yes,SM8550,LD,SRI-N
4752053910110208,Regular,Approved,MR,false,samsung/a36xqnsxx/a36xq:17/CP2A.260605.016/A366EXXUCDZIF_ODMCDZIF:user/release-keys,NPB,Nepal,d.khantwal@samsung.com,srin-pregba@samsung.com,"2026-09-30 20:31:02 KST","2026-10-01 19:00:39 KST","2026-10-01 18:51:09 KST","2026-10-01 19:00:39 KST",,a36xqnsxx,2026-09-05,ratul.pathak@samsung.com,SRI-Noida,100.0,A366EXXUCDZIF,A366EXXUCDZIF,A366EODMCDZIF,SM-A366E,PHONE,"2026-10-01 20:00:00 KST",false,FULL,Yes,SM6475,,SRI-N
6685816227364864,Regular,Approved,LR,false,samsung/a36xqjpn/a36xq:17/CP2A.260605.016/A366QOPU1DZHC_SJP1DZHC:user/release-keys,SJP,Japan,ruchi.joshi@samsung.com,suwonga2.sec@samsung.com,"2026-09-30 20:29:58 KST","2026-10-06 18:00:55 KST","2026-10-06 17:51:06 KST","2026-10-06 18:00:55 KST","2026-10-01 17:35:46 KST",a36xqjpn,2026-08-05,jinyoung.chon@samsung.com,HQ-Suwon2,100.0,A366QOPU1DZHC,A366QOPU1DZHC,A366QSJP1DZHC,SM-A366Q,PHONE,"2026-10-14 23:30:00 KST",false,FULL,No,SM6475,LD,SRI-N
6300166282018816,Regular,Approved,LR,false,samsung/gtactive5ue/gtactive5:17/CP2A.260605.016/X308UUEUFEZHA:user/release-keys,"VZW,XAA,ATT,TMB","United States",r1.rawat@samsung.com,anjali.s@samsung.com,"2026-09-30 20:28:56 KST","2026-10-05 16:01:28 KST","2026-10-05 15:42:55 KST","2026-10-05 16:01:28 KST","2026-10-05 13:32:24 KST",gtactive5ue,2026-08-05,sumit.prasad@samsung.com,SRI-Noida,100.0,X308UUEUFEZHA,X308UUEUFEZHA,X308UOYMFEZHA,SM-X308U,TABLET,"2026-10-14 23:30:00 KST",false,FULL,Yes,s5e8835,SP,SRI-N
6743959850450944,Regular,Pending,LR,false,samsung/a26xins/a26x:17/CP2A.260605.016/A266BXXUCDZI5_ODMCDZI5:user/release-keys,INS,India,d2.kumar@samsung.com,srin-pregba@samsung.com,"2026-09-30 20:21:10 KST","2026-10-01 14:20:18 KST",,,,a26xins,2026-09-05,arshi.m@samsung.com,SRI-Noida,10.0,A266BXXUCDZI5,A266BXXUCDZI3,A266BODMCDZI5,SM-A266B,PHONE,"2026-10-14 23:30:00 KST",false,VARIANT,No,s5e8835,SP,SRI-N
6609635452911616,Vendor,Approved,,false,samsung/a36xqjpn/a36xq:15/AP3A.240905.015.A2/A366QOPU1DZHC:user/release-keys,,,ruchi.joshi@samsung.com,suwonga2.sec@samsung.com,"2026-09-30 20:20:31 KST","2026-10-07 00:00:07 KST","2026-10-01 17:31:43 KST","2026-10-07 00:00:07 KST",,a36xqjpn,,jinyoung.chon@samsung.com,HQ-Suwon2,100.0,A366QOPU1DZHC,,,SM-A366Q,PHONE,"2026-10-01 19:00:00 KST",false,,No,SM6475,,SRI-N
6266597706825728,Regular,Approved,MR,false,samsung/m47xqins/m47xq:17/CP2A.260605.016/M476BXXU3BZIF_ODM3BZIF:user/release-keys,INS,India,priyanka.l@samsung.com,srin-pregba@samsung.com,"2026-09-30 20:19:35 KST","2026-10-06 19:00:54 KST","2026-10-06 18:37:24 KST","2026-10-06 19:00:51 KST",,m47xqins,2026-09-05,tarun.lohia@samsung.com,SRI-Noida,100.0,M476BXXU3BZIF,M476BXXU3BZIF,M476BODM3BZIF,SM-M476B,PHONE,"2026-10-01 20:00:00 KST",false,VARIANT,Yes,SM6475,,SRI-N
5070329055805440,Regular,Approved,MR,false,samsung/a53xue/a53x:16/BP2A.250605.031.A3/A536U1UEUOGZI3:user/release-keys,"TMK,ATT,VZW,XAG,USC,XAR,DSA,FKR,DSH,TMB,TFV,LRA,ACG,AIO,CCT,CHA,ATC,XAA","United States",umesh.k@samsung.com,srin-pregba@samsung.com,"2026-09-30 19:58:22 KST","2026-10-01 14:36:17 KST","2026-10-01 14:19:07 KST","2026-10-01 14:36:17 KST",,a53xue,2026-08-05,prateek1.k@samsung.com,SRI-Noida,100.0,A536U1UEUOGZI3,A536U1UEUOGZI3,A536U1OYMOGZI3,SM-A536U1,PHONE,"2026-10-01 20:30:00 KST",false,FULL,Yes,S5E8825,,SRI-N
6154325969862656,Regular,Approved,MR,false,samsung/a27xqxx/a27xq:17/CP2A.260605.016/A276BXXU3BZIF_ODM3BZIF:user/release-keys,NPB,Nepal,r1.rawat@samsung.com,srin-pregba@samsung.com,"2026-09-30 19:56:39 KST","2026-10-01 14:36:38 KST","2026-10-01 14:05:01 KST","2026-10-01 14:36:38 KST",,a27xqxx,2026-09-05,tarun.lohia@samsung.com,SRI-Noida,100.0,A276BXXU3BZIF,A276BXXU3BZIF,A276BODM3BZIF,SM-A276B,PHONE,"2026-10-01 20:00:00 KST",false,FULL,Yes,SM6475,,SRI-N
5946217557393408,Regular,Approved,MR,false,samsung/a36xqnaxx/a36xq:17/CP2A.260605.016/A366BXXUCDZIF_OLMCDZIF:user/release-keys,"XNZ,XTC,STH,XSA,EUY,VAU,MM1,XME,OPS,XSP,XXV,THL,GLB,SIN,TEL","New Zealand,Philippines,Singapore,Australia,Serbia,Malaysia,Vietnam,Myanmar,Cambodia,Thailand,Laos",vuong.hue@samsung.com,srv.gba@samsung.com,"2026-09-30 19:56:33 KST","2026-10-01 16:00:58 KST","2026-10-01 15:40:55 KST","2026-10-01 16:00:12 KST",,a36xqnaxx,2026-09-05,hai.td1@samsung.com,SRV,100.0,A366BXXUCDZIF,A366BXXUCDZIF,A366BOLMCDZIF,SM-A366B,PHONE,"2026-10-01 20:00:00 KST",false,VARIANT,Yes,SM6475,,SRV
4643473378770944,Regular,Approved,MR,false,samsung/a36xqnsxx/a36xq:17/CP2A.260605.016/A366EXXUCDZIF_OXECDZIF:user/release-keys,CAU,"Armenia,Azerbaijan,Georgia",tu.nv1@samsung.com,anhtu.tr@samsung.com,"2026-09-30 19:43:22 KST","2026-10-01 17:36:57 KST","2026-10-01 17:20:01 KST","2026-10-01 17:36:57 KST",,a36xqnsxx,2026-09-05,hung.nguyen1@samsung.com,SRV,100.0,A366EXXUCDZIF,A366EXXUCDZIF,A366EOXECDZIF,SM-A366E,PHONE,"2026-10-01 19:30:00 KST",false,FULL,Yes,SM6475,,SRV
6609919927386112,Regular,Approved,MR,false,samsung/a36xqnsser/a36xq:17/CP2A.260605.016/A366EXXUCDZIF_OXECDZIF:user/release-keys,"SER,SKZ","Belarus,Russia,Kazakhstan",oanh.lt@samsung.com,srv.gba@samsung.com,"2026-09-30 19:33:37 KST","2026-10-01 17:35:58 KST","2026-10-01 17:20:20 KST","2026-10-01 17:35:58 KST",,a36xqnsser,2026-09-05,hung.nguyen1@samsung.com,SRV,100.0,A366EXXUCDZIF,A366EXXUCDZIF,A366EOXECDZIF,SM-A366E,PHONE,"2026-10-01 19:30:00 KST",false,VARIANT,Yes,SM6475,,SRV
4796326432997376,Regular,Approved,MR,false,samsung/a36xqnaxx/a36xq:17/CP2A.260605.016/A366BXXUCDZIF_OJMCDZIF:user/release-keys,"AFG,LYS,PKD,MID,XFV,DKR,ILP,TUN,XSG,AFR,FWD,EGY,ECT,KSA,PAK,ACR,ILO,MWD,XFA,EUY","Afghanistan,Libya,Pakistan,Lebanon,Iraq,Jordan,South Africa,Senegal,Palestine,Tunisia,Qatar,United Arab Emirates,Kuwait,Bahrain,Oman,Kenya,Morocco,Egypt,Nigeria,Saudi Arabia,Ghana,Israel,Zambia,Mauritius,Serbia",thuynga.dt@samsung.com,srv.gba@samsung.com,"2026-09-30 19:27:26 KST","2026-10-01 14:36:28 KST","2026-10-01 13:52:26 KST","2026-10-01 14:36:28 KST",,a36xqnaxx,2026-09-05,hai.td1@samsung.com,SRV,100.0,A366BXXUCDZIF,A366BXXUCDZIF,A366BOJMCDZIF,SM-A366B,PHONE,"2026-10-01 20:00:00 KST",false,VARIANT,Yes,SM6475,,SRV
5979136602669056,Regular,Approved,MR,false,samsung/a17ks/a17:17/CP2A.260605.016/A175NKSU7DZI9_OKR7DZI9:user/release-keys,"KOO,SKC,KTC,LUC",Korea,d2.kumar@samsung.com,ga1.sec@samsung.com,"2026-09-30 19:27:10 KST","2026-10-01 16:36:39 KST","2026-10-01 16:21:09 KST","2026-10-01 16:36:39 KST",,a17ks,2026-10-05,js_oh@samsung.com,HQ-Suwon,100.0,A175NKSU7DZI9,A175NKOU7DZI9,A175NOKR7DZI9,SM-A175N,PHONE,"2026-10-01 20:00:00 KST",false,FULL,Yes,MT6789V/CD,,SRI-N
5562498149515264,Regular,Approved,MR,false,samsung/a36xqnaxx/a36xq:17/CP2A.260605.016/A366BXXUCDZIF_OXMCDZIF:user/release-keys,EUY,"Ukraine,Macedonia,Serbia",ng.thanhtuan@samsung.com,srv.gba@samsung.com,"2026-09-30 19:21:59 KST","2026-10-01 14:36:57 KST","2026-10-01 13:51:27 KST","2026-10-01 14:36:57 KST",,a36xqnaxx,2026-09-05,hung.nguyen1@samsung.com,SRV,100.0,A366BXXUCDZIF,A366BXXUCDZIF,A366BOXMCDZIF,SM-A366B,PHONE,"2026-10-01 19:30:00 KST",false,FULL,Yes,SM6475,,SRV
5170967840292864,Vendor,Approved,,false,samsung/a53xue/a53x:12/SP1A.210812.016/A536U1UEUOGZI3:user/release-keys,,,umesh.k@samsung.com,srin-pregba@samsung.com,"2026-09-30 19:19:11 KST","2026-10-01 16:00:04 KST","2026-10-01 14:16:08 KST","2026-10-01 16:00:04 KST",,a53xue,,prateek1.k@samsung.com,SRI-Noida,100.0,A536U1UEUOGZI3,,,SM-A536U1,PHONE,"2026-10-01 19:00:00 KST",false,,No,S5E8825,,SRI-N
4804964149100544,Vendor,Approved,,false,samsung/q5qzhx/q5q:13/TP1A.220624.014/F9460ZSU9HZIJ:user/release-keys,,,d2.kumar@samsung.com,ga.srcg@samsung.com,"2026-09-30 19:17:40 KST","2026-10-01 16:00:04 KST","2026-10-01 14:44:00 KST","2026-10-01 16:00:04 KST",,q5qzhx,,weijunio.liu@samsung.com,SRC-Guangzhou,100.0,F9460ZSU9HZIJ,,,SM-F9460,PHONE,"2026-10-01 19:00:00 KST",false,,No,SM8550,,SRI-N
6628048917233664,Vendor,Approved,,false,samsung/a56xue/a56x:15/AP3A.240905.015.A2/A566U1UEUBDZIF:user/release-keys,,,priyanka.l@samsung.com,srin-pregba@samsung.com,"2026-09-30 19:16:41 KST","2026-10-01 16:00:04 KST","2026-10-01 14:18:25 KST","2026-10-01 16:00:04 KST",,a56xue,,k.mittal@samsung.com,SRI-Noida,100.0,A566U1UEUBDZIF,,,SM-A566U1,PHONE,"2026-10-01 19:00:00 KST",false,,No,s5e8855,,SRI-N
5817987080912896,Vendor,Approved,,false,samsung/gtactive5ue/gtactive5:13/TP1A.220624.014/X308UUEUFEZHA:user/release-keys,,,r1.rawat@samsung.com,srin-pregba@samsung.com,"2026-09-30 19:05:47 KST","2026-10-06 00:00:04 KST","2026-10-05 13:29:09 KST","2026-10-06 00:00:04 KST",,gtactive5ue,,sumit.prasad@samsung.com,SRI-Noida,100.0,X308UUEUFEZHA,,,SM-X308U,TABLET,"2026-10-01 19:00:00 KST",false,,No,s5e8835,,SRI-N
5385506288566272,Regular,Approved,LR,false,samsung/q5qjpnw/q5q:17/CP2A.260605.016/F946QOPU1FZIB:user/release-keys,SJP,Japan,ruchi.joshi@samsung.com,suwonga2.sec@samsung.com,"2026-09-30 18:59:31 KST","2026-10-07 16:35:07 KST","2026-10-07 16:02:29 KST","2026-10-07 16:35:07 KST","2026-10-01 17:31:22 KST",q5qjpnw,2026-09-05,is.shim@samsung.com,HQ-Suwon2,100.0,F946QOPU1FZIB,F946QOPU1FZIB,F946QSJP1FZIB,SM-F946Q,PHONE,"2026-10-14 23:30:00 KST",false,FULL,Yes,SM8550,LD,SRI-N
6507055729082368,Vendor,Reviewed,,false,samsung/q5qjpnw/q5q:13/TP1A.220624.014/F946QOPU1FZIB:user/release-keys,,,ruchi.joshi@samsung.com,suwonga2.sec@samsung.com,"2026-09-30 18:55:25 KST","2026-10-01 17:40:12 KST","2026-10-01 17:29:33 KST",,,q5qjpnw,,is.shim@samsung.com,HQ-Suwon2,100.0,F946QOPU1FZIB,,,SM-F946Q,PHONE,"2026-10-01 19:00:00 KST",false,,No,SM8550,,SRI-N
5558542434304000,Vendor,Approved,,false,samsung/b5qjpnw/b5q:13/TP1A.220624.014/F731QOPU1FZIB:user/release-keys,,,priyanka.l@samsung.com,suwonga2.sec@samsung.com,"2026-09-30 18:42:01 KST","2026-10-07 00:00:07 KST","2026-10-01 19:45:12 KST","2026-10-07 00:00:07 KST",,b5qjpnw,,kangwook.kim@samsung.com,HQ-Suwon2,100.0,F731QOPU1FZIB,,,SM-F731Q,PHONE,"2026-10-01 19:00:00 KST",false,,No,SM8550,,SRI-N
5141862658867200,Regular,Approved,MR,false,samsung/SCG32_jp_kdi/SCG32:17/CP2A.260605.016/SCG32KDU1DZIF_QDI1DZIF:user/release-keys,"KDI,SJP",Japan,ruchi.joshi@samsung.com,suwonga2.sec@samsung.com,"2026-09-30 18:40:40 KST","2026-10-01 13:35:46 KST","2026-10-01 13:05:07 KST","2026-10-01 13:35:46 KST",,SCG32_jp_kdi,2026-09-05,jimipark@samsung.com,HQ-Suwon2,100.0,SCG32KDU1DZIF,SCG32KDU1DZIF,SCG32QDI1DZIF,SCG32,PHONE,"2026-10-01 20:00:00 KST",false,FULL,Yes,SM8750,,SRI-N
4929179451916288,SMR,Approved,SMR,,samsung/a08xx/a08:17/CP2A.260605.016/A085FXXS2AZI2_ODM2AZI2:user/release-keys,"BKD,NPB","Bangladesh,Nepal",d2.kumar@samsung.com,srin-pregba@samsung.com,"2026-09-30 18:37:02 KST","2026-10-01 14:35:27 KST","2026-10-01 14:31:22 KST","2026-10-01 14:35:27 KST",,a08xx,2026-09-05,sharik.a@samsung.com,SRI-Noida,100.0,A085FXXS2AZI2,A085FXXS2AZI1,A085FODM2AZI2,SM-A085F,PHONE,"2026-10-01 17:30:00 KST",false,,Yes,MT6789V/CD,,SRI-N
5143070920409088,Regular,Reviewed,LR,false,samsung/gts9psqwnc/gts9p:17/CP2A.260605.016/X818USQU7FZI5:user/release-keys,"ATT,USC,CHA","United States",ruchi.joshi@samsung.com,srin-pregba@samsung.com,"2026-09-30 18:30:24 KST","2026-10-01 14:00:46 KST","2026-10-01 13:35:15 KST",,,gts9psqwnc,2026-09-05,a1.jaiswal@samsung.com,SRI-Noida,100.0,X818USQU7FZI5,X818USQU7FZI5,X818UOYN7FZI5,SM-X818U,TABLET,"2026-10-09 23:30:00 KST",false,VARIANT,No,SM8550,SP,SRI-N
6151963670740992,Regular,Approved,MR,false,samsung/a17xx/a17:17/CP2A.260605.016/A175FXXU7DZI9_PNG7DZI9:user/release-keys,"EUY,PNG","Serbia,New Zealand",ducmanh.ng1@samsung.com,srv.gba@samsung.com,"2026-09-30 18:28:20 KST","2026-10-01 10:02:00 KST","2026-10-01 09:49:11 KST","2026-10-01 10:02:00 KST",,a17xx,2026-10-05,hieu.luong@samsung.com,SRV,100.0,A175FXXU7DZI9,A175FXXU7DZI9,A175FPNG7DZI9,SM-A175F,PHONE,"2026-09-30 23:30:00 KST",false,VARIANT,Yes,MT6789V/CD,,SRV
6592327741341696,SMR,Approved,SMR,,samsung/a14xmxx/a14xm:15/AP3A.240905.015.A2/A146PXXSKEZI2:user/release-keys,XME,Malaysia,approval.se@samsung.com,suwonga2.sec@samsung.com,"2026-09-30 18:27:52 KST","2026-09-30 23:37:11 KST","2026-09-30 19:19:08 KST","2026-09-30 23:37:11 KST",,a14xmxx,2026-07-05,sh7209.hwang@samsung.com,HQ-Suwon2,100.0,A146PXXSKEZI2,A146PXXSKEZI2,A146POLMKEZI2,SM-A146P,PHONE,"2026-10-01 17:30:00 KST",false,,Yes,MT6833V/NZA,,SRI-N
6031302218481664,Regular,Approved,MR,false,samsung/a17xx/a17:17/CP2A.260605.016/A175FXXU7DZI9_VFJ7DZI9:user/release-keys,"EUY,VFJ","Serbia,New Zealand",hoai.nt4@samsung.com,srv.gba@samsung.com,"2026-09-30 18:26:32 KST","2026-10-01 10:01:10 KST","2026-10-01 09:50:54 KST","2026-10-01 10:01:10 KST",,a17xx,2026-10-05,hieu.luong@samsung.com,SRV,100.0,A175FXXU7DZI9,A175FXXU7DZI9,A175FVFJ7DZI9,SM-A175F,PHONE,"2026-09-30 23:30:00 KST",false,VARIANT,Yes,MT6789V/CD,,SRV
4903477881077760,Vendor,Reviewed,,false,samsung/gta11dx/gta11:16/BP2A.250605.031.A3/X135GDXU5CZIA:user/release-keys,,,vuong.hue@samsung.com,srv.gba@samsung.com,"2026-09-30 18:23:59 KST","2026-10-01 18:42:30 KST","2026-10-01 18:26:26 KST",,,gta11dx,,bui.tthanh@samsung.com,SRV,100.0,X135GDXU5CZIA,,,SM-X135G,TABLET,"2026-09-30 22:30:00 KST",false,,No,MT8781V/CA,,SRV
4836716305448960,Regular,Rejected,MR,true,samsung/a37xcs/a37x:17/CP2A.260605.016/A376WVLU5BZI6_OYV5BZI6:user/release-keys,"FMC,RWC,CHR,BWA,PCM,BMC,XAC,FIZ,VTR,TLS,GLW,VMC,TBT,PMB,KDO,SOL,ESK",Canada,umesh.k@samsung.com,srin-pregba@samsung.com,"2026-09-30 18:19:52 KST","2026-09-30 22:02:15 KST","2026-09-30 22:02:15 KST",,,a37xcs,2026-09-05,harminder.s@samsung.com,SRI-Noida,100.0,A376WVLU5BZI6,A376WVLU5BZI6,A376WOYV5BZI6,SM-A376W,PHONE,"2026-10-01 20:30:00 KST",false,FULL,No,s5e8845,,SRI-N
5538721009238016,Vendor,Approved,,false,samsung/dm1qzhx/dm1q:13/TP1A.220624.014/S9110ZHU8GZIF:user/release-keys,,,akansha.s1@samsung.com,ga.srcg@samsung.com,"2026-09-30 18:15:24 KST","2026-10-02 00:00:04 KST","2026-10-01 18:13:25 KST","2026-10-02 00:00:04 KST",,dm1qzhx,,w.xia@samsung.com,SRC-Guangzhou,100.0,S9110ZHU8GZIF,,,SM-S9110,PHONE,"2026-10-01 19:00:00 KST",false,,No,SM8550,,SRI-N
5657144917753856,Regular,Approved,MR,false,samsung/a27xqktt/a27xq:17/CP2A.260605.016/A276KKSU3BZIF_KTC3BZIF:user/release-keys,KTC,Korea,akansha.s1@samsung.com,ga1.sec@samsung.com,"2026-09-30 18:08:11 KST","2026-10-01 15:35:25 KST","2026-10-01 14:59:08 KST","2026-10-01 15:35:25 KST",,a27xqktt,2026-09-05,kw.kwon@samsung.com,HQ-Suwon,100.0,A276KKSU3BZIF,A276KKSU3BZI9,A276KKTC3BZIF,SM-A276K,PHONE,"2026-10-01 20:00:00 KST",false,FULL,Yes,SM6475,,SRI-N
5047094339698688,Regular,Approved,MR,false,samsung/a55xzh/a55x:17/CP2A.260605.016/A5560ZHUIEZI7:user/release-keys,"BRI,TGY","Taiwan,Hong Kong",ruchi.joshi@samsung.com,ga.srcg@samsung.com,"2026-09-30 18:02:23 KST","2026-10-01 13:01:22 KST","2026-10-01 12:44:38 KST","2026-10-01 13:01:22 KST",,a55xzh,2026-09-05,xlan1.zhou@partner.samsung.com,SRC-Guangzhou,100.0,A5560ZHUIEZI7,A5560ZCUIEZI7,A5560OZSIEZI7,SM-A5560,PHONE,"2026-10-01 20:00:00 KST",false,FULL,Yes,s5e8845,,SRI-N
5923540197179392,Vendor,Approved,,false,samsung/a17ks/a17:16/BP2A.250605.031.A3/A175NKSU7DZI9:user/release-keys,,,d2.kumar@samsung.com,ga1.sec@samsung.com,"2026-09-30 18:02:22 KST","2026-10-02 00:00:04 KST","2026-10-01 16:17:20 KST","2026-10-02 00:00:04 KST",,a17ks,,js_oh@samsung.com,HQ-Suwon,100.0,A175NKSU7DZI9,,,SM-A175N,PHONE,"2026-10-01 19:00:00 KST",false,,No,MT6789V/CD,,SRI-N
5359157536620544,SKU,Approved,MR,false,samsung/a27xqeea/a27xq:17/CP2A.260605.016/A276BXXU3BZIF_OXM3BZIF:user/release-keys,"3IE,AMO,ATL,BOG,CNX,COS,CRO,DO2,DTM,EUX,EVR,FTM,H3G,HUI,MAX,MEO,O2U,OMN,OPV,ORO,ORS,PLS,PRT,SFR,SIM,TCL,TIM,TMH,TMS,TMZ,TPL,VD2,VDC,VDF,VDI,VGR,VOD,XEC","Ireland,United Kingdom,Spain,France,Romania,Greece,Slovenia,Croatia,Germany,Portugal,Iceland,Netherlands,Sweden,Austria,Latvia,Luxembourg,Poland,Slovakia,Bulgaria,Lithuania,Hungary,Switzerland,Czech Republic,Belgium,Norway,Finland,Denmark,Italy,Estonia",khanh.toan@samsung.com,srv.gba@samsung.com,"2026-09-30 18:01:36 KST","2026-09-30 19:52:46 KST","2026-09-30 19:52:46 KST","2026-09-30 19:52:46 KST",,a27xqeea,2026-09-05,ymin45.lee@samsung.com,SRV,100.0,A276BXXU3BZIF,A276BXXU3BZIF,A276BOXM3BZIF,SM-A276B,PHONE,"2026-09-30 23:30:00 KST",false,VARIANT,No,SM6475,,SRV
4835798054862848,Vendor,Approved,,false,samsung/a36xqnsxx/a36xq:15/AP3A.240905.015.A2/A366EXXUCDZIF:user/release-keys,,,tu.nv1@samsung.com,srv.gba@samsung.com,"2026-09-30 17:51:09 KST","2026-10-02 00:00:04 KST","2026-10-01 17:18:02 KST","2026-10-02 00:00:04 KST",,a36xqnsxx,,hung.nguyen1@samsung.com,SRV,100.0,A366EXXUCDZIF,,,SM-A366E,PHONE,"2026-09-30 22:30:00 KST",false,,No,SM6475,,SRV
6179250201952256,Regular,Approved,MR,false,samsung/a17xjins/a17x:16/BP4A.251205.006/E176EXXU1AZI9_ODM1AZI9:user/release-keys,INS,India,umesh.k@samsung.com,srin-pregba@samsung.com,"2026-09-30 17:45:08 KST","2026-10-01 22:01:30 KST","2026-10-01 21:38:14 KST","2026-10-01 22:01:30 KST",,a17xjins,2026-09-05,vinay.verma@samsung.com,SRI-Noida,100.0,E176EXXU1AZI9,E176EXXU1AZI9,E176EODM1AZI9,SM-E176E,PHONE,"2026-10-01 20:00:00 KST",false,VARIANT,Yes,s5e8535,,SRI-N
5334825271820288,Regular,Approved,LR,false,samsung/a26xsub/a26xs:17/CP2A.260605.016/A266MUBUBDZI4_OWOBDZI4:user/release-keys,GTO,Guatemala,r1.rawat@samsung.com,ga1.sec@samsung.com,"2026-09-30 17:43:57 KST","2026-10-06 20:01:07 KST","2026-10-06 19:59:17 KST","2026-10-06 20:01:07 KST","2026-10-01 19:55:36 KST",a26xsub,2026-10-05,jun.ho.park@samsung.com,HQ-Suwon,100.0,A266MUBUBDZI4,A266MUBUBDZI4,A266MOWOBDZI4,SM-A266M,PHONE,"2026-10-09 23:30:00 KST",false,FULL,Yes,s5e8825,LD,SRI-N
4870217939550208,Vendor,Approved,,false,samsung/SCG32_jp_kdi/SCG32:15/AP3A.240905.015.A2/SCG32KDU1DZIF:user/release-keys,,,ruchi.joshi@samsung.com,suwonga2.sec@samsung.com,"2026-09-30 17:37:47 KST","2026-10-01 16:00:04 KST","2026-10-01 13:03:27 KST","2026-10-01 16:00:04 KST",,SCG32_jp_kdi,,jimipark@samsung.com,HQ-Suwon2,100.0,SCG32KDU1DZIF,,,SCG32,PHONE,"2026-10-01 19:00:00 KST",false,,No,SM8750,,SRI-N
5068579779379200,Vendor,Approved,,false,samsung/a55xzh/a55x:14/UP1A.231005.007/A5560ZHUIEZI7:user/release-keys,,,ruchi.joshi@samsung.com,ga.srcg@samsung.com,"2026-09-30 17:36:00 KST","2026-10-01 16:00:05 KST","2026-10-01 12:42:22 KST","2026-10-01 16:00:05 KST",,a55xzh,,xlan1.zhou@partner.samsung.com,SRC-Guangzhou,100.0,A5560ZHUIEZI7,,,SM-A5560,PHONE,"2026-10-01 19:00:00 KST",false,,No,s5e8845,,SRI-N
5055847952809984,Regular,Approved,MR,false,samsung/a17xjxx/a17x:16/BP4A.251205.006/E176EXXU1AZI9_ODM1AZI9:user/release-keys,NPB,Nepal,d.khantwal@samsung.com,srin-pregba@samsung.com,"2026-09-30 17:33:45 KST","2026-10-01 21:01:30 KST","2026-10-01 20:22:57 KST","2026-10-01 21:01:30 KST",,a17xjxx,2026-09-05,vinay.verma@samsung.com,SRI-Noida,100.0,E176EXXU1AZI9,E176EXXU1AZI9,E176EODM1AZI9,SM-E176E,PHONE,"2026-10-01 20:00:00 KST",false,FULL,Yes,s5e8535,,SRI-N
5706481139974144,SMR,Approved,SMR,,samsung/a05mxx/a05m:15/AP3A.240905.015.A2/A055FXXSIDZI3:user/release-keys,VFJ,"New Zealand",approval.se@samsung.com,srv.gba@samsung.com,"2026-09-30 17:32:02 KST","2026-09-30 22:36:12 KST","2026-09-30 18:09:05 KST","2026-09-30 22:36:12 KST",,a05mxx,2026-07-05,chuc.tt@samsung.com,SRV,100.0,A055FXXSIDZI3,A055FXXSIDZI3,A055FVFJIDZI3,SM-A055F,PHONE,"2026-09-30 21:00:00 KST",false,,Yes,MT6769V/WY,,SRV
5201858654371840,SMR,Approved,SMR,,samsung/a05mxx/a05m:15/AP3A.240905.015.A2/A055FXXSIDZI3:user/release-keys,PNG,"New Zealand",approval.se@samsung.com,srv.gba@samsung.com,"2026-09-30 17:31:52 KST","2026-09-30 22:36:12 KST","2026-09-30 18:19:06 KST","2026-09-30 22:36:12 KST",,a05mxx,2026-07-05,chuc.tt@samsung.com,SRV,100.0,A055FXXSIDZI3,A055FXXSIDZI3,A055FPNGIDZI3,SM-A055F,PHONE,"2026-09-30 21:00:00 KST",false,,Yes,MT6769V/WY,,SRV
4707664315809792,SMR,Approved,SMR,,samsung/a05mxx/a05m:15/AP3A.240905.015.A2/A055FXXSIDZI3:user/release-keys,"GLB,MYM,THL,XME,XNZ,XTC,XXV","Philippines,Myanmar,Thailand,Malaysia,New Zealand,Vietnam",approval.se@samsung.com,srv.gba@samsung.com,"2026-09-30 17:31:52 KST","2026-09-30 22:36:13 KST","2026-09-30 18:19:32 KST","2026-09-30 22:36:13 KST",,a05mxx,2026-07-05,chuc.tt@samsung.com,SRV,100.0,A055FXXSIDZI3,A055FXXSIDZI3,A055FOLMIDZI3,SM-A055F,PHONE,"2026-09-30 21:00:00 KST",false,,Yes,MT6769V/WY,,SRV
6572157970939904,Vendor,Approved,,false,samsung/a27xqktt/a27xq:15/AP3A.240905.015.A2/A276KKSU3BZIF:user/release-keys,,,akansha.s1@samsung.com,ga1.sec@samsung.com,"2026-09-30 17:21:34 KST","2026-10-01 16:00:05 KST","2026-10-01 14:55:02 KST","2026-10-01 16:00:05 KST",,a27xqktt,,kw.kwon@samsung.com,HQ-Suwon,100.0,A276KKSU3BZIF,,,SM-A276K,PHONE,"2026-10-01 19:00:00 KST",false,,No,SM6475,,SRI-N
5011566370226176,Regular,Approved,MR,false,samsung/a36xqnatur/a36xq:17/CP2A.260605.016/A366BXXUCDZIF_OXMCDZIF:user/release-keys,TUR,Türkiye,ly.ltt@samsung.com,srv.gba@samsung.com,"2026-09-30 17:17:34 KST","2026-10-01 14:36:48 KST","2026-10-01 13:51:50 KST","2026-10-01 14:36:48 KST",,a36xqnatur,2026-09-05,hung.nguyen1@samsung.com,SRV,100.0,A366BXXUCDZIF,A366BXXUCDZIF,A366BOXMCDZIF,SM-A366B,PHONE,"2026-09-30 23:30:00 KST",false,VARIANT,Yes,SM6475,,SRV
5944807935705088,Regular,Approved,MR,false,samsung/a36xqnaeea/a36xq:17/CP2A.260605.016/A366BXXUCDZIF_OXMCDZIF:user/release-keys,EUX,"Romania,Hungary,United Kingdom,Portugal,Switzerland,Spain,Greece,Netherlands,Sweden,Austria,Czech Republic,Latvia,Belgium,Ireland,Poland,Italy,Slovakia,France,Bulgaria,Germany,Croatia",nam.dt1@samsung.com,srv.gba@samsung.com,"2026-09-30 17:17:23 KST","2026-10-01 17:35:40 KST","2026-10-01 13:52:08 KST","2026-10-01 17:35:40 KST",,a36xqnaeea,2026-09-05,hung.nguyen1@samsung.com,SRV,100.0,A366BXXUCDZIF,A366BXXUCDZIF,A366BOXMCDZIF,SM-A366B,PHONE,"2026-09-30 23:30:00 KST",false,VARIANT,Yes,SM6475,,SRV
6568410041548800,Vendor,Approved,,false,samsung/a36xqnaxx/a36xq:15/AP3A.240905.015.A2/A366BXXUCDZIF:user/release-keys,,,ng.thanhtuan@samsung.com,srv.gba@samsung.com,"2026-09-30 17:17:14 KST","2026-10-01 16:00:05 KST","2026-10-01 13:49:05 KST","2026-10-01 16:00:05 KST",,a36xqnaxx,,hung.nguyen1@samsung.com,SRV,100.0,A366BXXUCDZIF,,,SM-A366B,PHONE,"2026-09-30 22:30:00 KST",false,,No,SM6475,,SRV
6547950193082368,Regular,Approved,MR,false,samsung/a37xtfn/a37x:17/CP2A.260605.016/S376VUDU5BZI6_TFN5BZI6:user/release-keys,"TFN,TFV","United States",umesh.k@samsung.com,srin-pregba@samsung.com,"2026-09-30 17:17:00 KST","2026-09-30 19:02:44 KST","2026-09-30 18:45:09 KST","2026-09-30 19:02:44 KST",,a37xtfn,2026-09-05,himanshu.a@samsung.com,SRI-Noida,100.0,S376VUDU5BZI6,S376VUDU5BZI6,S376VTFN5BZI6,SM-S376V,PHONE,"2026-10-01 20:00:00 KST",false,FULL,Yes,s5e8845,,SRI-N
4626700524847104,Regular,Approved,MR,false,samsung/a36xqzh/a36xq:17/CP2A.260605.016/A3660ZHUADZIF_OZSADZIF:user/release-keys,"BRI,TGY","Taiwan,Hong Kong",r1.rawat@samsung.com,ga.srcg@samsung.com,"2026-09-30 17:15:54 KST","2026-09-30 23:01:10 KST","2026-09-30 19:28:10 KST","2026-09-30 23:01:10 KST",,a36xqzh,2026-09-05,yinbo.xie@samsung.com,SRC-Guangzhou,100.0,A3660ZHUADZIF,A3660ZHUADZIF,A3660OZSADZIF,SM-A3660,PHONE,"2026-10-01 20:00:00 KST",false,FULL,Yes,SM6475,,SRI-N
4687125547319296,Regular,Approved,MR,false,samsung/dm2qksx/dm2q:17/CP2A.260605.016/S916NKSU8GZIF:user/release-keys,"LUC,KOO,KTC,SKC",Korea,akansha.s1@samsung.com,hu.yang@samsung.com,"2026-09-30 17:09:13 KST","2026-10-01 17:01:34 KST","2026-10-01 16:50:43 KST","2026-10-01 17:01:34 KST",,dm2qksx,2026-10-05,junik.bae@samsung.com,HQ-Gumi,100.0,S916NKSU8GZIF,S916NKSU8GZIF,S916NOKR8GZIF,SM-S916N,PHONE,"2026-10-01 20:00:00 KST",false,FULL,Yes,SM8550,,SRI-N
6209177936723968,Regular,Approved,MR,false,samsung/a36xqnsins/a36xq:17/CP2A.260605.016/A366EXXUCDZIF_ODMCDZIF:user/release-keys,INS,India,d2.kumar@samsung.com,srin-pregba@samsung.com,"2026-09-30 17:06:32 KST","2026-10-01 19:36:43 KST","2026-10-01 18:51:37 KST","2026-10-01 19:36:43 KST",,a36xqnsins,2026-09-05,ratul.pathak@samsung.com,SRI-Noida,100.0,A366EXXUCDZIF,A366EXXUCDZIF,A366EODMCDZIF,SM-A366E,PHONE,"2026-10-01 20:00:00 KST",false,VARIANT,Yes,SM6475,,SRI-N
5018966598877184,Vendor,Approved,,false,samsung/a36xqzh/a36xq:15/AP3A.240905.015.A2/A3660ZHUADZIF:user/release-keys,,,r1.rawat@samsung.com,ga.srcg@samsung.com,"2026-09-30 17:05:58 KST","2026-10-01 00:00:02 KST","2026-09-30 19:17:02 KST","2026-10-01 00:00:02 KST",,a36xqzh,,yinbo.xie@samsung.com,SRC-Guangzhou,100.0,A3660ZHUADZIF,,,SM-A3660,PHONE,"2026-10-01 19:00:00 KST",false,,No,SM6475,,SRI-N
6230089595617280,Regular,Approved,MR,false,samsung/b5qzhx/b5q:17/CP2A.260605.016/F7310ZSU9HZIJ:user/release-keys,"BRI,TGY","Taiwan,Hong Kong",ruchi.joshi@samsung.com,ga.srcg@samsung.com,"2026-09-30 17:05:52 KST","2026-09-30 23:36:59 KST","2026-09-30 18:19:00 KST","2026-09-30 23:36:59 KST",,b5qzhx,2026-10-05,weijunio.liu@samsung.com,SRC-Guangzhou,100.0,F7310ZSU9HZIJ,F7310ZCU9HZIJ,F7310OZS9HZIJ,SM-F7310,PHONE,"2026-10-01 20:00:00 KST",false,FULL,Yes,SM8550,,SRI-N
6106168212848640,Vendor,Approved,,false,samsung/b5qzhx/b5q:13/TP1A.220624.014/F7310ZSU9HZIJ:user/release-keys,,,ruchi.joshi@samsung.com,ga.srcg@samsung.com,"2026-09-30 16:58:04 KST","2026-10-01 00:00:02 KST","2026-09-30 18:15:08 KST","2026-10-01 00:00:02 KST",,b5qzhx,,weijunio.liu@samsung.com,SRC-Guangzhou,100.0,F7310ZSU9HZIJ,,,SM-F7310,PHONE,"2026-09-30 23:00:00 KST",false,,No,SM8550,,SRI-N
6294522225229824,Vendor,Approved,,false,samsung/a27xqsq/a27xq:15/AP3A.240905.015.A2/A276USQU3BZIF:user/release-keys,,,umesh.k@samsung.com,srin-pregba@samsung.com,"2026-09-30 16:53:45 KST","2026-10-01 16:00:05 KST","2026-10-01 14:24:46 KST","2026-10-01 16:00:05 KST",,a27xqsq,,rohit.anand@samsung.com,SRI-Noida,100.0,A276USQU3BZIF,,,SM-A276U,PHONE,"2026-09-30 23:00:00 KST",false,,No,SM6475,,SRI-N
4543627737169920,Regular,Approved,MR,false,samsung/b5qxtur/b5q:17/CP2A.260605.016/F731BXXU7HZIJ:user/release-keys,TUR,Turkey,huy.dn@samsung.com,srv.gba@samsung.com,"2026-09-30 16:43:27 KST","2026-10-01 12:36:16 KST","2026-10-01 12:33:05 KST","2026-10-01 12:36:16 KST",,b5qxtur,2026-10-05,ha.hoang@samsung.com,SRV,100.0,F731BXXU7HZIJ,F731BXXU7HZIJ,F731BOXM7HZIJ,SM-F731B,PHONE,"2026-09-30 23:30:00 KST",false,VARIANT,Yes,SM8550,,SRV
6155822430420992,Regular,Approved,MR,false,samsung/b5qxser/b5q:17/CP2A.260605.016/F731BXXU7HZIJ:user/release-keys,SER,Russia,yen.dt@samsung.com,srv.gba@samsung.com,"2026-09-30 16:43:09 KST","2026-10-05 13:00:34 KST","2026-09-30 18:28:05 KST","2026-10-05 13:00:34 KST",,b5qxser,2026-10-05,ha.hoang@samsung.com,SRV,100.0,F731BXXU7HZIJ,F731BXXU7HZIJ,F731BOXM7HZIJ,SM-F731B,PHONE,,false,VARIANT,Yes,SM8550,,SRV
5742927762685952,Regular,Approved,MR,false,samsung/b5qxeea/b5q:17/CP2A.260605.016/F731BXXU7HZIJ:user/release-keys,EUX,"Portugal,Iceland,Greece,Austria,Sweden,Netherlands,Latvia,Luxembourg,Poland,Slovakia,Slovenia,Bulgaria,Lithuania,France,Croatia,Romania,Hungary,United Kingdom,Switzerland,Spain,Czech Republic,Norway,Finland,Denmark,Italy,Germany,Estonia",vuong.hue@samsung.com,srv.gba@samsung.com,"2026-09-30 16:42:51 KST","2026-10-05 13:36:38 KST","2026-09-30 18:27:44 KST","2026-10-05 13:36:38 KST",,b5qxeea,2026-10-05,ha.hoang@samsung.com,SRV,100.0,F731BXXU7HZIJ,F731BXXU7HZIJ,F731BOXM7HZIJ,SM-F731B,PHONE,"2026-09-30 23:30:00 KST",false,VARIANT,Yes,SM8550,,SRV
5900015319121920,Regular,Approved,MR,true,samsung/q8qctcx/q8q:17/CP2A.260605.016/W9027ZCU1AZIF_CTC1AZIF:user/release-keys,CHC,China,priyanka.l@samsung.com,suwonga2.sec@samsung.com,"2026-09-30 16:42:10 KST","2026-10-01 00:36:17 KST","2026-09-30 17:35:52 KST","2026-10-01 00:36:17 KST",,q8qctcx,2026-08-05,jhpark93@samsung.com,HQ-Suwon2,100.0,W9027ZCU1AZIF,W9027ZCU1AZI9,W9027CTC1AZIF,SM-W9027,PHONE,"2026-10-01 00:00:00 KST",false,FULL,Yes,SM8850,,SRI-N
6526517635186688,Regular,Approved,MR,false,samsung/b5qxxx/b5q:17/CP2A.260605.016/F731BXXU7HZIJ:user/release-keys,EUY,"Kosovo,Macedonia,Serbia,Bosnia and Herzegovina,Montenegro,Albania",tu.nv1@samsung.com,gumi.ga2.sec@samsung.com,"2026-09-30 16:41:06 KST","2026-09-30 23:36:12 KST","2026-09-30 18:27:25 KST","2026-09-30 23:36:12 KST",,b5qxxx,2026-10-05,yong_jin.kim@samsung.com,HQ-Gumi,100.0,F731BXXU7HZIJ,F731BXXU7HZIJ,F731BOXM7HZIJ,SM-F731B,PHONE,"2026-10-01 00:00:00 KST",false,FULL,Yes,SM8550,,SRV
5131301938266112,SKU,Approved,MR,false,samsung/a27xqxx/a27xq:17/CP2A.260605.016/A276BXXU3BZIF_OXM3BZIF:user/release-keys,"CAC,CAU,EUY,MBM,SOZ","Mongolia,Turkmenistan,Kyrgyzstan,Tajikistan,Armenia,Azerbaijan,Georgia,Macedonia,Serbia,Uzbekistan",oanh.lt@samsung.com,srv.gba@samsung.com,"2026-09-30 16:35:11 KST","2026-09-30 17:20:40 KST","2026-09-30 17:20:40 KST","2026-09-30 17:20:40 KST",,a27xqxx,2026-09-05,ymin45.lee@samsung.com,SRV,100.0,A276BXXU3BZIF,A276BXXU3BZIF,A276BOXM3BZIF,SM-A276B,PHONE,"2026-09-30 22:00:00 KST",false,VARIANT,No,SM6475,,SRV
5608426969497600,Vendor,Approved,,false,samsung/q8qctcx/q8q:16/BP2A.250605.031.A3/W9027ZCU1AZIF:user/release-keys,,,priyanka.l@samsung.com,suwonga2.sec@samsung.com,"2026-09-30 16:26:25 KST","2026-10-01 08:00:02 KST","2026-09-30 17:32:47 KST","2026-10-01 08:00:02 KST",,q8qctcx,,jhpark93@samsung.com,HQ-Suwon2,100.0,W9027ZCU1AZIF,,,SM-W9027,PHONE,"2026-09-30 23:00:00 KST",false,,No,SM8850,,SRI-N
5081250553659392,Regular,Approved,MR,true,samsung/h8qzcx/h8q:17/CP2A.260605.016/F9710ZCU3AZIJ_CHC3AZIJ:user/release-keys,CHC,China,d.khantwal@samsung.com,suwonga2.sec@samsung.com,"2026-09-30 16:12:41 KST","2026-09-30 23:35:48 KST","2026-09-30 17:42:27 KST","2026-09-30 23:35:48 KST",,h8qzcx,2026-08-05,jhpark93@samsung.com,HQ-Suwon2,100.0,F9710ZCU3AZIJ,F9710ZCU3AZI1,F9710CHC3AZIJ,SM-F9710,PHONE,"2026-10-01 00:00:00 KST",false,FULL,Yes,SM8850,,SRI-N
6743712134856704,Regular,Approved,MR,true,samsung/q8qzcx/q8q:17/CP2A.260605.016/F9760ZCU3AZIJ_CHC3AZIJ:user/release-keys,CHC,China,umesh.k@samsung.com,suwonga2.sec@samsung.com,"2026-09-30 16:11:17 KST","2026-09-30 23:37:54 KST","2026-09-30 18:31:13 KST","2026-09-30 23:37:54 KST",,q8qzcx,2026-08-05,chulhee.woo@samsung.com,HQ-Suwon2,100.0,F9760ZCU3AZIJ,F9760ZCU3AZI1,F9760CHC3AZIJ,SM-F9760,PHONE,"2026-10-01 00:00:00 KST",false,FULL,Yes,SM8850,,SRI-N
5241028756111360,Vendor,Approved,,false,samsung/h8qzcx/h8q:16/BP2A.250605.031.A3/F9710ZCU3AZIJ:user/release-keys,,,d.khantwal@samsung.com,suwonga2.sec@samsung.com,"2026-09-30 16:10:39 KST","2026-10-01 00:00:03 KST","2026-09-30 17:30:18 KST","2026-10-01 00:00:03 KST",,h8qzcx,,jhpark93@samsung.com,HQ-Suwon2,100.0,F9710ZCU3AZIJ,,,SM-F9710,PHONE,"2026-09-30 23:00:00 KST",false,,No,SM8850,,SRI-N
5156190166450176,Regular,Reviewed,MR,false,samsung/gta9ser/gta9:16/BP2A.250605.031.A3/X115XXUBDZI1:user/release-keys,SER,Russia,thuynga.dt@samsung.com,srv.gba@samsung.com,"2026-09-30 16:08:02 KST","2026-10-02 13:20:08 KST","2026-10-02 13:02:14 KST",,,gta9ser,2026-07-05,hieu.tr1@samsung.com,SRV,100.0,X115XXUBDZI1,X115XXUBDZI1,X115OXMBDZI1,SM-X115,TABLET,,false,VARIANT,No,MT8781V/CA,,SRV
4630646324723712,Regular,Approved,MR,false,samsung/gta9eea/gta9:16/BP2A.250605.031.A3/X115XXUBDZI1:user/release-keys,EUX,"Romania,Hungary,United Kingdom,Switzerland,Portugal,Spain,Greece,Austria,Sweden,Netherlands,Latvia,Czech Republic,Belgium,Luxembourg,Poland,Italy,Slovakia,Slovenia,Bulgaria,France,Germany",ng.thanhtuan@samsung.com,srv.gba@samsung.com,"2026-09-30 16:07:50 KST","2026-10-06 15:36:21 KST","2026-09-30 18:07:32 KST","2026-10-06 15:36:21 KST",,gta9eea,2026-07-05,hieu.tr1@samsung.com,SRV,100.0,X115XXUBDZI1,X115XXUBDZI1,X115OXMBDZI1,SM-X115,TABLET,"2026-09-30 23:30:00 KST",false,VARIANT,Yes,MT8781V/CA,,SRV
6040024693080064,Regular,Approved,LR,false,samsung/xcover7proxx/xcover7pro:17/CP2A.260605.016/G766BXXUADZI8_OXMADZI8:user/release-keys,EUY,Serbia,ly.ltt@samsung.com,srv.gba@samsung.com,"2026-09-30 16:04:05 KST","2026-10-06 10:37:07 KST","2026-10-06 09:40:07 KST","2026-10-06 10:37:07 KST","2026-10-01 11:34:32 KST",xcover7proxx,2026-10-05,nhung.hh@samsung.com,SRV,100.0,G766BXXUADZI8,G766BXXUADZI8,G766BOXMADZI8,SM-G766B,PHONE,"2026-10-09 23:30:00 KST",false,FULL,Yes,SM7635,LD,SRV
6241230606565376,Regular,Approved,MR,false,samsung/dm3qxtur/dm3q:17/CP2A.260605.016/S918BXXUAGZIF:user/release-keys,TUR,Turkey,ducmanh.ng1@samsung.com,srv.gba@samsung.com,"2026-09-30 15:56:17 KST","2026-10-05 13:35:16 KST","2026-09-30 18:50:11 KST","2026-10-05 13:35:16 KST",,dm3qxtur,2026-10-05,sang.tv@samsung.com,SRV,100.0,S918BXXUAGZIF,S918BXXUAGZIF,S918BOXMAGZIF,SM-S918B,PHONE,"2026-09-30 23:30:00 KST",false,VARIANT,Yes,SM8550,,SRV
5521006332739584,Regular,Approved,MR,false,samsung/dm3qxser/dm3q:17/CP2A.260605.016/S918BXXUAGZIF:user/release-keys,SER,Russia,hoai.nt4@samsung.com,srv.gba@samsung.com,"2026-09-30 15:56:06 KST","2026-10-05 13:37:19 KST","2026-09-30 18:32:10 KST","2026-10-05 13:37:19 KST",,dm3qxser,2026-10-05,sang.tv@samsung.com,SRV,100.0,S918BXXUAGZIF,S918BXXUAGZIF,S918BOXMAGZIF,SM-S918B,PHONE,,false,VARIANT,Yes,SM8550,,SRV
6186898733400064,Vendor,Approved,,false,samsung/a37xtfn/a37x:14/UP1A.231005.007/S376VUDU5BZI6:user/release-keys,,,umesh.k@samsung.com,srin-pregba@samsung.com,"2026-09-30 15:55:53 KST","2026-10-01 00:00:03 KST","2026-09-30 18:42:12 KST","2026-10-01 00:00:03 KST",,a37xtfn,,himanshu.a@samsung.com,SRI-Noida,100.0,S376VUDU5BZI6,,,SM-S376V,PHONE,"2026-09-30 23:00:00 KST",false,,No,s5e8845,,SRI-N
6327570589286400,Regular,Approved,MR,false,samsung/dm3qxeea/dm3q:17/CP2A.260605.016/S918BXXUAGZIF:user/release-keys,EUX,"Portugal,Iceland,Greece,Austria,Latvia,Netherlands,Sweden,Luxembourg,Poland,Slovakia,Slovenia,Bulgaria,France,Lithuania,Croatia,Romania,Hungary,United Kingdom,Switzerland,Spain,Czech Republic,Belgium,Norway,Finland,Denmark,Italy,Germany,Estonia",khanh.toan@samsung.com,srv.gba@samsung.com,"2026-09-30 15:55:53 KST","2026-10-05 13:35:08 KST","2026-09-30 18:32:29 KST","2026-10-05 13:35:08 KST",,dm3qxeea,2026-10-05,sang.tv@samsung.com,SRV,100.0,S918BXXUAGZIF,S918BXXUAGZIF,S918BOXMAGZIF,SM-S918B,PHONE,"2026-09-30 23:30:00 KST",false,VARIANT,Yes,SM8550,,SRV
5617992465645568,SMR,Approved,SMR,,samsung/xcoverpro2xx/xcoverpro2:16/BP2A.250605.031.A3/G736BXXSCGZI2:user/release-keys,TGY,"Hong Kong",approval.se@samsung.com,ga.srcg@samsung.com,"2026-09-30 15:55:27 KST","2026-09-30 17:01:40 KST","2026-09-30 16:39:10 KST","2026-09-30 17:01:40 KST",,xcoverpro2xx,2026-09-05,zhenyu.li@partner.samsung.com,SRC-Guangzhou,100.0,G736BXXSCGZI2,G736BXXSCGZI2,G736BTGYCGZI2,SM-G736B,PHONE,"2026-09-30 21:30:00 KST",false,,Yes,SM7325,,SRI-N
4552380746301440,Vendor,Approved,,false,samsung/q8qzcx/q8q:16/BP2A.250605.031.A3/F9760ZCU3AZIJ:user/release-keys,,,umesh.k@samsung.com,suwonga2.sec@samsung.com,"2026-09-30 15:55:23 KST","2026-10-01 00:00:03 KST","2026-09-30 18:29:04 KST","2026-10-01 00:00:03 KST",,q8qzcx,,chulhee.woo@samsung.com,HQ-Suwon2,100.0,F9760ZCU3AZIJ,,,SM-F9760,PHONE,"2026-09-30 23:00:00 KST",false,,No,SM8850,,SRI-N
6320190291968000,Regular,Approved,MR,true,samsung/SC-51F/SC-51F:17/CP2A.260605.016/SC51FOMU1DZIF_QCM1DZIF:user/release-keys,"SJP,DCM",Japan,nam.dt1@samsung.com,suwonga2.sec@samsung.com,"2026-09-30 15:33:46 KST","2026-10-02 17:01:19 KST","2026-10-02 16:57:57 KST","2026-10-02 17:01:19 KST",,SC-51F,2026-09-05,chjo@samsung.com,HQ-Suwon2,100.0,SC51FOMU1DZIF,SC51FOMU1DZIF,SC51FQCM1DZIF,SC-51F,PHONE,"2026-10-01 00:00:00 KST",false,FULL,Yes,SM8750,,SRV
6130263616913408,Vendor,Approved,,false,samsung/SC-51F/SC-51F:15/AP3A.240905.015.A2/SC51FOMU1DZIF:user/release-keys,,,nam.dt1@samsung.com,suwonga2.sec@samsung.com,"2026-09-30 15:32:46 KST","2026-10-03 00:00:04 KST","2026-10-02 16:52:28 KST","2026-10-03 00:00:04 KST",,SC-51F,,chjo@samsung.com,HQ-Suwon2,100.0,SC51FOMU1DZIF,,,SC-51F,PHONE,"2026-09-30 23:00:00 KST",false,,No,SM8750,,SRV
5845799342964736,Vendor,Submitted,,false,samsung/a15xsq/a15x:17/CP2A.260605.016/A156USQUCFZI5:user/release-keys,,,vishnu.d@samsung.com,srin-pregba@samsung.com,"2026-09-30 15:32:39 KST","2026-09-30 15:51:50 KST",,,,a15xsq,,manish.s7@samsung.com,SRI-Noida,,A156USQUCFZI5,,,SM-A156U,PHONE,"2026-09-30 23:00:00 KST",false,,No,MT6835V/ZA,,SRI-N
4562461302980608,Regular,Approved,MR,false,samsung/q5qxtur/q5q:17/CP2A.260605.016/F946BXXU7HZIJ:user/release-keys,TUR,Turkey,ly.ltt@samsung.com,srv.gba@samsung.com,"2026-09-30 15:29:04 KST","2026-10-01 11:01:29 KST","2026-10-01 10:32:57 KST","2026-10-01 11:01:29 KST",,q5qxtur,2026-10-05,dat.tien@samsung.com,SRV,100.0,F946BXXU7HZIJ,F946BXXU7HZIJ,F946BOXM7HZIJ,SM-F946B,PHONE,"2026-09-30 23:30:00 KST",false,VARIANT,Yes,SM8550,,SRV
5473506745909248,Regular,Approved,MR,false,samsung/q5qxser/q5q:17/CP2A.260605.016/F946BXXU7HZIJ:user/release-keys,SER,Russia,nam.dt1@samsung.com,srv.gba@samsung.com,"2026-09-30 15:27:53 KST","2026-10-01 11:36:05 KST","2026-10-01 11:11:32 KST","2026-10-01 11:36:05 KST",,q5qxser,2026-10-05,dat.tien@samsung.com,SRV,100.0,F946BXXU7HZIJ,F946BXXU7HZIJ,F946BOXM7HZIJ,SM-F946B,PHONE,"2026-09-30 23:30:00 KST",false,VARIANT,Yes,SM8550,,SRV
6304372363624448,Regular,Approved,MR,false,samsung/q5qxeea/q5q:17/CP2A.260605.016/F946BXXU7HZIJ:user/release-keys,EUX,"Portugal,Iceland,Greece,Austria,Sweden,Netherlands,Latvia,Luxembourg,Poland,Slovakia,Slovenia,Bulgaria,Lithuania,France,Croatia,Romania,Hungary,United Kingdom,Switzerland,Spain,Czech Republic,Norway,Finland,Denmark,Italy,Germany,Estonia",huy.dn@samsung.com,srv.gba@samsung.com,"2026-09-30 15:27:40 KST","2026-10-01 11:02:26 KST","2026-10-01 10:33:19 KST","2026-10-01 11:02:26 KST",,q5qxeea,2026-10-05,dat.tien@samsung.com,SRV,100.0,F946BXXU7HZIJ,F946BXXU7HZIJ,F946BOXM7HZIJ,SM-F946B,PHONE,"2026-09-30 23:30:00 KST",false,VARIANT,Yes,SM8550,,SRV
6059894872735744,Regular,Approved,MR,true,samsung/a27xqxx/a27xq:17/CP2A.260605.016/A276BXXU3BZIF_OXM3BZIF:user/release-keys,EUY,"Ukraine,Macedonia,Serbia",yen.dt@samsung.com,ga1.sec@samsung.com,"2026-09-30 15:19:11 KST","2026-09-30 16:35:08 KST","2026-09-30 16:03:43 KST","2026-09-30 16:35:08 KST",,a27xqxx,2026-09-05,ymin45.lee@samsung.com,HQ-Suwon,100.0,A276BXXU3BZIF,A276BXXU3BZIF,A276BOXM3BZIF,SM-A276B,PHONE,,false,FULL,Yes,SM6475,,SRV
5112006529253376,Vendor,Approved,,false,samsung/a27xqxx/a27xq:15/AP3A.240905.015.A2/A276BXXU3BZIF:user/release-keys,,,yen.dt@samsung.com,ga1.sec@samsung.com,"2026-09-30 15:15:25 KST","2026-10-01 00:00:03 KST","2026-09-30 15:46:39 KST","2026-10-01 00:00:03 KST",,a27xqxx,,ymin45.lee@samsung.com,HQ-Suwon,100.0,A276BXXU3BZIF,,,SM-A276B,PHONE,,false,,No,SM6475,,SRV
5915028578631680,Regular,Approved,MR,false,samsung/gta9xx/gta9:16/BP2A.250605.031.A3/X115XXUBDZI1:user/release-keys,EUY,Serbia,vuong.hue@samsung.com,srv.gba@samsung.com,"2026-09-30 15:14:00 KST","2026-10-05 15:35:54 KST","2026-09-30 18:05:42 KST","2026-10-05 15:35:54 KST",,gta9xx,2026-07-05,hieu.tr1@samsung.com,SRV,100.0,X115XXUBDZI1,X115XXUBDZI1,X115OXMBDZI1,SM-X115,TABLET,"2026-09-30 23:30:00 KST",false,FULL,Yes,MT8781V/CA,,SRV
4755975349469184,Vendor,Approved,,false,samsung/b5qksx/b5q:13/TP1A.220624.014/F731NTCU6HZIJ:user/release-keys,,,ruchi.joshi@samsung.com,gumi.ga2.sec@samsung.com,"2026-09-30 15:11:12 KST","2026-10-01 16:00:05 KST","2026-10-01 13:16:09 KST","2026-10-01 16:00:05 KST",,b5qksx,,hyunchul0221.jung@samsung.com,HQ-Gumi,100.0,F731NTCU6HZIJ,,,SM-F731N,PHONE,"2026-09-30 23:00:00 KST",false,,No,SM8550,,SRI-N
5665017357926400,Regular,Approved,MR,false,samsung/dm3qxxx/dm3q:17/CP2A.260605.016/S918BXXUAGZIF:user/release-keys,EUY,"Kosovo,Macedonia,Serbia,Bosnia and Herzegovina,Montenegro,Albania",tu.nv1@samsung.com,gumi.ga1.sec@samsung.com,"2026-09-30 15:11:04 KST","2026-09-30 22:36:54 KST","2026-09-30 18:31:47 KST","2026-09-30 22:36:54 KST",,dm3qxxx,2026-10-05,suyeon79.kim@samsung.com,HQ-Gumi,100.0,S918BXXUAGZIF,S918BXXUAGZIF,S918BOXMAGZIF,SM-S918B,PHONE,"2026-10-01 00:00:00 KST",false,FULL,Yes,SM8550,,SRV
6361701855526912,Vendor,Approved,,false,samsung/a26xsub/a26xs:15/AP3A.240905.015.A2/A266MUBUBDZI4:user/release-keys,,,r1.rawat@samsung.com,ga1.sec@samsung.com,"2026-09-30 15:01:10 KST","2026-10-07 00:00:08 KST","2026-10-01 19:51:12 KST","2026-10-07 00:00:08 KST",,a26xsub,,jun.ho.park@samsung.com,HQ-Suwon,100.0,A266MUBUBDZI4,,,SM-A266M,PHONE,"2026-09-30 23:00:00 KST",false,,No,s5e8825,,SRI-N
4759132016214016,Regular,Approved,MR,false,samsung/a27xqeea/a27xq:17/CP2A.260605.016/A276BXXU3BZIF_OXM3BZIF:user/release-keys,EUX,"Portugal,Iceland,Greece,Netherlands,Sweden,Austria,Latvia,Ireland,Luxembourg,Poland,Slovakia,Slovenia,France,Bulgaria,Lithuania,Croatia,Romania,Hungary,United Kingdom,Switzerland,Spain,Czech Republic,Belgium,Norway,Finland,Denmark,Italy,Germany,Estonia",oanh.lt@samsung.com,ga1.sec@samsung.com,"2026-09-30 15:00:38 KST","2026-09-30 18:01:34 KST","2026-09-30 17:36:05 KST","2026-09-30 18:01:34 KST",,a27xqeea,2026-09-05,ymin45.lee@samsung.com,HQ-Suwon,100.0,A276BXXU3BZIF,A276BXXU3BZIF,A276BOXM3BZIF,SM-A276B,PHONE,,false,VARIANT,Yes,SM6475,,SRV
6376238608547840,Regular,Approved,MR,false,samsung/q5qxxx/q5q:17/CP2A.260605.016/F946BXXU7HZIJ:user/release-keys,EUY,"Kosovo,Macedonia,Serbia,Bosnia and Herzegovina,Montenegro,Albania",thuynga.dt@samsung.com,gid5490.han@samsung.com,"2026-09-30 14:54:41 KST","2026-10-01 11:01:43 KST","2026-10-01 10:32:32 KST","2026-10-01 11:01:43 KST",,q5qxxx,2026-10-05,ccy2k@samsung.com,HQ-Gumi,100.0,F946BXXU7HZIJ,F946BXXU7HZIJ,F946BOXM7HZIJ,SM-F946B,PHONE,"2026-10-01 00:00:00 KST",false,FULL,Yes,SM8550,,SRV
6271247797452800,Vendor,Approved,,false,samsung/q5qxxx/q5q:13/TP1A.220624.014/F946BXXU7HZIJ:user/release-keys,,,thuynga.dt@samsung.com,gumi.ga1.sec@samsung.com,"2026-09-30 14:50:30 KST","2026-10-01 16:00:06 KST","2026-10-01 10:28:31 KST","2026-10-01 16:00:06 KST",,q5qxxx,,ccy2k@samsung.com,HQ-Gumi,100.0,F946BXXU7HZIJ,,,SM-F946B,PHONE,"2026-09-30 23:00:00 KST",false,,No,SM8550,,SRV
5494666925703168,Regular,Approved,MR,false,samsung/fresh9ulkx/fresh9ul:17/CP2A.260330.023/L355NKOU1AZI3:user/release-keys,KOO,Korea,ruchi.joshi@samsung.com,yk27.kim@samsung.com,"2026-09-30 14:34:42 KST","2026-10-01 13:36:10 KST","2026-09-30 20:10:03 KST","2026-10-01 13:36:10 KST",,fresh9ulkx,2026-08-05,bhmoon@samsung.com,HQ-Suwon,100.0,L355NKOU1AZI3,L355NKOU1AZI3,L355NOKR1AZI3,SM-L355N,WEARABLE,,false,FULL,No,SW6100,,SRI-N
6407457115209728,Vendor,Approved,,false,samsung/dm3qxxx/dm3q:13/TP1A.220624.014/S918BXXUAGZIF:user/release-keys,,,tu.nv1@samsung.com,gumi.ga1.sec@samsung.com,"2026-09-30 14:22:58 KST","2026-10-01 00:00:03 KST","2026-09-30 17:47:41 KST","2026-10-01 00:00:03 KST",,dm3qxxx,,suyeon79.kim@samsung.com,HQ-Gumi,100.0,S918BXXUAGZIF,,,SM-S918B,PHONE,"2026-09-30 23:00:00 KST",false,,No,SM8550,,SRV
4744387678699520,SafetyNet,Approved,,,samsung/a25xdins/a25x:17/CP2A.260605.016/A256EXXUEZZIJ:user/release-keys,,,,srin-pregba@samsung.com,"2026-09-30 14:18:59 KST","2026-09-30 14:19:20 KST",,"2026-09-30 14:19:20 KST",,a25xdins,2026-10-05,ankur.gautam@samsung.com,SRI-Noida,100.0,,,,SM-A256E,,,false,,No,s5e8825,,
5408154523533312,SafetyNet,Approved,,,samsung/a25xdxx/a25x:17/CP2A.260605.016/A256EXXUEFZII:user/release-keys,,,,srin-pregba@samsung.com,"2026-09-30 14:17:53 KST","2026-09-30 14:18:07 KST",,"2026-09-30 14:18:07 KST",,a25xdxx,2026-10-05,ankur.gautam@samsung.com,SRI-Noida,100.0,,,,SM-A256E,,,false,,No,s5e8825,,
5184375855775744,Regular,Approved,LR,false,samsung/gts9psqw/gts9p:17/CP2A.260605.016/X818USQU7FZI5:user/release-keys,VZW,"United States",d2.kumar@samsung.com,srin-pregba@samsung.com,"2026-09-30 14:08:55 KST","2026-09-30 19:02:26 KST","2026-09-30 18:30:43 KST","2026-09-30 19:00:43 KST",,gts9psqw,2026-09-05,a1.jaiswal@samsung.com,SRI-Noida,100.0,X818USQU7FZI5,X818USQU7FZI5,X818UOYN7FZI5,SM-X818U,TABLET,"2026-10-08 23:30:00 KST",false,FULL,Yes,SM8550,,SRI-N
6748062248861696,Vendor,Approved,,false,samsung/gts9psqw/gts9p:13/TP1A.220624.014/X818USQU7FZI5:user/release-keys,,,d2.kumar@samsung.com,srin-pregba@samsung.com,"2026-09-30 13:51:57 KST","2026-10-01 00:00:04 KST","2026-09-30 18:25:16 KST","2026-10-01 00:00:04 KST",,gts9psqw,,a1.jaiswal@samsung.com,SRI-Noida,100.0,X818USQU7FZI5,,,SM-X818U,TABLET,"2026-09-30 23:00:00 KST",false,,No,SM8550,,SRI-N
6253392074899456,Regular,Approved,MR,false,samsung/a27xqins/a27xq:17/CP2A.260605.016/A276BXXU3BZIF_ODM3BZIF:user/release-keys,INS,India,priyanka.l@samsung.com,srin-pregba@samsung.com,"2026-09-30 13:50:04 KST","2026-10-01 15:01:12 KST","2026-10-01 14:50:44 KST","2026-10-01 15:01:12 KST",,a27xqins,2026-09-05,tarun.lohia@samsung.com,SRI-Noida,100.0,A276BXXU3BZIF,A276BXXU3BZIF,A276BODM3BZIF,SM-A276B,PHONE,"2026-10-01 00:00:00 KST",false,VARIANT,Yes,SM6475,,SRI-N
5990685635510272,Regular,Approved,MR,false,samsung/dm3qksx/dm3q:17/CP2A.260605.016/S918NKSU8GZIF:user/release-keys,"KOO,SKC,LUC,KTC",Korea,d.khantwal@samsung.com,gumi.ga2.sec@samsung.com,"2026-09-30 13:40:29 KST","2026-09-30 20:36:51 KST","2026-09-30 15:26:06 KST","2026-09-30 20:36:51 KST",,dm3qksx,2026-10-05,junik.bae@samsung.com,HQ-Gumi,100.0,S918NKSU8GZIF,S918NKSU8GZIF,S918NOKR8GZIF,SM-S918N,PHONE,"2026-10-01 00:00:00 KST",false,FULL,Yes,SM8550,,SRI-N
6476261350440960,Regular,Approved,MR,false,samsung/dm2qxeea/dm2q:17/CP2A.260605.016/S916BXXUAGZIF:user/release-keys,EUX,"Portugal,Iceland,Greece,Austria,Latvia,Netherlands,Sweden,Luxembourg,Poland,Slovakia,Slovenia,Bulgaria,France,Lithuania,Croatia,Romania,Hungary,United Kingdom,Switzerland,Spain,Czech Republic,Belgium,Norway,Finland,Denmark,Italy,Germany,Estonia",ng.thanhtuan@samsung.com,srv.gba@samsung.com,"2026-09-30 13:34:08 KST","2026-10-05 13:35:55 KST","2026-09-30 17:09:41 KST","2026-10-05 13:35:55 KST",,dm2qxeea,2026-10-05,sang.tv@samsung.com,SRV,100.0,S916BXXUAGZIF,S916BXXUAGZIF,S916BOXMAGZIF,SM-S916B,PHONE,"2026-09-30 23:30:00 KST",false,VARIANT,Yes,SM8550,,SRV
4841030868533248,Regular,Approved,MR,false,samsung/dm2qxser/dm2q:17/CP2A.260605.016/S916BXXUAGZIF:user/release-keys,SER,Russia,ducmanh.ng1@samsung.com,srv.gba@samsung.com,"2026-09-30 13:33:58 KST","2026-10-05 13:37:12 KST","2026-09-30 15:48:02 KST","2026-10-05 13:37:12 KST",,dm2qxser,2026-10-05,sang.tv@samsung.com,SRV,100.0,S916BXXUAGZIF,S916BXXUAGZIF,S916BOXMAGZIF,SM-S916B,PHONE,"2026-09-30 23:30:00 KST",false,VARIANT,Yes,SM8550,,SRV
5392800552321024,Regular,Approved,MR,false,samsung/dm2qxtur/dm2q:17/CP2A.260605.016/S916BXXUAGZIF:user/release-keys,TUR,Turkey,hoai.nt4@samsung.com,srv.gba@samsung.com,"2026-09-30 13:33:39 KST","2026-10-05 13:36:50 KST","2026-09-30 15:35:04 KST","2026-10-05 13:36:50 KST",,dm2qxtur,2026-10-05,sang.tv@samsung.com,SRV,100.0,S916BXXUAGZIF,S916BXXUAGZIF,S916BOXMAGZIF,SM-S916B,PHONE,"2026-09-30 23:30:00 KST",false,VARIANT,Yes,SM8550,,SRV
6696041604972544,Regular,Approved,MR,false,samsung/dm2qxxx/dm2q:17/CP2A.260605.016/S916BXXUAGZIF:user/release-keys,EUY,"Kosovo,Macedonia,Serbia,Bosnia and Herzegovina,Montenegro,Albania",khanh.toan@samsung.com,gumi.ga1.sec@samsung.com,"2026-09-30 13:18:43 KST","2026-09-30 21:02:07 KST","2026-09-30 15:34:40 KST","2026-09-30 21:02:07 KST",,dm2qxxx,2026-10-05,suyeon79.kim@samsung.com,HQ-Gumi,100.0,S916BXXUAGZIF,S916BXXUAGZIF,S916BOXMAGZIF,SM-S916B,PHONE,"2026-09-30 22:00:00 KST",false,FULL,Yes,SM8550,,SRV
4522448917889024,Widevine,Approved,,,samsung/xcover8xx/xcover8:17/CP2A.260605.016/G586BXXU0AZI1_OXM0AZI1:user/release-keys,EUY,Serbia,phan.hue@samsung.com,phan.hue@samsung.com,"2026-09-30 12:51:29 KST","2026-09-30 19:04:29 KST","2026-09-30 19:04:29 KST","2026-09-30 19:04:29 KST",,xcover8xx,2026-09-05,sw71.song@samsung.com,SRV,100.0,,,,SM-G586B,PHONE,,false,,No,SM4875,,SRV
5571696308518912,SafetyNet,Approved,,,samsung/gta4xlswifixx/gta4xlswifi:17/CP2A.260605.016/P620XXUEDZI5:user/release-keys,,,,srv.gba@samsung.com,"2026-09-30 12:44:53 KST","2026-09-30 12:45:08 KST",,"2026-09-30 12:45:08 KST",,gta4xlswifixx,2026-10-05,thanh.lx1@samsung.com,SRV,100.0,,,,SM-P620,,,false,,No,s5e8825,,
5120802622275584,SafetyNet,Approved,,,samsung/gta4xlswifieea/gta4xlswifi:17/CP2A.260605.016/P620XXUEDZI5:user/release-keys,,,,srv.gba@samsung.com,"2026-09-30 12:33:00 KST","2026-09-30 12:33:15 KST",,"2026-09-30 12:33:15 KST",,gta4xlswifieea,2026-10-05,thanh.lx1@samsung.com,SRV,100.0,,,,SM-P620,,,false,,No,s5e8825,,
5414133118009344,Regular,Approved,MR,false,samsung/a36xqks/a36xq:17/CP2A.260605.016/A366NKSU9DZIF_OKR9DZIF:user/release-keys,"SKC,KOO,KTC,LUC",Korea,ruchi.joshi@samsung.com,ga1.sec@samsung.com,"2026-09-30 12:24:33 KST","2026-09-30 18:00:59 KST","2026-09-30 13:16:25 KST","2026-09-30 18:00:59 KST",,a36xqks,2026-09-05,jkmanse@samsung.com,HQ-Suwon,100.0,A366NKSU9DZIF,A366NKOU9DZIF,A366NOKR9DZIF,SM-A366N,PHONE,"2026-09-30 22:00:00 KST",false,FULL,Yes,SM6475,,SRI-N
5919140540055552,Vendor,Approved,,false,samsung/a36xqks/a36xq:15/AP3A.240905.015.A2/A366NKSU9DZIF:user/release-keys,,,ruchi.joshi@samsung.com,ga1.sec@samsung.com,"2026-09-30 12:22:43 KST","2026-10-01 00:00:04 KST","2026-09-30 13:14:04 KST","2026-10-01 00:00:04 KST",,a36xqks,,jkmanse@samsung.com,HQ-Suwon,100.0,A366NKSU9DZIF,,,SM-A366N,PHONE,"2026-09-30 21:00:00 KST",false,,No,SM6475,,SRI-N
5403282050908160,SMR,Approved,SMR,,samsung/e4qzc/e4q:16/BP2A.250605.031.A3/W7023ZCSAIZI1:user/release-keys,CHC,China,approval.se@samsung.com,ga.srcg@samsung.com,"2026-09-30 12:21:32 KST","2026-09-30 23:37:34 KST","2026-09-30 13:19:26 KST","2026-09-30 23:37:34 KST",,e4qzc,2026-08-05,zhenyu.li@partner.samsung.com,SRC-Guangzhou,100.0,W7023ZCSAIZI1,W7023ZCSAIZI1,W7023CHCAIZI1,SM-W7023,PHONE,"2026-09-30 19:30:00 KST",false,,Yes,SM8475,,SRI-N
4787749517524992,Regular,Uploaded,LR,false,samsung/a15xzh/a15x:17/CP2A.260605.016/A1560ZHUAFZI5:user/release-keys,"BRI,TGY","Taiwan,Hong Kong",d2.kumar@samsung.com,ga.srcg@samsung.com,"2026-09-30 12:13:01 KST","2026-10-01 15:01:13 KST",,,"2026-10-01 14:28:05 KST",a15xzh,2026-09-05,qixiang.wen@partner.samsung.com,SRC-Guangzhou,10.0,A1560ZHUAFZI5,A1560ZHUAFZI5,A1560OZSAFZI5,SM-A1560,PHONE,"2026-10-09 23:30:00 KST",false,FULL,No,MT6835V/ZA,LD,SRI-N
5252726435086336,SMR,Approved,SMR,,samsung/gta4xlswifixx/gta4xlswifi:16/BP4A.251205.006/P620XXSECZI3:user/release-keys,XID,Indonesia,approval.se@samsung.com,lufti.b@samsung.com,"2026-09-30 12:11:19 KST","2026-09-30 13:00:30 KST","2026-09-30 12:49:03 KST","2026-09-30 13:00:30 KST",,gta4xlswifixx,2026-09-05,danar.kurnia@samsung.com,SRV,100.0,P620XXSECZI3,,P620OLEECZI3,SM-P620,TABLET,"2026-09-30 19:00:00 KST",false,,Yes,s5e8825,,SRV
5214177627209728,Vendor,Reviewed,,false,samsung/a15xzh/a15x:17/CP2A.260605.016/A1560ZHUAFZI5:user/release-keys,,,d2.kumar@samsung.com,ga.srcg@samsung.com,"2026-09-30 12:10:13 KST","2026-10-01 14:41:04 KST","2026-10-01 14:24:02 KST",,,a15xzh,,qixiang.wen@partner.samsung.com,SRC-Guangzhou,100.0,A1560ZHUAFZI5,,,SM-A1560,PHONE,"2026-09-30 21:00:00 KST",false,,No,MT6835V/ZA,,SRI-N
5866405690081280,Vendor,Approved,,false,samsung/a17xjxx/a17x:13/TP1A.220624.014/E176EXXU1AZI9:user/release-keys,,,d.khantwal@samsung.com,srin-pregba@samsung.com,"2026-09-30 12:10:12 KST","2026-10-02 00:00:04 KST","2026-10-01 20:19:05 KST","2026-10-02 00:00:04 KST",,a17xjxx,,vinay.verma@samsung.com,SRI-Noida,100.0,E176EXXU1AZI9,,,SM-E176E,PHONE,"2026-09-30 21:00:00 KST",false,,No,s5e8535,,SRI-N
6488973648330752,SafetyNet,Approved,,,samsung/b6quew/b6q:17/CP2A.260605.016/F741U1UEU4ZZI8:user/release-keys,,,,ga1.sec@samsung.com,"2026-09-30 11:58:54 KST","2026-09-30 11:59:12 KST",,"2026-09-30 11:59:12 KST",,b6quew,2026-08-05,ga1.sec@samsung.com,HQ-Suwon,100.0,,,,SM-F741U1,,,false,,No,SM8650,,
4892255064424448,SafetyNet,Approved,,,samsung/b7suew/b7s:17/CP2A.260605.016/F766U1UEUCZZI8_OYMCZZI8:user/release-keys,,,,ga1.sec@samsung.com,"2026-09-30 11:51:34 KST","2026-09-30 11:51:48 KST",,"2026-09-30 11:51:48 KST",,b7suew,2026-08-05,ga1.sec@samsung.com,HQ-Suwon,100.0,,,,SM-F766U1,,,false,,No,s5e9955,,
6279919235760128,SMR,Approved,SMR,,samsung/a08tur/a08:17/CP2A.260605.016/A085FXXS2AZI4_OXM2AZI1:user/release-keys,TUR,Turkey,ly.ltt@samsung.com,srv.gba@samsung.com,"2026-09-30 11:51:21 KST","2026-09-30 16:35:39 KST","2026-09-30 15:43:37 KST","2026-09-30 16:35:39 KST",,a08tur,2026-09-05,chinh.hoa@samsung.com,SRV,100.0,A085FXXS2AZI4,A085FXXS2AZI1,A085FOXM2AZI1,SM-A085F,PHONE,"2026-09-30 19:00:00 KST",false,,Yes,MT6789V/CD,,SRV
6279099333214208,SMR,Approved,SMR,,samsung/v4qzc/v4q:16/BP2A.250605.031.A3/W9023ZCSAIZI1:user/release-keys,CHC,China,approval.se@samsung.com,ga.srcg@samsung.com,"2026-09-30 11:48:15 KST","2026-09-30 23:00:56 KST","2026-09-30 12:19:24 KST","2026-09-30 23:00:56 KST",,v4qzc,2026-08-05,zhenyu.li@partner.samsung.com,SRC-Guangzhou,100.0,W9023ZCSAIZI1,W9023ZCSAIZI1,W9023CHCAIZI1,SM-W9023,PHONE,"2026-09-30 19:30:00 KST",false,,Yes,SM8475,,SRI-N
6546934936633344,SafetyNet,Approved,,,samsung/q7quew/q7q:17/CP2A.260605.016/F966U1UEUCZZI8_OYMCZZI8:user/release-keys,,,,ga1.sec@samsung.com,"2026-09-30 11:39:24 KST","2026-09-30 11:39:38 KST",,"2026-09-30 11:39:38 KST",,q7quew,2026-08-05,ga1.sec@samsung.com,HQ-Suwon,100.0,,,,SM-F966U1,,,false,,No,SM8750,,
5865918915936256,SafetyNet,Approved,,,samsung/q6quew/q6q:17/CP2A.260605.016/F956U1UEU4ZZI8:user/release-keys,,,,ga1.sec@samsung.com,"2026-09-30 11:35:04 KST","2026-09-30 11:35:21 KST",,"2026-09-30 11:35:21 KST",,q6quew,2026-08-05,ga1.sec@samsung.com,HQ-Suwon,100.0,,,,SM-F956U1,,,false,,No,SM8650,,
5735401503588352,SafetyNet,Approved,,,samsung/q7mquew/q7mq:17/CP2A.260605.016/F968U1UEU6ZZI8_OYM6ZZI8:user/release-keys,,,,ga1.sec@samsung.com,"2026-09-30 11:33:54 KST","2026-09-30 11:34:15 KST",,"2026-09-30 11:34:15 KST",,q7mquew,2026-08-05,ga1.sec@samsung.com,HQ-Suwon,100.0,,,,SM-F968U1,,,false,,No,SM8750,,
5972186003406848,SMR,Approved,SMR,,samsung/q8qdcmw/q8q:17/CP2A.260605.016/SC56GOMS1AZIJ_QCM1AZIJ:user/release-keys,"DCM,SJP",Japan,approval.se@samsung.com,suwonga2.sec@samsung.com,"2026-09-30 11:24:26 KST","2026-09-30 19:35:10 KST","2026-09-30 12:19:51 KST","2026-09-30 19:35:10 KST",,q8qdcmw,2026-10-05,youngjune.jang@samsung.com,HQ-Suwon2,100.0,SC56GOMS1AZIJ,SC56GOMS1AZIJ,SC56GQCM1AZIJ,SC-56G,PHONE,"2026-09-30 19:30:00 KST",false,,Yes,SM8850,,SRI-N
5378948745920512,Regular,Approved,MR,false,samsung/dm3qzhx/dm3q:17/CP2A.260605.016/S9180ZHU8GZIF:user/release-keys,"BRI,TGY","Taiwan,Hong Kong",ruchi.joshi@samsung.com,ga.srcg@samsung.com,"2026-09-30 11:19:25 KST","2026-09-30 18:36:45 KST","2026-09-30 13:41:19 KST","2026-09-30 18:36:45 KST",,dm3qzhx,2026-10-05,w.xia@samsung.com,SRC-Guangzhou,100.0,S9180ZHU8GZIF,S9180ZCU8GZIF,S9180OZS8GZIF,SM-S9180,PHONE,"2026-09-30 22:00:00 KST",false,FULL,Yes,SM8550,,SRI-N
4846286096564224,Vendor,Approved,,false,samsung/dm2qksx/dm2q:13/TP1A.220624.014/S916NKSU8GZIF:user/release-keys,,,akansha.s1@samsung.com,gumi.ga1.sec@samsung.com,"2026-09-30 11:18:31 KST","2026-10-02 00:00:05 KST","2026-10-01 16:47:49 KST","2026-10-02 00:00:05 KST",,dm2qksx,,junik.bae@samsung.com,HQ-Gumi,100.0,S916NKSU8GZIF,,,SM-S916N,PHONE,"2026-09-30 21:00:00 KST",false,,No,SM8550,,SRI-N
4947551661064192,SMR,Approved,SMR,,samsung/a08ser/a08:17/CP2A.260605.016/A085FXXS2AZI4_OXM2AZI1:user/release-keys,"SER,SKZ","Belarus,Russia,Kazakhstan",approval.se@samsung.com,srv.gba@samsung.com,"2026-09-30 11:11:32 KST","2026-09-30 16:36:53 KST","2026-09-30 11:39:02 KST","2026-09-30 16:36:53 KST",,a08ser,2026-09-05,chinh.hoa@samsung.com,SRV,100.0,A085FXXS2AZI4,A085FXXS2AZI1,A085FOXM2AZI1,SM-A085F,PHONE,,false,,Yes,MT6789V/CD,,SRV
5123110965870592,Regular,Approved,MR,false,samsung/a17xx/a17:17/CP2A.260605.016/A175FXXU7DZI9_OWO7DZI9:user/release-keys,"ARO,BVO,CGU,CHO,COM,COO,CTI,CTU,EBE,ECO,EON,EUY,GTO,IUS,MXO,PEO,PET,PGU,PNT,PSN,SAM,TCE,UFN,UFU,UPO,UYO,ZTM,ZTO,ZVV","Argentina,Bolivia,Guatemala,Chile,Colombia,Uruguay,Ecuador,Kosovo,Ukraine,Macedonia,Serbia,Bosnia and Herzegovina,Montenegro,Albania,Mexico,Peru,Paraguay,Brazil",jonathan.g@samsung.com,googleapproval.sidia@samsung.com,"2026-09-30 11:09:40 KST","2026-10-01 00:35:55 KST","2026-10-01 00:16:06 KST","2026-10-01 00:35:55 KST",,a17xx,2026-10-05,erika.ms@samsung.com,SIDIA,100.0,A175FXXU7DZI9,A175FXXU7DZI9,A175FOWO7DZI9,SM-A175F,PHONE,"2026-10-01 05:00:00 KST",false,VARIANT,Yes,MT6789V/CD,,SIDIA
5514075195047936,Vendor,Approved,,false,samsung/dm3qzhx/dm3q:13/TP1A.220624.014/S9180ZHU8GZIF:user/release-keys,,,ruchi.joshi@samsung.com,ga.srcg@samsung.com,"2026-09-30 11:00:19 KST","2026-10-01 00:00:04 KST","2026-09-30 13:03:25 KST","2026-10-01 00:00:04 KST",,dm3qzhx,,w.xia@samsung.com,SRC-Guangzhou,100.0,S9180ZHU8GZIF,,,SM-S9180,PHONE,"2026-09-30 21:00:00 KST",false,,No,SM8550,,SRI-N
5566671632990208,SKU,Approved,MR,false,samsung/a57xnaxx/a57x:17/CP2A.260605.016/A576BXXU6BZIE_OLM6BZIE:user/release-keys,XID,Indonesia,nam.dt1@samsung.com,endri.s@samsung.com,"2026-09-30 10:52:04 KST","2026-10-02 18:48:31 KST","2026-10-02 18:48:31 KST","2026-10-02 18:48:31 KST",,a57xnaxx,2026-09-05,vhieu.ng@samsung.com,SRV,100.0,A576BXXU6BZIE,A576BXXU6BZIE,A576BOLM6BZIE,SM-A576B,PHONE,"2026-09-30 20:00:00 KST",false,VARIANT,No,s5e8865,,SRV
6153439260442624,SKU,Approved,MR,false,samsung/m1sxeea/m1s:16/BP4A.251205.006/S942BXXU4AZI2_B2BF_OGB4AZI2_B2BF:user/release-keys,"EUX,E63,NEE","Germany,Denmark",huy.dn@samsung.com,gumi.ga2.sec@samsung.com,"2026-09-30 10:29:34 KST","2026-09-30 12:24:54 KST","2026-09-30 12:24:54 KST","2026-09-30 12:24:54 KST",,m1sxeea,2026-07-05,hyunah45.lee@samsung.com,HQ-Gumi,100.0,S942BXXU4AZI2_B2BF,S942BXXU4AZI1_B2BF,S942BOGB4AZI2_B2BF,SM-S942B,PHONE,"2026-09-30 20:30:00 KST",false,VARIANT,No,s5e9965,,SRV
5287958739681280,Regular,Approved,MR,false,samsung/a14ub/a14:15/AP3A.240905.015.A2/A145MUBUFDZI3:user/release-keys,GTO,Guatemala,dinara.araujo@samsung.com,googleapproval.sidia@samsung.com,"2026-09-30 09:55:32 KST","2026-10-02 09:36:14 KST","2026-10-01 23:35:22 KST","2026-10-02 09:36:14 KST",,a14ub,2026-08-05,cristiano.mendes@samsung.com,SIDIA,100.0,A145MUBUFDZI3,A145MUBUFDZI3,A145MOWOFDZI3,SM-A145M,PHONE,"2026-10-01 04:30:00 KST",false,FULL,Yes,"Exynos 850",,SIDIA
6065162851450880,Regular,Approved,MR,false,samsung/h8qksx/h8q:17/CP2A.260605.016/F971NKSU3AZIK_OKR3AZIK:user/release-keys,"SKC,KTC,KOO,LUC",Korea,umesh.k@samsung.com,gumi.ga2.sec@samsung.com,"2026-09-30 08:36:43 KST","2026-09-30 19:03:17 KST","2026-09-30 18:36:57 KST","2026-09-30 19:03:17 KST",,h8qksx,2026-09-05,hyunchul0221.jung@samsung.com,HQ-Gumi,100.0,F971NKSU3AZIK,F971NKSU3AZI1,F971NOKR3AZIK,SM-F971N,PHONE,"2026-09-30 22:00:00 KST",false,FULL,Yes,SM8850,,SRI-N
4939262944608256,NormalException,Approved,MR,false,samsung/r12suew/r12s:17/CP2A.260605.016/S721U1UEUEEZIF:user/release-keys,"LLA,PCT","Puerto Rico",paulo.cunha@samsung.com,googleapproval.sidia@samsung.com,"2026-09-30 08:34:52 KST","2026-09-30 12:00:50 KST","2026-09-30 12:00:50 KST","2026-09-30 12:00:50 KST",,r12suew,2026-09-05,punit.pathak@samsung.com,SIDIA,100.0,S721U1UEUEEZIF,S721U1UEUEEZIF,S721U1OWAEEZIF,SM-S721U1,PHONE,"2026-10-01 03:00:00 KST",false,FULL,No,s5e9945,,SIDIA
5261818176208896,Regular,Approved,MR,false,samsung/dm1qksx/dm1q:17/CP2A.260605.016/S911NKSU8GZIF:user/release-keys,"KTC,SKC,KOO,LUC",Korea,r1.rawat@samsung.com,mint.han@samsung.com,"2026-09-30 07:59:26 KST","2026-09-30 15:35:55 KST","2026-09-30 15:34:56 KST","2026-09-30 15:35:55 KST",,dm1qksx,2026-10-05,junik.bae@samsung.com,HQ-Gumi,100.0,S911NKSU8GZIF,S911NKSU8GZIF,S911NOKR8GZIF,SM-S911N,PHONE,"2026-09-30 22:00:00 KST",false,FULL,Yes,SM8550,,SRI-N
5986787617144832,Regular,Approved,MR,false,samsung/a37xue/a37x:17/CP2A.260605.016/A376U1UEU5BZI6_OWA5BZI6:user/release-keys,"XAA,PCT,LLA","United States,Puerto Rico",welton.seabra@samsung.com,googleapproval.sidia@samsung.com,"2026-09-30 06:15:11 KST","2026-10-01 00:35:29 KST","2026-09-30 23:35:56 KST","2026-10-01 00:35:29 KST",,a37xue,2026-09-05,orlithon.barbosa@samsung.com,SIDIA,100.0,A376U1UEU5BZI6,A376U1UEU5BZI6,A376U1OWA5BZI6,SM-A376U1,PHONE,"2026-10-01 04:30:00 KST",false,VARIANT,Yes,s5e8845,,SIDIA
4651782261440512,SMR,Approved,SMR,,samsung/h8quew/h8q:17/CP2A.260605.016/F971U1UES3AZIL_OWA3AZIL:user/release-keys,"LLA,PCT","Puerto Rico",rene.a@samsung.com,alves.r@samsung.com,"2026-09-30 05:28:45 KST","2026-10-01 04:36:01 KST","2026-10-01 04:32:23 KST","2026-10-01 04:36:01 KST",,h8quew,2026-10-05,a.maewe@samsung.com,SIDIA,100.0,F971U1UES3AZIL,F971U1UES3AZIL,F971U1OWA3AZIL,SM-F971U1,PHONE,"2026-10-01 02:00:00 KST",false,,Yes,SM8850,,SIDIA
6045895225507840,NormalException,Approved,MR,false,samsung/e3quew/e3q:17/CP2A.260605.016/S928U1UEU6EZIF:user/release-keys,"LLA,PCT","Puerto Rico",jonathan.g@samsung.com,googleapproval.sidia@samsung.com,"2026-09-30 04:21:10 KST","2026-09-30 07:36:41 KST","2026-09-30 07:36:41 KST","2026-09-30 07:36:41 KST",,e3quew,2026-09-05,punit.pathak@samsung.com,SIDIA,100.0,S928U1UEU6EZIF,S928U1UEU6EZIF,S928U1OWA6EZIF,SM-S928U1,PHONE,"2026-10-01 03:00:00 KST",false,FULL,No,SM8650,,SIDIA
6023536632397824,SMR,Approved,SMR,,samsung/b8quew/b8q:17/CP2A.260605.016/F776U1UES3AZIL_OWA3AZIL:user/release-keys,"LLA,PCT","Puerto Rico",dinara.araujo@samsung.com,googleapproval.sidia@samsung.com,"2026-09-30 01:18:44 KST","2026-09-30 08:36:57 KST","2026-09-30 06:17:18 KST","2026-09-30 08:36:57 KST",,b8quew,2026-10-05,a.maewe@samsung.com,SIDIA,100.0,F776U1UES3AZIL,F776U1UES3AZIL,F776U1OWA3AZIL,SM-F776U1,PHONE,"2026-09-30 02:00:00 KST",false,,Yes,SM8850,,SIDIA
5773530562297856,NormalException,Submitted,MR,false,samsung/e2sxxx/e2s:17/CP2A.260605.016/S926BXXUHEZIF:user/release-keys,XID,Indonesia,vuong.hue@samsung.com,endri.s@samsung.com,"2026-09-30 00:11:47 KST","2026-10-06 09:34:18 KST",,,,e2sxxx,2026-09-05,julia81.lee@samsung.com,SRV,Reviewing,S926BXXUHEZIF,S926BXXUHEZIF,S926BOLEHEZIF,SM-S926B,PHONE,,false,FULL,No,S5E9945,,SRV
6288827568357376,SMR,Approved,SMR,,samsung/b6qxxx/b6q:16/BP4A.251205.006/F741BXXS4DZI1:user/release-keys,XID,Indonesia,yen.dt@samsung.com,endri.s@samsung.com,"2026-09-30 00:05:36 KST","2026-09-30 17:36:26 KST","2026-09-30 17:14:33 KST","2026-09-30 17:36:26 KST",,b6qxxx,2026-09-05,danar.kurnia@samsung.com,SRV,100.0,F741BXXS4DZI1,F741BXXS4DZE1,F741BOLE4DZE1,SM-F741B,PHONE,"2026-09-30 17:00:00 KST",false,,Yes,SM8650,,SRV
6688173493321728,SMR,Approved,SMR,,samsung/q8qxxx/q8q:17/CP2A.260605.016/F976BXXS3AZIJ_OXM3AZIJ:user/release-keys,XID,Indonesia,approval.se@samsung.com,endri.s@samsung.com,"2026-09-29 23:04:12 KST","2026-09-30 00:35:13 KST","2026-09-29 23:49:11 KST","2026-09-30 00:35:13 KST",,q8qxxx,2026-10-05,danar.kurnia@samsung.com,SRV,100.0,F976BXXS3AZIJ,F976BXXU3AZI5,F976BOXM3AZIJ,SM-F976B,PHONE,"2026-09-30 17:00:00 KST",false,,Yes,SM8850,,SRV
5265349612404736,SMR,Approved,SMR,,samsung/q8quew/q8q:17/CP2A.260605.016/F976U1UES3AZIL_OWA3AZIL:user/release-keys,"LLA,PCT","Puerto Rico",dinara.araujo@samsung.com,googleapproval.sidia@samsung.com,"2026-09-29 22:00:23 KST","2026-09-30 05:36:36 KST","2026-09-29 23:59:55 KST","2026-09-30 05:36:36 KST",,q8quew,2026-10-05,a.maewe@samsung.com,SIDIA,100.0,F976U1UES3AZIL,F976U1UES3AZIL,F976U1OWA3AZIL,SM-F976U1,PHONE,"2026-09-30 02:00:00 KST",false,,Yes,SM8850,,SIDIA
4781620330758144,Regular,Uploaded,LR,false,samsung/xcover7prokx/xcover7pro:17/CP2A.260605.016/G766NKSUBDZI8_KOOBDZI8:user/release-keys,KOO,Korea,akansha.s1@samsung.com,ga1.sec@samsung.com,"2026-09-29 20:55:43 KST","2026-10-02 17:00:39 KST",,,"2026-10-01 20:51:10 KST",xcover7prokx,2026-10-05,th.kim@samsung.com,HQ-Suwon,10.0,G766NKSUBDZI8,G766NKSUBDZI8,G766NKOOBDZI8,SM-G766N,PHONE,"2026-10-08 23:30:00 KST",false,FULL,No,SM7635,LD,SRI-N
6063579317141504,Regular,Approved,MR,false,samsung/a37xue/a37x:17/CP2A.260605.016/A376U1UEU5BZI6_OYM5BZI6:user/release-keys,"AIO,TMK,ATC,CHA,XAA,DSH,FKR,XAR,TMB,LRA,DSA,ATT,ACG,TFV,VZW,CCT,DSG,XAG","United States",d.khantwal@samsung.com,srin-pregba@samsung.com,"2026-09-29 20:30:35 KST","2026-09-30 16:36:03 KST","2026-09-30 16:33:47 KST","2026-09-30 16:36:03 KST",,a37xue,2026-09-05,jaspinder.g@samsung.com,SRI-Noida,100.0,A376U1UEU5BZI6,A376U1UEU5BZI6,A376U1OYM5BZI6,SM-A376U1,PHONE,"2026-09-30 20:30:00 KST",false,FULL,Yes,s5e8845,,SRI-N
5149897603153920,Regular,Approved,LR,false,samsung/xcover7prosq/xcover7pro:17/CP2A.260605.016/G766USQUADZI8_OYNADZI8:user/release-keys,"ATT,VZW,TMB,TMK","United States",d2.kumar@samsung.com,srin-pregba@samsung.com,"2026-09-29 20:26:40 KST","2026-10-06 18:35:27 KST","2026-10-06 18:23:29 KST","2026-10-06 18:35:27 KST","2026-10-01 14:25:03 KST",xcover7prosq,2026-10-05,shray.s@samsung.com,SRI-Noida,100.0,G766USQUADZI8,G766USQUADZI8,G766UOYNADZI8,SM-G766U,PHONE,"2026-10-07 23:30:00 KST",false,FULL,Yes,SM7635,LB,SRI-N
6237360639705088,Regular,Approved,LR,false,samsung/gts11wifiins/gts11wifi:17/CP2A.260605.016/X730XXU9CZI3_OXM9CZI3:user/release-keys,INS,India,bhawna.s1@samsung.com,srin-pregba@samsung.com,"2026-09-29 20:26:33 KST","2026-10-05 13:36:26 KST","2026-10-05 13:27:06 KST","2026-10-05 13:36:26 KST","2026-10-01 16:16:58 KST",gts11wifiins,2026-09-05,shikha.gupta@samsung.com,SRI-Noida,100.0,X730XXU9CZI3,,X730OXM9CZI3,SM-X730,TABLET,"2026-10-07 23:30:00 KST",false,VARIANT,Yes,MT6991,SP,SRI-N
6403012998463488,SMR,Approved,SMR,,samsung/a27xque/a27xq:16/BP4A.251205.006/A276U1UES3AZI3_OYM3AZI3:user/release-keys,"ACG,AIO,ATC,ATT,CCT,CHA,DSA,DSG,DSH,FKR,LRA,TFV,TMB,TMK,VZW,XAA,XAG,XAR","United States",approval.se@samsung.com,srin-pregba@samsung.com,"2026-09-29 20:25:53 KST","2026-09-29 21:37:15 KST","2026-09-29 21:09:00 KST","2026-09-29 21:37:15 KST",,a27xque,2026-08-05,jaspinder.g@samsung.com,SRI-Noida,100.0,A276U1UES3AZI3,A276U1UES3AZI3,A276U1OYM3AZI3,SM-A276U1,PHONE,"2026-09-30 17:30:00 KST",false,,Yes,SM6475,,SRI-N
6554658260910080,Regular,Approved,LR,false,samsung/gts9fesqwnc/gts9fe:17/CP2A.260605.016/X518USQUHFZI5:user/release-keys,"ASR,ATT,CHA,TMB,TMK,USC","United States",ruchi.joshi@samsung.com,srin-pregba@samsung.com,"2026-09-29 20:22:01 KST","2026-09-30 19:00:21 KST","2026-09-30 18:52:44 KST","2026-09-30 19:00:21 KST",,gts9fesqwnc,2026-09-05,rishu.jain@samsung.com,SRI-Noida,100.0,X518USQUHFZI5,X518USQUHFZI5,X518UOYNHFZI5,SM-X518U,TABLET,"2026-10-06 23:30:00 KST",false,VARIANT,Yes,s5e8835,,SRI-N
4922441134768128,SMR,On_Hold,SMR,,samsung/r9q2sqw/r9q:16/BP2A.250605.031.A3/G990U2SQSNIZI2:user/release-keys,"AIO,ASR,ATT,CCT,CHA,DSA,DSH,TMB,TMK,USC,VZW","United States",approval.se@samsung.com,srin-pregba@samsung.com,"2026-09-29 20:19:33 KST","2026-09-29 21:18:43 KST","2026-09-29 21:18:43 KST",,,r9q2sqw,2026-10-05,rohit.anand@samsung.com,SRI-Noida,100.0,G990U2SQSNIZI2,G990U2SQSNIZI2,G990U2OYNNIZI2,SM-G990U2,PHONE,"2026-09-30 17:30:00 KST",false,,No,SM8350,,SRI-N
5034909517479936,Regular,Approved,MR,false,samsung/a35xzh/a35x:17/CP2A.260605.016/A3560ZHUBEZI7:user/release-keys,"BRI,TGY","Taiwan,Hong Kong",priyanka.l@samsung.com,ga.srcg@samsung.com,"2026-09-29 20:18:55 KST","2026-09-30 13:35:47 KST","2026-09-30 13:32:34 KST","2026-09-30 13:35:47 KST",,a35xzh,2026-10-05,qixiang.wen@partner.samsung.com,SRC-Guangzhou,100.0,A3560ZHUBEZI7,A3560ZHUBEZI7,A3560OZSBEZI7,SM-A3560,PHONE,"2026-09-30 20:00:00 KST",false,FULL,Yes,s5e8835,,SRI-N
6203803993112576,Regular,Approved,MR,false,samsung/a53xsqx/a53x:16/BP2A.250605.031.A3/A536USQUOGZI3:user/release-keys,"CCT,AIO,USC,ASR,CHA,DSH,DSA,TMK,ATT,TMB","United States",akansha.s1@samsung.com,srin-pregba@samsung.com,"2026-09-29 20:17:52 KST","2026-10-06 18:01:12 KST","2026-10-06 17:35:17 KST","2026-10-06 18:01:12 KST",,a53xsqx,2026-08-05,ashish.raj@samsung.com,SRI-Noida,100.0,A536USQUOGZI3,A536USQUOGZI3,A536UOYNOGZI3,SM-A536U,PHONE,"2026-09-30 20:00:00 KST",false,FULL,No,S5E8825,,SRI-N
5077904086269952,Vendor,Reviewed,,false,samsung/xcover7prokx/xcover7pro:14/UP1A.231005.007/G766NKSUBDZI8:user/release-keys,,,akansha.s1@samsung.com,ga1.sec@samsung.com,"2026-09-29 20:15:21 KST","2026-10-01 21:00:15 KST","2026-10-01 20:49:39 KST",,,xcover7prokx,,th.kim@samsung.com,HQ-Suwon,100.0,G766NKSUBDZI8,,,SM-G766N,PHONE,"2026-09-30 19:00:00 KST",false,,No,SM7635,,SRI-N
4651346120933376,Regular,Approved,MR,false,samsung/gts11wifixx/gts11wifi:17/CP2A.260605.016/X730XXU9CZI3_OXM9CZI3:user/release-keys,EUY,"Ukraine,Serbia",bhawna.s1@samsung.com,srin-pregba@samsung.com,"2026-09-29 20:14:47 KST","2026-10-01 14:01:30 KST","2026-10-01 13:49:51 KST","2026-10-01 14:01:30 KST",,gts11wifixx,2026-09-05,shikha.gupta@samsung.com,SRI-Noida,100.0,X730XXU9CZI3,,X730OXM9CZI3,SM-X730,TABLET,"2026-09-30 20:00:00 KST",false,FULL,Yes,MT6991,,SRI-N
5699325556686848,Vendor,Approved,,false,samsung/a53xsqx/a53x:12/SP1A.210812.016/A536USQUOGZI3:user/release-keys,,,akansha.s1@samsung.com,srin-pregba@samsung.com,"2026-09-29 20:13:22 KST","2026-10-07 00:00:08 KST","2026-10-06 15:36:52 KST","2026-10-07 00:00:08 KST",,a53xsqx,,ashish.raj@samsung.com,SRI-Noida,100.0,A536USQUOGZI3,,,SM-A536U,PHONE,"2026-09-30 19:00:00 KST",false,,No,S5E8825,,SRI-N
6713976448876544,Vendor,Approved,,false,samsung/gts11wifixx/gts11wifi:15/AP3A.240905.015.A2/X730XXU9CZI3:user/release-keys,,,bhawna.s1@samsung.com,p.pooja@samsung.com,"2026-09-29 20:13:20 KST","2026-10-01 16:00:06 KST","2026-10-01 13:47:50 KST","2026-10-01 16:00:06 KST",,gts11wifixx,,shikha.gupta@samsung.com,SRI-Noida,100.0,X730XXU9CZI3,,,SM-X730,TABLET,"2026-09-30 19:00:00 KST",false,,No,MT6991,,SRI-N
5552924113764352,Regular,Approved,MR,false,samsung/a37xsq/a37x:17/CP2A.260605.016/A376USQU5BZI6_OYN5BZI6:user/release-keys,"AIO,APP,ATT,CCT,CHA,SPT,TMB,TMK,VZW,XMT","United States",ruchi.joshi@samsung.com,srin-pregba@samsung.com,"2026-09-29 20:12:11 KST","2026-09-30 13:35:41 KST","2026-09-30 12:58:44 KST","2026-09-30 13:35:41 KST",,a37xsq,2026-09-05,s.kumar1@samsung.com,SRI-Noida,100.0,A376USQU5BZI6,A376USQU5BZI6,A376UOYN5BZI6,SM-A376U,PHONE,"2026-09-30 20:00:00 KST",false,FULL,Yes,s5e8845,,SRI-N
4749287280082944,Vendor,Approved,,false,samsung/a37xsq/a37x:14/UP1A.231005.007/A376USQU5BZI6:user/release-keys,,,ruchi.joshi@samsung.com,srin-pregba@samsung.com,"2026-09-29 20:10:43 KST","2026-09-30 16:00:26 KST","2026-09-30 12:54:00 KST","2026-09-30 16:00:26 KST",,a37xsq,,s.kumar1@samsung.com,SRI-Noida,100.0,A376USQU5BZI6,,,SM-A376U,PHONE,"2026-09-30 19:00:00 KST",false,,No,s5e8845,,SRI-N
6165085802463232,Regular,Approved,LR,false,samsung/a16ks/a16:17/CP2A.260605.016/A165NKSU9EZI5:user/release-keys,"KTC,LUC,SKC,KOO",Korea,priyanka.l@samsung.com,sh8228.park@samsung.com,"2026-09-29 19:55:12 KST","2026-10-01 11:35:49 KST","2026-09-30 15:28:36 KST","2026-10-01 11:35:49 KST",,a16ks,2026-09-05,yong.k.park@samsung.com,HQ-Suwon,100.0,A165NKSU9EZI5,A165NKSU9EZI5,A165NOKR9EZI5,SM-A165N,PHONE,"2026-10-08 23:30:00 KST",false,FULL,Yes,MT6789V/CD,SP,SRI-N
4801223299694592,Vendor,Approved,,false,samsung/a16ks/a16:16/BP2A.250605.031.A3/A165NKSU9EZI5:user/release-keys,,,priyanka.l@samsung.com,ga1.sec@samsung.com,"2026-09-29 19:51:43 KST","2026-10-01 16:00:06 KST","2026-09-30 15:13:44 KST","2026-10-01 16:00:06 KST",,a16ks,,yong.k.park@samsung.com,HQ-Suwon,100.0,A165NKSU9EZI5,,,SM-A165N,PHONE,"2026-09-30 19:00:00 KST",false,,No,MT6789V/CD,,SRI-N
6519073265680384,Regular,Approved,MR,false,samsung/gta9pwifizc/gta9pwifi:16/BP2A.250605.031.A3/X210ZCUDEZI1:user/release-keys,CHN,China,ruchi.joshi@samsung.com,ga.srcg@samsung.com,"2026-09-29 19:49:42 KST","2026-09-30 19:02:54 KST","2026-09-30 18:50:40 KST","2026-09-30 19:02:54 KST",,gta9pwifizc,2026-08-05,w.xia@samsung.com,SRC-Guangzhou,100.0,X210ZCUDEZI1,,X210CHNDEZI1,SM-X210,TABLET,"2026-09-30 20:00:00 KST",false,FULL,Yes,SM6375,,SRI-N
5281119524356096,Regular,Rejected,MR,false,samsung/a55xnsins/a55x:17/CP2A.260605.016/A556EXXUIEZI7:user/release-keys,INS,India,d.khantwal@samsung.com,srin-pregba@samsung.com,"2026-09-29 19:33:49 KST","2026-10-06 19:25:43 KST","2026-10-06 19:25:43 KST",,,a55xnsins,2026-09-05,neha.mittal@samsung.com,SRI-Noida,100.0,A556EXXUIEZI7,A556EXXUIEZI7,A556EOXEIEZI7,SM-A556E,PHONE,"2026-09-30 20:00:00 KST",false,VARIANT,No,s5e8845,,SRI-N
4898448407265280,SMR,Approved,SMR,,samsung/e1qxins/e1q:16/BP4A.251205.006/S921EXXS3CZI1:user/release-keys,INS,India,approval.se@samsung.com,srin-pregba@samsung.com,"2026-09-29 19:31:04 KST","2026-09-30 02:35:29 KST","2026-09-29 20:19:08 KST","2026-09-30 02:35:29 KST",,e1qxins,2026-09-05,tarun.lohia@samsung.com,SRI-Noida,100.0,S921EXXS3CZI1,S921EXXS3CZI1,S921EOXM3CZI1,SM-S921E,PHONE,"2026-09-30 17:30:00 KST",false,,Yes,SM8650,,SRI-N
4833468907520000,Regular,Approved,MR,false,samsung/a27xqzh/a27xq:17/CP2A.260605.016/A2760ZHU3BZIF_OZS3BZIF:user/release-keys,"BRI,TGY","Taiwan,Hong Kong",umesh.k@samsung.com,ga.srcg@samsung.com,"2026-09-29 19:31:04 KST","2026-09-30 15:35:45 KST","2026-09-30 15:01:43 KST","2026-09-30 15:35:45 KST",,a27xqzh,2026-09-05,yizhou.yan@samsung.com,SRC-Guangzhou,100.0,A2760ZHU3BZIF,A2760ZHU3BZIF,A2760OZS3BZIF,SM-A2760,PHONE,"2026-09-30 20:00:00 KST",false,FULL,Yes,SM6475,,SRI-N
6212534185230336,Vendor,Approved,,false,samsung/a35xzh/a35x:13/TP1A.220624.014/A3560ZHUBEZI7:user/release-keys,,,priyanka.l@samsung.com,ga.srcg@samsung.com,"2026-09-29 19:30:51 KST","2026-09-30 16:00:26 KST","2026-09-30 12:46:49 KST","2026-09-30 16:00:26 KST",,a35xzh,,qixiang.wen@partner.samsung.com,SRC-Guangzhou,100.0,A3560ZHUBEZI7,,,SM-A3560,PHONE,"2026-09-30 19:00:00 KST",false,,No,s5e8835,,SRI-N
6029424562798592,Vendor,Approved,,false,samsung/gta9pwifizc/gta9pwifi:14/UP1A.231005.007/X210ZCUDEZI1:user/release-keys,,,ruchi.joshi@samsung.com,ga.srcg@samsung.com,"2026-09-29 19:30:39 KST","2026-10-01 00:00:04 KST","2026-09-30 18:47:05 KST","2026-10-01 00:00:04 KST",,gta9pwifizc,,w.xia@samsung.com,SRC-Guangzhou,100.0,X210ZCUDEZI1,,,SM-X210,TABLET,"2026-09-30 19:00:00 KST",false,,No,SM6375,,SRI-N
5086928349429760,Regular,Reviewed,LR,false,samsung/xcover7proser/xcover7pro:17/CP2A.260605.016/G766BXXUADZI8_OXMADZI8:user/release-keys,SKZ,Kazakhstan,ly.ltt@samsung.com,srv.gba@samsung.com,"2026-09-29 19:29:32 KST","2026-10-06 11:54:39 KST","2026-10-06 11:54:39 KST",,"2026-10-01 12:43:42 KST",xcover7proser,2026-10-05,nhung.hh@samsung.com,SRV,100.0,G766BXXUADZI8,G766BXXUADZI8,G766BOXMADZI8,SM-G766B,PHONE,"2026-10-08 23:30:00 KST",false,VARIANT,No,SM7635,LV,SRV
5315185124573184,Regular,Approved,LR,false,samsung/xcover7protur/xcover7pro:17/CP2A.260605.016/G766BXXUADZI8_OXMADZI8:user/release-keys,TUR,Turkey,ly.ltt@samsung.com,srv.gba@samsung.com,"2026-09-29 19:29:21 KST","2026-10-06 10:36:23 KST","2026-10-06 09:41:44 KST","2026-10-06 10:36:23 KST","2026-10-01 12:09:42 KST",xcover7protur,2026-10-05,nhung.hh@samsung.com,SRV,100.0,G766BXXUADZI8,G766BXXUADZI8,G766BOXMADZI8,SM-G766B,PHONE,"2026-10-08 23:30:00 KST",false,VARIANT,Yes,SM7635,LV,SRV
5650689917452288,Regular,Approved,LR,false,samsung/xcover7proeea/xcover7pro:17/CP2A.260605.016/G766BXXUADZI8_OXMADZI8:user/release-keys,EUX,"Romania,Hungary,United Kingdom,Switzerland,Portugal,Spain,Greece,Austria,Sweden,Netherlands,Latvia,Czech Republic,Belgium,Luxembourg,Poland,Italy,Slovakia,Slovenia,Bulgaria,France,Germany",ly.ltt@samsung.com,srv.gba@samsung.com,"2026-09-29 19:29:08 KST","2026-10-06 10:00:45 KST","2026-10-06 09:40:17 KST","2026-10-06 10:00:45 KST","2026-10-01 12:08:13 KST",xcover7proeea,2026-10-05,nhung.hh@samsung.com,SRV,100.0,G766BXXUADZI8,G766BXXUADZI8,G766BOXMADZI8,SM-G766B,PHONE,"2026-10-08 23:30:00 KST",false,VARIANT,Yes,SM7635,LV,SRV
5853211550547968,Vendor,Approved,,false,samsung/xcover7proxx/xcover7pro:14/UP1A.231005.007/G766BXXUADZI8:user/release-keys,,,thuynga.dt@samsung.com,srv.gba@samsung.com,"2026-09-29 19:28:58 KST","2026-10-06 16:00:06 KST","2026-10-01 11:31:41 KST","2026-10-06 16:00:06 KST",,xcover7proxx,,nhung.hh@samsung.com,SRV,100.0,G766BXXUADZI8,,,SM-G766B,PHONE,"2026-09-30 18:30:00 KST",false,,No,SM7635,,SRV
4724670289149952,Vendor,Approved,,false,samsung/a27xqzh/a27xq:15/AP3A.240905.015.A2/A2760ZHU3BZIF:user/release-keys,,,umesh.k@samsung.com,ga.srcg@samsung.com,"2026-09-29 19:13:07 KST","2026-09-30 16:00:27 KST","2026-09-30 14:56:53 KST","2026-09-30 16:00:27 KST",,a27xqzh,,yizhou.yan@samsung.com,SRC-Guangzhou,100.0,A2760ZHU3BZIF,,,SM-A2760,PHONE,"2026-09-30 19:00:00 KST",false,,No,SM6475,,SRI-N
5168417502134272,Regular,Uploaded,LR,false,samsung/a15xxx/a15x:17/CP2A.260605.016/A156BXXUBFZI5:user/release-keys,EUY,Serbia,nam.dt1@samsung.com,srv.gba@samsung.com,"2026-09-29 19:08:32 KST","2026-10-07 16:01:22 KST",,,"2026-10-07 10:54:48 KST",a15xxx,2026-09-05,tran.minh@samsung.com,SRV,10.0,A156BXXUBFZI5,A156BXXUBFZI5,A156BOXMBFZI5,SM-A156B,PHONE,"2026-10-08 23:30:00 KST",false,FULL,No,MT6835V/ZA,LD,SRV
6627267736502272,SKU,Approved,MR,false,samsung/a56xnaxx/a56x:17/CP2A.260605.016/A566BXXUEDZIE_OLMEDZIE:user/release-keys,XID,Indonesia,tu.nv1@samsung.com,apta.p@samsung.com,"2026-09-29 18:49:58 KST","2026-09-30 17:13:17 KST","2026-09-30 17:13:17 KST","2026-09-30 17:13:17 KST",,a56xnaxx,2026-09-05,vanviet.do@samsung.com,SRV,100.0,A566BXXUEDZIE,A566BXXUEDZIE,A566BOLMEDZIE,SM-A566B,PHONE,"2026-09-30 18:00:00 KST",false,VARIANT,No,s5e8855,,SRV
4758943037652992,SMR,Approved,SMR,,samsung/b8sxxx/b8s:17/CP2A.260605.016/F776BXXS2AZIH_OXM2AZIH:user/release-keys,XID,Indonesia,approval.se@samsung.com,apta.p@samsung.com,"2026-09-29 18:48:03 KST","2026-09-29 19:35:32 KST","2026-09-29 19:19:02 KST","2026-09-29 19:35:32 KST",,b8sxxx,2026-10-05,danar.kurnia@samsung.com,SRV,100.0,F776BXXS2AZIH,F776BXXU2AZI5,F776BOXM2AZIH,SM-F776B,PHONE,,false,,Yes,s5e9965,,SRV
5210750780178432,Regular,Approved,MR,false,samsung/a17xzh/a17x:17/CP2A.260605.016/A1760ZHU8DZII_OZS8DZII:user/release-keys,"BRI,TGY","Taiwan,Hong Kong",r1.rawat@samsung.com,ga.srcg@samsung.com,"2026-09-29 18:46:09 KST","2026-09-30 15:35:48 KST","2026-09-30 15:30:19 KST","2026-09-30 15:35:48 KST",,a17xzh,2026-10-05,qixiang.wen@partner.samsung.com,SRC-Guangzhou,100.0,A1760ZHU8DZII,A1760ZHU8DZII,A1760OZS8DZII,SM-A1760,PHONE,"2026-09-30 20:00:00 KST",false,FULL,Yes,s5e8535,,SRI-N
6056997984403456,SMR,Approved,SMR,,samsung/h8qxxx/h8q:17/CP2A.260605.016/F971BXXS3AZIJ_OXM3AZIJ:user/release-keys,XID,Indonesia,approval.se@samsung.com,apta.p@samsung.com,"2026-09-29 18:46:03 KST","2026-09-29 19:35:52 KST","2026-09-29 19:29:07 KST","2026-09-29 19:35:52 KST",,h8qxxx,2026-10-05,danar.kurnia@samsung.com,SRV,100.0,F971BXXS3AZIJ,F971BXXU3AZI5,F971BOXM3AZIJ,SM-F971B,PHONE,"2026-09-30 17:00:00 KST",false,,Yes,SM8850,,SRV
6188387409330176,Regular,Approved,MR,false,samsung/dm1qxeea/dm1q:17/CP2A.260605.016/S911BXXUAGZIF:user/release-keys,EUX,"Portugal,Iceland,Greece,Austria,Latvia,Netherlands,Sweden,Luxembourg,Poland,Slovakia,Slovenia,Bulgaria,France,Lithuania,Croatia,Romania,Hungary,United Kingdom,Switzerland,Spain,Czech Republic,Belgium,Norway,Finland,Denmark,Italy,Germany,Estonia",oanh.lt@samsung.com,srv.gba@samsung.com,"2026-09-29 18:42:00 KST","2026-10-01 18:36:46 KST","2026-10-01 18:03:45 KST","2026-10-01 18:36:46 KST",,dm1qxeea,2026-10-05,tran.minh@samsung.com,SRV,100.0,S911BXXUAGZIF,S911BXXUAGZIF,S911BOXMAGZIF,SM-S911B,PHONE,"2026-09-30 19:30:00 KST",false,VARIANT,Yes,SM8550,,SRV
5959055818620928,Regular,Approved,MR,false,samsung/dm1qxser/dm1q:17/CP2A.260605.016/S911BXXUAGZIF:user/release-keys,SER,Russia,thuynga.dt@samsung.com,srv.gba@samsung.com,"2026-09-29 18:41:42 KST","2026-10-02 13:35:49 KST","2026-10-02 12:59:19 KST","2026-10-02 13:35:49 KST",,dm1qxser,2026-10-05,tran.minh@samsung.com,SRV,100.0,S911BXXUAGZIF,S911BXXUAGZIF,S911BOXMAGZIF,SM-S911B,PHONE,"2026-09-30 19:30:00 KST",false,VARIANT,Yes,SM8550,,SRV
6332967484129280,Regular,Approved,MR,false,samsung/dm1qxtur/dm1q:17/CP2A.260605.016/S911BXXUAGZIF:user/release-keys,TUR,Turkey,ng.thanhtuan@samsung.com,srv.gba@samsung.com,"2026-09-29 18:41:39 KST","2026-10-02 16:00:51 KST","2026-10-02 15:47:50 KST","2026-10-02 16:00:31 KST",,dm1qxtur,2026-10-05,tran.minh@samsung.com,SRV,100.0,S911BXXUAGZIF,S911BXXUAGZIF,S911BOXMAGZIF,SM-S911B,PHONE,"2026-09-30 19:30:00 KST",false,VARIANT,Yes,SM8550,,SRV
4977044664614912,Vendor,Reviewed,,false,samsung/a15xxx/a15x:17/CP2A.260605.016/A156BXXUBFZI5:user/release-keys,,,nam.dt1@samsung.com,srv.gba@samsung.com,"2026-09-29 18:38:57 KST","2026-10-07 12:40:32 KST","2026-10-07 10:47:20 KST",,,a15xxx,,tran.minh@samsung.com,SRV,100.0,A156BXXUBFZI5,,,SM-A156B,PHONE,"2026-09-30 18:30:00 KST",false,,No,MT6835V/ZA,,SRV
6195913198665728,Regular,Approved,MR,false,samsung/a16xzh/a16x:17/CP2A.260605.016/A1660ZHUAEZIG:user/release-keys,"BRI,TGY","Taiwan,Hong Kong",d.khantwal@samsung.com,ga.srcg@samsung.com,"2026-09-29 18:09:39 KST","2026-09-30 14:35:37 KST","2026-09-30 13:37:42 KST","2026-09-30 14:35:37 KST",,a16xzh,2026-09-05,m2019.wang@partner.samsung.com,SRC-Guangzhou,100.0,A1660ZHUAEZIG,A1660ZHUAEZIG,A1660OZSAEZIG,SM-A1660,PHONE,"2026-09-30 20:00:00 KST",false,FULL,Yes,s5e8535,,SRI-N
4805738014965760,SMR,Approved,SMR,,samsung/r14sue/r14s:17/CP2A.260605.016/S741U1UES2AZI7_OYM2AZI7:user/release-keys,"ACG,AIO,ATC,ATT,CCT,CHA,DSA,DSG,DSH,FKR,LRA,SPT,TFN,TMB,TMK,VZW,XAA,XAG,XAR,XMT","United States",approval.se@samsung.com,srin-pregba@samsung.com,"2026-09-29 18:09:32 KST","2026-09-29 19:01:52 KST","2026-09-29 18:49:08 KST","2026-09-29 19:01:52 KST",,r14sue,2026-10-05,aditya.bhatt@samsung.com,SRI-Noida,100.0,S741U1UES2AZI7,S741U1UES2AZI7,S741U1OYM2AZI7,SM-S741U1,PHONE,"2026-09-30 17:30:00 KST",false,,Yes,s5e9955,,SRI-N
5712765213999104,Vendor,Approved,,false,samsung/a16xzh/a16x:13/TP1A.220624.014/A1660ZHUAEZIG:user/release-keys,,,d.khantwal@samsung.com,ga.srcg@samsung.com,"2026-09-29 18:03:13 KST","2026-09-30 16:00:27 KST","2026-09-30 13:27:17 KST","2026-09-30 16:00:27 KST",,a16xzh,,m2019.wang@partner.samsung.com,SRC-Guangzhou,100.0,A1660ZHUAEZIG,,,SM-A1660,PHONE,"2026-09-30 19:00:00 KST",false,,No,s5e8535,,SRI-N
6452210540216320,SafetyNet,Approved,,,samsung/a16xlgt/a16x:17/CP2A.260605.016/A166LKSU8DZII:user/release-keys,,,,ga1.sec@samsung.com,"2026-09-29 17:57:15 KST","2026-09-29 17:57:28 KST",,"2026-09-29 17:57:28 KST",,a16xlgt,2026-10-05,ga1.sec@samsung.com,HQ-Suwon,100.0,,,,SM-A166L,,,false,,No,s5e8535,,
5642271647334400,Regular,Approved,MR,false,samsung/a27xqxx/a27xq:17/CP2A.260605.016/A276BXXU3BZIF_VFJ3BZIF:user/release-keys,"EUY,VFJ","Serbia,New Zealand",ducmanh.ng1@samsung.com,hai.anh@samsung.com,"2026-09-29 17:51:44 KST","2026-09-30 19:02:17 KST","2026-09-30 18:39:25 KST","2026-09-30 19:02:17 KST",,a27xqxx,2026-09-05,hung.nguyen1@samsung.com,SRV,100.0,A276BXXU3BZIF,A276BXXU3BZIF,A276BVFJ3BZIF,SM-A276B,PHONE,"2026-09-29 23:30:00 KST",false,VARIANT,Yes,SM6475,,SRV
6095317951053824,Regular,Approved,LR,false,samsung/SC-54D/SC-54D:17/CP2A.260605.016/SC54DOMU1FZIB:user/release-keys,DCM,Japan,d2.kumar@samsung.com,suwonga2.sec@samsung.com,"2026-09-29 17:50:52 KST","2026-10-06 15:35:49 KST","2026-10-06 15:02:26 KST","2026-10-06 15:35:49 KST","2026-09-30 14:16:49 KST",SC-54D,2026-09-05,is.shim@samsung.com,HQ-Suwon2,100.0,SC54DOMU1FZIB,SC54DOMU1FZIB,SC54DQCM1FZIB,SC-54D,PHONE,"2026-10-08 23:30:00 KST",false,FULL,Yes,SM8550,LD,SRI-N
5230221074890752,Regular,Approved,MR,false,samsung/a27xqxx/a27xq:17/CP2A.260605.016/A276BXXU3BZIF_OJM3BZIF:user/release-keys,"ACR,FWD,MID,TKD,ILO,AFR,XFV,KSA,MWD,XFA,PKD,ILP,EUY,EGY,LYS,ECT,XSG,AFG,DKR,TUN","Ghana,Morocco,Lebanon,Iraq,Jordan,Syria,Algeria,Israel,Kenya,South Africa,Saudi Arabia,Zambia,Mauritius,Pakistan,Palestine,Serbia,Egypt,Libya,Nigeria,Qatar,United Arab Emirates,Kuwait,Bahrain,Oman,Afghanistan,Senegal,Tunisia",hoai.nt4@samsung.com,srv.gba@samsung.com,"2026-09-29 17:50:47 KST","2026-09-30 19:01:31 KST","2026-09-30 18:53:04 KST","2026-09-30 19:01:31 KST",,a27xqxx,2026-09-05,hung.nguyen1@samsung.com,SRV,100.0,A276BXXU3BZIF,A276BXXU3BZIF,A276BOJM3BZIF,SM-A276B,PHONE,"2026-09-30 00:00:00 KST",false,VARIANT,Yes,SM6475,,SRV
5294705277665280,Regular,Approved,MR,false,samsung/a27xqxx/a27xq:17/CP2A.260605.016/A276BXXU3BZIF_OLM3BZIF:user/release-keys,"XNZ,XSP,GLB,VAU,THL,XME,XTC,STH,SIN,XXV,EUY,XSA,MM1","New Zealand,Singapore,Philippines,Australia,Myanmar,Cambodia,Thailand,Laos,Malaysia,Vietnam,Serbia",khanh.toan@samsung.com,srv.gba@samsung.com,"2026-09-29 17:50:38 KST","2026-09-30 18:36:55 KST","2026-09-30 18:29:24 KST","2026-09-30 18:36:55 KST",,a27xqxx,2026-09-05,hung.nguyen1@samsung.com,SRV,100.0,A276BXXU3BZIF,A276BXXU3BZIF,A276BOLM3BZIF,SM-A276B,PHONE,"2026-09-30 00:00:00 KST",false,VARIANT,Yes,SM6475,,SRV
6142857937420288,NormalException,Approved,MR,false,samsung/e3qxxx/e3q:17/CP2A.260605.016/S928BXXU6EZIF:user/release-keys,XID,Indonesia,ly.ltt@samsung.com,lufti.b@samsung.com,"2026-09-29 17:34:16 KST","2026-09-30 09:48:05 KST","2026-09-30 09:48:05 KST","2026-09-30 09:48:05 KST",,e3qxxx,2026-09-05,hyunah45.lee@samsung.com,SRV,100.0,S928BXXU6EZIF,S928BXXU6EZIF,S928BOLE6EZIF,SM-S928B,PHONE,"2026-09-29 22:00:00 KST",false,FULL,No,SM8650,,SRV
5881131958534144,Regular,Approved,MR,false,samsung/b8qzcx/b8q:17/CP2A.260605.016/F7760ZCU3AZIJ_CHC3AZIJ:user/release-keys,CHC,China,bhawna.s1@samsung.com,suwonga2.sec@samsung.com,"2026-09-29 17:20:46 KST","2026-09-30 02:01:11 KST","2026-09-29 17:46:34 KST","2026-09-30 02:01:11 KST",,b8qzcx,2026-08-05,dragonkim@samsung.com,HQ-Suwon2,100.0,F7760ZCU3AZIJ,F7760ZCU3AZI1,F7760CHC3AZIJ,SM-F7760,PHONE,,false,FULL,Yes,SM8850,,SRI-N
5276109243678720,Vendor,Approved,,false,samsung/b8qzcx/b8q:16/BP2A.250605.031.A3/F7760ZCU3AZIJ:user/release-keys,,,bhawna.s1@samsung.com,suwonga2.sec@samsung.com,"2026-09-29 17:14:08 KST","2026-09-30 08:00:02 KST","2026-09-29 17:44:59 KST","2026-09-30 08:00:02 KST",,b8qzcx,,dragonkim@samsung.com,HQ-Suwon2,100.0,F7760ZCU3AZIJ,,,SM-F7760,PHONE,,false,,No,SM8850,,SRI-N
6073323289313280,Vendor,Approved,,false,samsung/xcover7prosq/xcover7pro:14/UP1A.231005.007/G766USQUADZI8:user/release-keys,,,d2.kumar@samsung.com,srin-pregba@samsung.com,"2026-09-29 17:14:02 KST","2026-10-07 00:00:08 KST","2026-10-01 14:22:27 KST","2026-10-07 00:00:08 KST",,xcover7prosq,,shray.s@samsung.com,SRI-Noida,100.0,G766USQUADZI8,,,SM-G766U,PHONE,"2026-09-30 19:00:00 KST",false,,No,SM7635,,SRI-N
4853896778612736,Vendor,Approved,,false,samsung/a17xzh/a17x:13/TP1A.220624.014/A1760ZHU8DZII:user/release-keys,,,r1.rawat@samsung.com,ga.srcg@samsung.com,"2026-09-29 17:09:18 KST","2026-09-30 16:00:27 KST","2026-09-30 14:16:33 KST","2026-09-30 16:00:27 KST",,a17xzh,,qixiang.wen@partner.samsung.com,SRC-Guangzhou,100.0,A1760ZHU8DZII,,,SM-A1760,PHONE,"2026-09-30 19:00:00 KST",false,,No,s5e8535,,SRI-N
5311293615767552,Regular,Approved,MR,false,samsung/q7qsbmw/q7q:17/CP2A.260605.016/F966ZSCU1CZIH_QBM1CZIH:user/release-keys,"SBM,SJP",Japan,ruchi.joshi@samsung.com,suwonga2.sec@samsung.com,"2026-09-29 17:02:13 KST","2026-09-30 01:01:29 KST","2026-09-29 17:50:22 KST","2026-09-30 01:01:29 KST",,q7qsbmw,2026-09-05,youngjune.jang@samsung.com,HQ-Suwon2,100.0,F966ZSCU1CZIH,F966ZSCU1CZIH,F966ZQBM1CZIH,SM-F966Z,PHONE,"2026-09-30 20:00:00 KST",false,FULL,Yes,SM8750,,SRI-N
6426552942460928,SMR,Approved,SMR,,samsung/b6qxins/b6q:16/BP4A.251205.006/F741BXXS4DZI1:user/release-keys,INS,India,approval.se@samsung.com,srin-pregba@samsung.com,"2026-09-29 16:57:07 KST","2026-09-29 18:01:13 KST","2026-09-29 17:39:03 KST","2026-09-29 18:00:11 KST",,b6qxins,2026-09-05,arshi.m@samsung.com,SRI-Noida,100.0,F741BXXS4DZI1,F741BXXS4DZE1,F741BOXM4DZE1,SM-F741B,PHONE,"2026-09-29 21:30:00 KST",false,,Yes,SM8650,,SRI-N
5803874825011200,SMR,Approved,SMR,,samsung/b6qxxx/b6q:16/BP4A.251205.006/F741BXXS4DZI1:user/release-keys,"BNG,NPB,SLK","Bangladesh,Nepal,Sri Lanka",approval.se@samsung.com,srin-pregba@samsung.com,"2026-09-29 16:57:04 KST","2026-09-29 18:01:16 KST","2026-09-29 17:49:05 KST","2026-09-29 18:01:16 KST",,b6qxxx,2026-09-05,arshi.m@samsung.com,SRI-Noida,100.0,F741BXXS4DZI1,F741BXXS4DZE1,F741BOXM4DZE1,SM-F741B,PHONE,"2026-09-29 21:30:00 KST",false,,Yes,SM8650,,SRI-N
6116349801922560,Regular,Approved,LR,false,samsung/gts9fekx/gts9fe:17/CP2A.260605.016/X516NKOUGFZI5:user/release-keys,KOO,Korea,ruchi.joshi@samsung.com,suwonga2.sec@samsung.com,"2026-09-29 16:52:50 KST","2026-10-01 17:36:37 KST","2026-09-30 20:41:28 KST","2026-10-01 17:36:37 KST",,gts9fekx,2026-09-05,joohun@samsung.com,HQ-Suwon2,100.0,X516NKOUGFZI5,X516NKOUGFZI5,X516NKOOGFZI5,SM-X516N,TABLET,"2026-10-08 23:30:00 KST",false,FULL,Yes,s5e8835,SP,SRI-N
4896372931428352,Vendor,Approved,,false,samsung/gts9fekx/gts9fe:13/TP1A.220624.014/X516NKOUGFZI5:user/release-keys,,,ruchi.joshi@samsung.com,suwonga2.sec@samsung.com,"2026-09-29 16:49:15 KST","2026-10-02 00:00:05 KST","2026-09-30 20:23:43 KST","2026-10-02 00:00:05 KST",,gts9fekx,,joohun@samsung.com,HQ-Suwon2,100.0,X516NKOUGFZI5,,,SM-X516N,TABLET,"2026-09-29 23:00:00 KST",false,,No,s5e8835,,SRI-N
5451017491841024,NormalException,Approved,MR,false,samsung/a16xeea/a16x:17/CP2A.260605.016/A166BXXUAEZIG:user/release-keys,"VGR,TMZ,CRO,AMO,VD2,MAX,DO2,COS,VOD,CNX,ORO,TMH,OMN,ORS,TPL,O2U,VDC,OPV,VDF,VDI,TMS,DTM,TCL,FTM,XEC","Greece,Czech Republic,Croatia,Spain,Germany,Austria,United Kingdom,Romania,Hungary,Italy,Slovakia,Poland,Netherlands,Ireland,Portugal,France",nam.dt1@samsung.com,srv.gba@samsung.com,"2026-09-29 16:46:43 KST","2026-09-30 18:21:16 KST","2026-09-30 18:21:16 KST","2026-09-30 18:21:16 KST",,a16xeea,2026-09-05,phan.ttrang@samsung.com,SRV,100.0,A166BXXUAEZIG,A166BXXUAEZIG,A166BOXMAEZIG,SM-A166B,PHONE,"2026-09-29 23:30:00 KST",false,VARIANT,No,s5e8535,,SRV
5906136821923840,NormalException,Approved,MR,false,samsung/a16xeea/a16x:17/CP2A.260605.016/A166BXXUAEZIG:user/release-keys,"3IE,ATL,BOG,EVR,HUI,MEO,MET,MOB,MOT,PLS,PRT,SIM,TIM,VIP,EUX,SFR","Ireland,Spain,France,United Kingdom,Italy,Portugal,Austria,Slovenia,Poland,Croatia,Iceland,Greece,Latvia,Netherlands,Sweden,Luxembourg,Slovakia,Bulgaria,Lithuania,Romania,Hungary,Switzerland,Czech Republic,Belgium,Norway,Finland,Denmark,Germany,Estonia",huy.dn@samsung.com,srv.gba@samsung.com,"2026-09-29 16:46:28 KST","2026-09-30 12:13:29 KST","2026-09-30 12:13:29 KST","2026-09-30 12:13:29 KST",,a16xeea,2026-09-05,phan.ttrang@samsung.com,SRV,100.0,A166BXXUAEZIG,A166BXXUAEZIG,A166BOXMAEZIG,SM-A166B,PHONE,"2026-09-29 23:30:00 KST",false,VARIANT,No,s5e8535,,SRV
4812588487802880,NormalException,Approved,MR,false,samsung/a16xxx/a16x:17/CP2A.260605.016/A166BXXUAEZIG:user/release-keys,"TOP,EUY,MSR,MBM","Serbia,Kosovo,Macedonia,Bosnia and Herzegovina,Montenegro",yen.dt@samsung.com,ngoc.vta@samsung.com,"2026-09-29 16:46:18 KST","2026-09-29 19:10:50 KST","2026-09-29 19:10:50 KST","2026-09-29 19:10:50 KST",,a16xxx,2026-09-05,phan.ttrang@samsung.com,SRV,100.0,A166BXXUAEZIG,A166BXXUAEZIG,A166BOXMAEZIG,SM-A166B,PHONE,,false,FULL,No,s5e8535,,SRV
6419601336565760,SMR,Approved,SMR,,samsung/m1qsqw/m1q:17/CP2A.260605.016/S942USQS4BZIG_OYN4BZIG:user/release-keys,"AIO,ATT,CCT,CHA,DSA,DSG,DSH,SPT,TMB,TMK,USC,VZW,XAA,XMT","United States",approval.se@samsung.com,ga1.sec@samsung.com,"2026-09-29 16:31:24 KST","2026-09-30 05:36:46 KST","2026-09-29 17:19:05 KST","2026-09-30 05:36:46 KST",,m1qsqw,2026-10-05,kjan@samsung.com,HQ-Suwon,100.0,S942USQS4BZIG,S942USQS4BZIG,S942UOYN4BZIG,SM-S942U,PHONE,"2026-09-29 21:30:00 KST",false,,Yes,SM8850,,SRI-N
4858490447462400,Vendor,Approved,,false,samsung/SC-54D/SC-54D:13/TP1A.220624.014/SC54DOMU1FZIB:user/release-keys,,,d2.kumar@samsung.com,suwonga2.sec@samsung.com,"2026-09-29 16:21:17 KST","2026-10-06 16:00:06 KST","2026-09-30 14:12:48 KST","2026-10-06 16:00:06 KST",,SC-54D,,is.shim@samsung.com,HQ-Suwon2,100.0,SC54DOMU1FZIB,,,SC-54D,PHONE,"2026-09-29 23:00:00 KST",false,,No,SM8550,,SRI-N
6265865331015680,Vendor,Approved,,false,samsung/q7qsbmw/q7q:15/AP3A.240905.015.A2/F966ZSCU1CZIH:user/release-keys,,,ruchi.joshi@samsung.com,suwonga2.sec@samsung.com,"2026-09-29 16:21:13 KST","2026-09-30 08:00:02 KST","2026-09-29 17:48:23 KST","2026-09-30 08:00:02 KST",,q7qsbmw,,youngjune.jang@samsung.com,HQ-Suwon2,100.0,F966ZSCU1CZIH,,,SM-F966Z,PHONE,"2026-09-29 23:00:00 KST",false,,No,SM8750,,SRI-N
5781644074287104,SMR,Approved,SMR,,samsung/m2qsqw/m2q:17/CP2A.260605.016/S947USQS4BZIG_OYN4BZIG:user/release-keys,"ATT,CCT,CHA,DSA,DSG,DSH,SPT,TMB,TMK,USC,VZW,XAA,XMT","United States",approval.se@samsung.com,ga1.sec@samsung.com,"2026-09-29 16:20:59 KST","2026-09-30 09:35:32 KST","2026-09-29 17:29:03 KST","2026-09-30 09:35:32 KST",,m2qsqw,2026-10-05,kjan@samsung.com,HQ-Suwon,100.0,S947USQS4BZIG,S947USQS4BZIG,S947UOYN4BZIG,SM-S947U,PHONE,"2026-09-29 21:30:00 KST",false,,Yes,SM8850,,SRI-N
6581046539976704,SafetyNet,Approved,,,samsung/a17xxx/a17x:17/CP2A.260605.016/A176BXXU8DZIK_OXM8DZIK:user/release-keys,,,,suwonga2.sec@samsung.com,"2026-09-29 16:20:47 KST","2026-09-29 16:21:01 KST",,"2026-09-29 16:21:01 KST",,a17xxx,2026-10-05,suwonga2.sec@samsung.com,HQ-Suwon2,100.0,,,,SM-A176B,,,false,,No,s5e8535,,
5523726926086144,Regular,Approved,LR,false,samsung/gts10fekx/gts10fe:17/CP2A.260605.016/X526NKOUBDZI7_KOOBDZI7:user/release-keys,KOO,Korea,akansha.s1@samsung.com,hs44.kim@samsung.com,"2026-09-29 16:02:57 KST","2026-09-30 17:35:32 KST","2026-09-30 17:06:04 KST","2026-09-30 17:35:32 KST",,gts10fekx,2026-09-05,nanana@samsung.com,HQ-Gumi,100.0,X526NKOUBDZI7,X526NKOUBDZI7,X526NKOOBDZI7,SM-X526N,TABLET,"2026-10-13 23:30:00 KST",false,FULL,Yes,s5e8855,,SRI-N
5068894519951360,SafetyNet,Approved,,,samsung/a17xeea/a17x:17/CP2A.260605.016/A176BXXU8DZIK_OXM8DZIK:user/release-keys,,,,suwonga2.sec@samsung.com,"2026-09-29 16:01:44 KST","2026-09-29 16:01:56 KST",,"2026-09-29 16:01:56 KST",,a17xeea,2026-10-05,suwonga2.sec@samsung.com,HQ-Suwon2,100.0,,,,SM-A176B,,,false,,No,s5e8535,,
5264477465608192,Vendor,Approved,,false,samsung/dm1qxxx/dm1q:13/TP1A.220624.014/S911BXXUAGZIF:user/release-keys,,,huy.dn@samsung.com,gumi.ga1.sec@samsung.com,"2026-09-29 16:01:39 KST","2026-10-02 00:00:05 KST","2026-10-01 17:58:16 KST","2026-10-02 00:00:05 KST",,dm1qxxx,,suyeon79.kim@samsung.com,HQ-Gumi,100.0,S911BXXUAGZIF,,,SM-S911B,PHONE,"2026-09-29 23:00:00 KST",false,,No,SM8550,,SRV
4939282540396544,SMR,Approved,SMR,,samsung/m3qsqw/m3q:17/CP2A.260605.016/S948USQS4BZIG_OYN4BZIG:user/release-keys,"AIO,ATT,CCT,CHA,DSA,DSG,DSH,SPT,TMB,TMK,USC,VZW,XAA,XMT","United States",approval.se@samsung.com,ga1.sec@samsung.com,"2026-09-29 16:01:37 KST","2026-09-30 19:00:10 KST","2026-09-29 16:49:05 KST","2026-09-30 19:00:10 KST",,m3qsqw,2026-10-05,kjan@samsung.com,HQ-Suwon,100.0,S948USQS4BZIG,S948USQS4BZIG,S948UOYN4BZIG,SM-S948U,PHONE,"2026-09-29 21:30:00 KST",false,,Yes,SM8850,,SRI-N
5123739977252864,Regular,Approved,LR,false,samsung/gts9fesqw/gts9fe:17/CP2A.260605.016/X518USQUHFZI5:user/release-keys,VZW,"United States",d2.kumar@samsung.com,srin-pregba@samsung.com,"2026-09-29 15:44:34 KST","2026-09-30 18:35:48 KST","2026-09-30 18:27:04 KST","2026-09-30 18:35:48 KST",,gts9fesqw,2026-09-05,rishu.jain@samsung.com,SRI-Noida,100.0,X518USQUHFZI5,X518USQUHFZI5,X518UOYNHFZI5,SM-X518U,TABLET,"2026-10-13 23:30:00 KST",false,FULL,Yes,s5e8835,,SRI-N
5262621100212224,Regular,Rejected,LR,false,samsung/gts10litekxx/gts10lite:17/CP2A.260605.016/X406NKOU8DZI7_KOO8DZI7:user/release-keys,KOO,Korea,d.khantwal@samsung.com,bk1.seo@samsung.com,"2026-09-29 15:43:16 KST","2026-10-01 17:46:21 KST","2026-10-01 17:46:21 KST",,,gts10litekxx,2026-09-05,ppphsw@samsung.com,HQ-Gumi,100.0,X406NKOU8DZI7,X406NKOU8DZI7,X406NKOO8DZI7,SM-X406N,TABLET,"2026-10-13 23:30:00 KST",false,FULL,No,s5e8835,SP,SRI-N
5989864894103552,Regular,Approved,MR,false,samsung/q7qjpnw/q7q:17/CP2A.260605.016/F966QOPU1CZIH_SJP1CZIH:user/release-keys,SJP,Japan,akansha.s1@samsung.com,suwonga2.sec@samsung.com,"2026-09-29 15:42:24 KST","2026-09-29 23:02:14 KST","2026-09-29 18:33:17 KST","2026-09-29 23:02:14 KST",,q7qjpnw,2026-09-05,kangwook.kim@samsung.com,HQ-Suwon2,100.0,F966QOPU1CZIH,F966QOPU1CZIH,F966QSJP1CZIH,SM-F966Q,PHONE,"2026-09-30 00:00:00 KST",false,FULL,Yes,SM8750,,SRI-N
6630598718521344,Vendor,Approved,,false,samsung/q7qjpnw/q7q:15/AP3A.240905.015.A2/F966QOPU1CZIH:user/release-keys,,,akansha.s1@samsung.com,suwonga2.sec@samsung.com,"2026-09-29 15:40:57 KST","2026-09-30 00:00:03 KST","2026-09-29 18:29:32 KST","2026-09-30 00:00:03 KST",,q7qjpnw,,kangwook.kim@samsung.com,HQ-Suwon2,100.0,F966QOPU1CZIH,,,SM-F966Q,PHONE,"2026-09-29 23:00:00 KST",false,,No,SM8750,,SRI-N
5305807868788736,SMR,Approved,SMR,,samsung/e3qxins/e3q:16/BP4A.251205.006/S928BXXS6DZI1:user/release-keys,INS,India,approval.se@samsung.com,srin-pregba@samsung.com,"2026-09-29 15:35:20 KST","2026-09-29 16:36:29 KST","2026-09-29 16:19:05 KST","2026-09-29 16:36:29 KST",,e3qxins,2026-09-05,gurmeet.c@samsung.com,SRI-Noida,100.0,S928BXXS6DZI1,S928BXXS6DZI1,S928BOXM6DZI1,SM-S928B,PHONE,"2026-09-29 21:30:00 KST",false,,Yes,SM8650,,SRI-N
6188899517071360,SMR,Approved,SMR,,samsung/e3qxxx/e3q:16/BP4A.251205.006/S928BXXS6DZI1:user/release-keys,"BKD,NPB,SLK","Bangladesh,Nepal,Sri Lanka",approval.se@samsung.com,srin-pregba@samsung.com,"2026-09-29 15:35:19 KST","2026-09-29 16:35:49 KST","2026-09-29 16:19:38 KST","2026-09-29 16:35:49 KST",,e3qxxx,2026-09-05,gurmeet.c@samsung.com,SRI-Noida,100.0,S928BXXS6DZI1,S928BXXS6DZI1,S928BOXM6DZI1,SM-S928B,PHONE,"2026-09-29 21:30:00 KST",false,,Yes,SM8650,,SRI-N
5133784966234112,Vendor,Approved,,false,samsung/dm1qksx/dm1q:13/TP1A.220624.014/S911NKSU8GZIF:user/release-keys,,,r1.rawat@samsung.com,gumi.ga2.sec@samsung.com,"2026-09-29 15:33:33 KST","2026-09-30 16:00:28 KST","2026-09-30 14:48:57 KST","2026-09-30 16:00:28 KST",,dm1qksx,,junik.bae@samsung.com,HQ-Gumi,100.0,S911NKSU8GZIF,,,SM-S911N,PHONE,"2026-09-29 23:00:00 KST",false,,No,SM8550,,SRI-N
4733466382172160,Vendor,Approved,,false,samsung/dm3qksx/dm3q:13/TP1A.220624.014/S918NKSU8GZIF:user/release-keys,,,d.khantwal@samsung.com,gumi.ga2.sec@samsung.com,"2026-09-29 15:33:03 KST","2026-10-01 00:00:05 KST","2026-09-30 15:22:12 KST","2026-10-01 00:00:05 KST",,dm3qksx,,junik.bae@samsung.com,HQ-Gumi,100.0,S918NKSU8GZIF,,,SM-S918N,PHONE,"2026-09-29 23:00:00 KST",false,,No,SM8550,,SRI-N
6751360783745024,SMR,Approved,SMR,,samsung/b8qdcmx/b8q:17/CP2A.260605.016/SC55GOMS1AZIJ_QCM1AZIJ:user/release-keys,"DCM,SJP",Japan,ruchi.joshi@samsung.com,suwonga2.sec@samsung.com,"2026-09-29 15:32:51 KST","2026-09-29 21:37:07 KST","2026-09-29 19:26:36 KST","2026-09-29 21:37:07 KST",,b8qdcmx,2026-10-05,is.shim@samsung.com,HQ-Suwon2,100.0,SC55GOMS1AZIJ,SC55GOMS1AZIJ,SC55GQCM1AZIJ,SC-55G,PHONE,"2026-09-29 21:30:00 KST",false,,Yes,SM8850,,SRI-N
4922286247510016,SMR,Approved,SMR,,samsung/b8qsbmx/b8q:17/CP2A.260605.016/F776ZSCS1AZIJ_QBM1AZIJ:user/release-keys,"SBM,SJP",Japan,bhawna.s1@samsung.com,suwonga2.sec@samsung.com,"2026-09-29 15:21:02 KST","2026-09-29 22:35:57 KST","2026-09-29 17:35:19 KST","2026-09-29 22:35:57 KST",,b8qsbmx,2026-10-05,sungheelee@samsung.com,HQ-Suwon2,100.0,F776ZSCS1AZIJ,F776ZSCS1AZIJ,F776ZQBM1AZIJ,SM-F776Z,PHONE,"2026-09-29 21:30:00 KST",false,,Yes,SM8850,,SRI-N
4991408276766720,SMR,Approved,SMR,,samsung/h8qjpnw/h8q:17/CP2A.260605.016/F971QOPS1AZIJ_SJP1AZIJ:user/release-keys,SJP,Japan,priyanka.l@samsung.com,suwonga2.sec@samsung.com,"2026-09-29 15:20:44 KST","2026-09-29 22:02:06 KST","2026-09-29 18:17:50 KST","2026-09-29 22:02:06 KST",,h8qjpnw,2026-10-05,sungheelee@samsung.com,HQ-Suwon2,100.0,F971QOPS1AZIJ,F971QOPS1AZIJ,F971QSJP1AZIJ,SM-F971Q,PHONE,"2026-09-29 21:30:00 KST",false,,Yes,SM8850,,SRI-N
6132000729858048,NormalException,Approved,MR,false,samsung/a33xnndxx/a33x:16/BP2A.250605.031.A3/A336EDXUKGZI3:user/release-keys,"BKD,INS,NPB,SLK","Bangladesh,India,Nepal,Sri Lanka",r1.rawat@samsung.com,srin-pregba@samsung.com,"2026-09-29 15:01:43 KST","2026-09-29 18:04:41 KST","2026-09-29 18:04:41 KST","2026-09-29 18:04:41 KST",,a33xnndxx,2026-08-05,arshi.m@samsung.com,SRI-Noida,100.0,A336EDXUKGZI3,A336EDXUKGZI1,A336EODMKGZI3,SM-A336E,PHONE,"2026-09-29 22:30:00 KST",false,FULL,No,S5E8825,,SRI-N
5989596626419712,Regular,Approved,MR,false,samsung/a17ser/a17:17/CP2A.260605.016/A175FXXU7DZI9_OXM7DZI9:user/release-keys,"SER,SKZ","Belarus,Russia,Kazakhstan",vuong.hue@samsung.com,srv.gba@samsung.com,"2026-09-29 14:58:06 KST","2026-09-30 19:00:34 KST","2026-09-30 18:29:17 KST","2026-09-30 19:00:34 KST",,a17ser,2026-10-05,the.toan@samsung.com,SRV,100.0,A175FXXU7DZI9,A175FXXU7DZI9,A175FOXM7DZI9,SM-A175F,PHONE,"2026-09-29 23:30:00 KST",false,VARIANT,Yes,MT6789V/CD,,SRV
5807978867589120,Regular,Approved,MR,false,samsung/a27xqser/a27xq:17/CP2A.260605.016/A276BXXU3BZIF_OXM3BZIF:user/release-keys,"SER,SKZ","Belarus,Russia,Kazakhstan",tu.nv1@samsung.com,srv.gba@samsung.com,"2026-09-29 14:53:41 KST","2026-09-30 17:36:44 KST","2026-09-30 17:35:01 KST","2026-09-30 17:36:44 KST",,a27xqser,2026-09-05,huy.an@samsung.com,SRV,100.0,A276BXXU3BZIF,A276BXXU3BZIF,A276BOXM3BZIF,SM-A276B,PHONE,"2026-09-29 23:30:00 KST",false,VARIANT,Yes,SM6475,,SRV
5420982718431232,Regular,Approved,MR,false,samsung/a27xqtur/a27xq:17/CP2A.260605.016/A276BXXU3BZIF_OXM3BZIF:user/release-keys,TUR,Türkiye,oanh.lt@samsung.com,srv.gba@samsung.com,"2026-09-29 14:53:19 KST","2026-09-30 18:01:40 KST","2026-09-30 17:39:52 KST","2026-09-30 18:01:40 KST",,a27xqtur,2026-09-05,thang.hv1@samsung.com,SRV,100.0,A276BXXU3BZIF,A276BXXU3BZIF,A276BOXM3BZIF,SM-A276B,PHONE,"2026-09-29 23:30:00 KST",false,VARIANT,Yes,SM6475,,SRV
6196425507733504,Regular,Rejected,MR,false,samsung/a05mins/a05m:15/AP3A.240905.015.A2/A055FXXUIDZI1:user/release-keys,INS,India,d.khantwal@samsung.com,srin-pregba@samsung.com,"2026-09-29 14:47:20 KST","2026-10-06 19:24:34 KST","2026-10-06 19:24:34 KST",,,a05mins,2026-09-05,shre.kumari@samsung.com,SRI-Noida,100.0,A055FXXUIDZI1,A055FXXUIDZI1,A055FOLMIDZI1,SM-A055F,PHONE,"2026-09-30 00:00:00 KST",false,VARIANT,No,MT6769V/WY,,SRI-N
5948769841709056,SMR,Approved,SMR,,samsung/q8quew/q8q:17/CP2A.260605.016/F976U1UES3AZIL_OYM3AZIL:user/release-keys,"ACG,AIO,ATC,ATT,CCT,CHA,DSA,DSG,DSH,FKR,LRA,SPT,TFN,TMB,TMK,VZW,XAA,XAG,XAR,XMT","United States",approval.se@samsung.com,ga1.sec@samsung.com,"2026-09-29 14:38:24 KST","2026-09-29 21:37:17 KST","2026-09-29 15:19:02 KST","2026-09-29 21:37:17 KST",,q8quew,2026-10-05,cmoh@samsung.com,HQ-Suwon,100.0,F976U1UES3AZIL,F976U1UES3AZIL,F976U1OYM3AZIL,SM-F976U1,PHONE,"2026-09-29 21:30:00 KST",false,,Yes,SM8850,,SRI-N
6575309604519936,NormalException,Approved,MR,false,samsung/e2quew/e2q:17/CP2A.260605.016/S926U1UEU6EZIF:user/release-keys,"PCT,LLA","Puerto Rico",dinara.araujo@samsung.com,googleapproval.sidia@samsung.com,"2026-09-29 14:36:42 KST","2026-09-29 23:53:36 KST","2026-09-29 23:53:36 KST","2026-09-29 23:53:36 KST",,e2quew,2026-09-05,punit.pathak@samsung.com,SIDIA,100.0,S926U1UEU6EZIF,S926U1UEU6EZIF,S926U1OWA6EZIF,SM-S926U1,PHONE,"2026-09-30 03:00:00 KST",false,FULL,No,SM8650,,SIDIA
5476155465662464,NormalException,Approved,MR,false,samsung/e2sxxx/e2s:17/CP2A.260605.016/S926BXXUHEZIF:user/release-keys,"NPB,SLK,BKD","Nepal,Sri Lanka,Bangladesh",ruchi.joshi@samsung.com,srin-pregba@samsung.com,"2026-09-29 14:34:44 KST","2026-09-29 14:49:40 KST","2026-09-29 14:49:40 KST","2026-09-29 14:49:40 KST",,e2sxxx,2026-09-05,julia81.lee@samsung.com,SRI-Noida,100.0,S926BXXUHEZIF,S926BXXUHEZIF,S926BOXMHEZIF,SM-S926B,PHONE,,false,FULL,No,S5E9945,,SRI-N
6351667100647424,SMR,Approved,SMR,,samsung/m2qzhx/m2q:17/CP2A.260605.016/S9470ZHS4BZIG_OZS4BZIG:user/release-keys,"BRI,TGY","Taiwan,Hong Kong",approval.se@samsung.com,suwonga2.sec@samsung.com,"2026-09-29 14:24:37 KST","2026-09-29 21:37:22 KST","2026-09-29 15:29:01 KST","2026-09-29 21:37:22 KST",,m2qzhx,2026-10-05,stonlhg@samsung.com,HQ-Suwon2,100.0,S9470ZHS4BZIG,S9470ZCS4BZIE,S9470OZS4BZIG,SM-S9470,PHONE,"2026-09-29 21:30:00 KST",false,,Yes,SM8850,,SRI-N
4631730535530496,SMR,Approved,SMR,,samsung/h8qrktw/h8q:17/CP2A.260605.016/F971CONS1AZIJ_QKT1AZIJ:user/release-keys,"RKT,SJP",Japan,bhawna.s1@samsung.com,suwonga2.sec@samsung.com,"2026-09-29 14:24:04 KST","2026-09-29 21:36:25 KST","2026-09-29 17:31:26 KST","2026-09-29 21:36:25 KST",,h8qrktw,2026-10-05,sungheelee@samsung.com,HQ-Suwon2,100.0,F971CONS1AZIJ,F971CONS1AZIJ,F971CQKT1AZIJ,SM-F971C,PHONE,"2026-09-29 21:30:00 KST",false,,Yes,SM8850,,SRI-N
5983954213797888,SMR,Approved,SMR,,samsung/h8qdcmw/h8q:17/CP2A.260605.016/SC57GOMS1AZIJ_QCM1AZIJ:user/release-keys,"DCM,SJP",Japan,priyanka.l@samsung.com,suwonga2.sec@samsung.com,"2026-09-29 14:23:31 KST","2026-09-29 22:00:30 KST","2026-09-29 15:51:23 KST","2026-09-29 22:00:30 KST",,h8qdcmw,2026-10-05,is.shim@samsung.com,HQ-Suwon2,100.0,SC57GOMS1AZIJ,SC57GOMS1AZIJ,SC57GQCM1AZIJ,SC-57G,PHONE,"2026-09-29 21:30:00 KST",false,,Yes,SM8850,,SRI-N
5343984960667648,Regular,Approved,LR,false,samsung/m16xskt/m16x:17/CP2A.260605.016/M166SKSU8DZI2_SKC8DZI2:user/release-keys,SKC,Korea,d.khantwal@samsung.com,ga1.sec@samsung.com,"2026-09-29 13:51:39 KST","2026-10-01 19:01:25 KST","2026-10-01 18:53:22 KST","2026-10-01 19:01:25 KST","2026-09-30 18:05:50 KST",m16xskt,2026-09-05,dongjun.park@samsung.com,HQ-Suwon,100.0,M166SKSU8DZI2,M166SKSU8DZI1,M166SSKC8DZI2,SM-M166S,PHONE,"2026-10-08 23:30:00 KST",false,FULL,Yes,s5e8535,LD,SRI-N
6043628757843968,Vendor,Approved,,false,samsung/m16xskt/m16x:13/TP1A.220624.014/M166SKSU8DZI2:user/release-keys,,,d.khantwal@samsung.com,ga1.sec@samsung.com,"2026-09-29 13:49:47 KST","2026-10-02 00:00:05 KST","2026-09-30 15:33:19 KST","2026-10-02 00:00:05 KST",,m16xskt,,dongjun.park@samsung.com,HQ-Suwon,100.0,M166SKSU8DZI2,,,SM-M166S,PHONE,"2026-09-29 23:00:00 KST",false,,No,s5e8535,,SRI-N
4707633009524736,Regular,Approved,LR,false,samsung/SC-53D/SC-53D:17/CP2A.260605.016/SC53DOMU1FZI3:user/release-keys,DCM,Japan,ruchi.joshi@samsung.com,suwonga2.sec@samsung.com,"2026-09-29 13:37:24 KST","2026-10-05 19:01:25 KST","2026-10-05 18:44:10 KST","2026-10-05 19:01:25 KST","2026-10-01 15:32:25 KST",SC-53D,2026-09-05,jinyoung.chon@samsung.com,HQ-Suwon2,100.0,SC53DOMU1FZI3,SC53DOMU1FZI3,SC53DQCM1FZI3,SC-53D,PHONE,"2026-10-08 23:30:00 KST",false,FULL,Yes,s5e8835,LD,SRI-N
6463398795804672,Regular,Cancelled,MR,false,samsung/a55xnsxx/a55x:17/CP2A.260605.016/A556EXXUIEZI7:user/release-keys,SKZ,"Mongolia,Uzbekistan,Kazakhstan,Turkmenistan,Kyrgyzstan,Tajikistan",thuynga.dt@samsung.com,srv.gba@samsung.com,"2026-09-29 13:34:33 KST","2026-10-02 12:54:24 KST",,,,a55xnsxx,2026-09-05,chien.ngoc@samsung.com,SRV,100.0,A556EXXUIEZI7,A556EXXUIEZI7,A556EOXEIEZI7,SM-A556E,PHONE,"2026-09-29 23:30:00 KST",false,FULL,No,s5e8845,,SRV
5906663928496128,SMR,Approved,SMR,,samsung/r14sxxx/r14s:17/CP2A.260605.016/S741BXXS2AZI5_OXM2AZI5:user/release-keys,XID,Indonesia,approval.se@samsung.com,lufti.b@samsung.com,"2026-09-29 13:07:48 KST","2026-09-29 14:00:53 KST","2026-09-29 13:49:01 KST","2026-09-29 14:00:53 KST",,r14sxxx,2026-10-05,danar.kurnia@samsung.com,SRV,100.0,S741BXXS2AZI5,S741BXXS2AZI3,S741BOXM2AZI5,SM-S741B,PHONE,"2026-09-29 19:00:00 KST",false,,Yes,s5e9955,,SRV
4851403751424000,Regular,Rejected,MR,false,samsung/b5qksx/b5q:17/CP2A.260605.016/F731NTBU6HZIB:user/release-keys,KOO,Korea,akansha.s1@samsung.com,gumi.ga2.sec@samsung.com,"2026-09-29 13:03:21 KST","2026-10-06 15:25:00 KST","2026-10-06 15:25:00 KST",,,b5qksx,2026-09-05,jungyh@samsung.com,HQ-Gumi,100.0,F731NTBU6HZIB,F731NKSU6HZIA,F731NOKT6HZIB,SM-F731N,PHONE,"2026-09-29 22:00:00 KST",false,FULL,No,SM8550,,SRI-N
6521863333478400,Regular,Approved,MR,false,samsung/SC-55F/SC-55F:17/CP2A.260605.016/SC55FOMU1CZIH_QCM1CZIH:user/release-keys,DCM,Japan,d2.kumar@samsung.com,suwonga2.sec@samsung.com,"2026-09-29 12:50:30 KST","2026-09-30 14:35:20 KST","2026-09-30 13:36:46 KST","2026-09-30 14:35:20 KST",,SC-55F,2026-09-05,youngjune.jang@samsung.com,HQ-Suwon2,100.0,SC55FOMU1CZIH,SC55FOMU1CZIH,SC55FQCM1CZIH,SC-55F,PHONE,"2026-09-29 22:00:00 KST",false,FULL,Yes,s5e9955,,SRI-N
4684507093663744,Vendor,Approved,,false,samsung/SC-55F/SC-55F:15/AP3A.240905.015.A2/SC55FOMU1CZIH:user/release-keys,,,d2.kumar@samsung.com,suwonga2.sec@samsung.com,"2026-09-29 12:49:34 KST","2026-09-30 16:00:28 KST","2026-09-30 13:34:44 KST","2026-09-30 16:00:28 KST",,SC-55F,,youngjune.jang@samsung.com,HQ-Suwon2,100.0,SC55FOMU1CZIH,,,SC-55F,PHONE,"2026-09-29 21:00:00 KST",false,,No,s5e9955,,SRI-N
5289517057835008,Regular,Approved,LR,false,samsung/SCG21_jp_kdi/SCG21:17/CP2A.260605.016/SCG21KDU1FZI3:user/release-keys,KDI,Japan,umesh.k@samsung.com,suwonga2.sec@samsung.com,"2026-09-29 12:48:21 KST","2026-09-30 12:36:13 KST","2026-09-29 18:34:54 KST","2026-09-30 12:36:13 KST",,SCG21_jp_kdi,2026-09-05,jh34.choi@samsung.com,HQ-Suwon2,100.0,SCG21KDU1FZI3,SCG21KDU1FZI3,SCG21QDI1FZI3,SCG21,PHONE,"2026-10-12 23:30:00 KST",false,FULL,Yes,s5e8835,SP,SRI-N
5619117898072064,Regular,Approved,MR,false,samsung/a37xks/a37x:17/CP2A.260605.016/A376NKSU3BZI6_OKR3BZI6:user/release-keys,"SKC,KOO,KTC,LUC",Korea,priyanka.l@samsung.com,ga1.sec@samsung.com,"2026-09-29 12:48:20 KST","2026-09-29 18:36:17 KST","2026-09-29 14:01:33 KST","2026-09-29 18:36:17 KST",,a37xks,2026-09-05,kw.kwon@samsung.com,HQ-Suwon,100.0,A376NKSU3BZI6,A376NKSU3BZI3,A376NOKR3BZI6,SM-A376N,PHONE,"2026-09-29 22:00:00 KST",false,FULL,Yes,s5e8845,,SRI-N
5490242958393344,Vendor,Approved,,false,samsung/a37xks/a37x:14/UP1A.231005.007/A376NKSU3BZI6:user/release-keys,,,priyanka.l@samsung.com,ga1.sec@samsung.com,"2026-09-29 12:38:55 KST","2026-09-30 00:00:03 KST","2026-09-29 13:55:27 KST","2026-09-30 00:00:03 KST",,a37xks,,kw.kwon@samsung.com,HQ-Suwon,100.0,A376NKSU3BZI6,,,SM-A376N,PHONE,"2026-09-29 21:00:00 KST",false,,No,s5e8845,,SRI-N
5601564685500416,Regular,Approved,MR,false,samsung/a53xzh/a53x:16/BP2A.250605.031.A3/A5360ZHUOGZI4:user/release-keys,"BRI,TGY","Taiwan,Hong Kong",bhawna.s1@samsung.com,ga.srcg@samsung.com,"2026-09-29 12:37:49 KST","2026-09-29 15:36:25 KST","2026-09-29 15:27:28 KST","2026-09-29 15:36:25 KST",,a53xzh,2026-08-05,peng.zhou@samsung.com,SRC-Guangzhou,100.0,A5360ZHUOGZI4,A5360ZCUOGZI3,A5360OZSOGZI4,SM-A5360,PHONE,"2026-09-29 22:00:00 KST",false,FULL,Yes,S5E8825,,SRI-N
4915430456295424,Vendor,Approved,,false,samsung/a53xzh/a53x:12/SP1A.210812.016/A5360ZHUOGZI4:user/release-keys,,,bhawna.s1@samsung.com,ga.srcg@samsung.com,"2026-09-29 12:31:09 KST","2026-09-29 16:00:02 KST","2026-09-29 15:25:05 KST","2026-09-29 16:00:02 KST",,a53xzh,,peng.zhou@samsung.com,SRC-Guangzhou,100.0,A5360ZHUOGZI4,,,SM-A5360,PHONE,"2026-09-29 21:00:00 KST",false,,No,S5E8825,,SRI-N
4778963826376704,Vendor,Approved,,false,samsung/SCG21_jp_kdi/SCG21:13/TP1A.220624.014/SCG21KDU1FZI3:user/release-keys,,,umesh.k@samsung.com,suwonga2.sec@samsung.com,"2026-09-29 12:29:42 KST","2026-09-30 16:00:28 KST","2026-09-29 17:58:58 KST","2026-09-30 16:00:28 KST",,SCG21_jp_kdi,,jh34.choi@samsung.com,HQ-Suwon2,100.0,SCG21KDU1FZI3,,,SCG21,PHONE,"2026-09-29 21:00:00 KST",false,,No,s5e8835,,SRI-N
6316941954514944,SMR,Approved,SMR,,samsung/m3qxxx/m3q:17/CP2A.260605.016/S948BXXS4BZIG_OXM4BZIG:user/release-keys,XID,Indonesia,approval.se@samsung.com,apta.p@samsung.com,"2026-09-29 12:28:23 KST","2026-09-29 13:36:45 KST","2026-09-29 13:19:01 KST","2026-09-29 13:36:45 KST",,m3qxxx,2026-10-05,danar.kurnia@samsung.com,SRV,100.0,S948BXXS4BZIG,S948BXXU4BZI9,S948BOXM4BZIG,SM-S948B,PHONE,"2026-09-29 19:00:00 KST",false,,Yes,SM8850,,SRV
4783256981733376,Regular,Uploaded,LR,false,samsung/gts10fepkx/gts10fep:17/CP2A.260605.016/X626NKOUBDZI7_KOOBDZI7:user/release-keys,KOO,Korea,deeksha.s@samsung.com,gumi.ga2.sec@samsung.com,"2026-09-29 12:20:37 KST","2026-09-29 19:00:35 KST",,,"2026-09-29 18:22:50 KST",gts10fepkx,2026-09-05,nanana@samsung.com,HQ-Gumi,10.0,X626NKOUBDZI7,X626NKOUBDZI7,X626NKOOBDZI7,SM-X626N,TABLET,"2026-10-12 23:30:00 KST",false,FULL,No,s5e8855,SP,SRI-N
5234388199800832,Vendor,Reviewed,,false,samsung/gts10fepkx/gts10fep:15/AP3A.240905.015.A2/X626NKOUBDZI7:user/release-keys,,,deeksha.s@samsung.com,gumi.ga2.sec@samsung.com,"2026-09-29 12:18:39 KST","2026-09-29 18:40:46 KST","2026-09-29 18:20:44 KST",,,gts10fepkx,,nanana@samsung.com,HQ-Gumi,100.0,X626NKOUBDZI7,,,SM-X626N,TABLET,"2026-09-29 21:00:00 KST",false,,No,s5e8855,,SRI-N
4624724437237760,Regular,Approved,MR,false,samsung/a17tur/a17:17/CP2A.260605.016/A175FXXU7DZI9_OXM7DZI9:user/release-keys,TUR,Turkey,ng.thanhtuan@samsung.com,srv.gba@samsung.com,"2026-09-29 12:08:57 KST","2026-09-30 19:01:01 KST","2026-09-30 18:29:41 KST","2026-09-30 19:01:01 KST",,a17tur,2026-10-05,the.toan@samsung.com,SRV,100.0,A175FXXU7DZI9,A175FXXU7DZI9,A175FOXM7DZI9,SM-A175F,PHONE,"2026-09-29 21:30:00 KST",false,VARIANT,Yes,MT6789V/CD,,SRV
4950850195947520,Regular,Approved,MR,false,samsung/a17eea/a17:17/CP2A.260605.016/A175FXXU7DZI9_OXM7DZI9:user/release-keys,EUX,"Romania,Hungary,United Kingdom,Portugal,Switzerland,Spain,Greece,Netherlands,Sweden,Austria,Czech Republic,Latvia,Belgium,Ireland,Poland,Italy,Slovakia,France,Bulgaria,Germany,Croatia",ducmanh.ng1@samsung.com,srv.gba@samsung.com,"2026-09-29 12:04:58 KST","2026-09-30 19:02:46 KST","2026-09-30 18:28:49 KST","2026-09-30 19:02:46 KST",,a17eea,2026-10-05,the.toan@samsung.com,SRV,100.0,A175FXXU7DZI9,A175FXXU7DZI9,A175FOXM7DZI9,SM-A175F,PHONE,"2026-09-29 21:30:00 KST",false,VARIANT,Yes,MT6789V/CD,,SRV
6593818027884544,Vendor,Rejected,,false,samsung/b5qksx/b5q:13/TP1A.220624.014/F731NTBU6HZIB:user/release-keys,,,vishnu.d@samsung.com,gumi.ga2.sec@samsung.com,"2026-09-29 12:02:59 KST","2026-10-06 15:25:20 KST","2026-10-06 15:25:20 KST",,,b5qksx,,jungyh@samsung.com,HQ-Gumi,100.0,F731NTBU6HZIB,,,SM-F731N,PHONE,"2026-09-29 21:00:00 KST",false,,No,SM8550,,SRI-N
6067283692879872,Regular,Approved,MR,false,samsung/b7ssbmx/b7s:17/CP2A.260605.016/F766ZSCU1CZIH_QBM1CZIH:user/release-keys,"SJP,SBM",Japan,d.khantwal@samsung.com,suwonga2.sec@samsung.com,"2026-09-29 11:32:52 KST","2026-09-29 23:01:17 KST","2026-09-29 13:29:16 KST","2026-09-29 23:01:17 KST",,b7ssbmx,2026-09-05,youngjune.jang@samsung.com,HQ-Suwon2,100.0,F766ZSCU1CZIH,F766ZSCU1CZIH,F766ZQBM1CZIH,SM-F766Z,PHONE,"2026-09-29 22:00:00 KST",false,FULL,Yes,s5e9955,,SRI-N
5657720309153792,Regular,Approved,MR,false,samsung/a17xx/a17:17/CP2A.260605.016/A175FXXU7DZI9_OXM7DZI9:user/release-keys,EUY,"Ukraine,Macedonia,Serbia",hoai.nt4@samsung.com,ha.nguyen@samsung.com,"2026-09-29 11:31:22 KST","2026-09-30 19:02:03 KST","2026-09-30 18:28:24 KST","2026-09-30 19:01:57 KST",,a17xx,2026-10-05,the.toan@samsung.com,SRV,100.0,A175FXXU7DZI9,A175FXXU7DZI9,A175FOXM7DZI9,SM-A175F,PHONE,,false,FULL,No,MT6789V/CD,,SRV
6503055369699328,Vendor,Approved,,false,samsung/b7ssbmx/b7s:15/AP3A.240905.015.A2/F766ZSCU1CZIH:user/release-keys,,,d.khantwal@samsung.com,suwonga2.sec@samsung.com,"2026-09-29 11:29:20 KST","2026-09-30 00:00:03 KST","2026-09-29 13:27:26 KST","2026-09-30 00:00:03 KST",,b7ssbmx,,youngjune.jang@samsung.com,HQ-Suwon2,100.0,F766ZSCU1CZIH,,,SM-F766Z,PHONE,"2026-09-29 21:00:00 KST",false,,No,s5e9955,,SRI-N
4948161714192384,Vendor,Approved,,false,samsung/SC-53D/SC-53D:13/TP1A.220624.014/SC53DOMU1FZI3:user/release-keys,,,ruchi.joshi@samsung.com,suwonga2.sec@samsung.com,"2026-09-29 11:20:43 KST","2026-10-06 00:00:06 KST","2026-09-30 19:45:28 KST","2026-10-06 00:00:06 KST",,SC-53D,,jinyoung.chon@samsung.com,HQ-Suwon2,100.0,SC53DOMU1FZI3,,,SC-53D,PHONE,"2026-09-29 21:00:00 KST",false,,No,s5e8835,,SRI-N
5604834497789952,SMR,Approved,SMR,,samsung/b8qrktx/b8q:17/CP2A.260605.016/F776CONS1AZIJ_QKT1AZIJ:user/release-keys,"RKT,SJP",Japan,bhawna.s1@samsung.com,suwonga2.sec@samsung.com,"2026-09-29 11:20:08 KST","2026-09-29 18:36:23 KST","2026-09-29 13:26:09 KST","2026-09-29 18:36:23 KST",,b8qrktx,2026-10-05,is.shim@samsung.com,HQ-Suwon2,100.0,F776CONS1AZIJ,F776CONS1AZIJ,F776CQKT1AZIJ,SM-F776C,PHONE,"2026-09-29 19:30:00 KST",false,,Yes,SM8850,,SRI-N
5842329009389568,Vendor,Approved,,false,samsung/dm2qxxx/dm2q:13/TP1A.220624.014/S916BXXUAGZIF:user/release-keys,,,khanh.toan@samsung.com,gumi.ga1.sec@samsung.com,"2026-09-29 10:29:34 KST","2026-10-01 00:00:05 KST","2026-09-30 15:30:48 KST","2026-10-01 00:00:05 KST",,dm2qxxx,,suyeon79.kim@samsung.com,HQ-Gumi,100.0,S916BXXUAGZIF,,,SM-S916B,PHONE,"2026-09-29 21:00:00 KST",false,,No,SM8550,,SRV
5036239296397312,SMR,Approved,SMR,,samsung/q8qjpnw/q8q:17/CP2A.260605.016/F976QOPS1AZIJ_SJP1AZIJ:user/release-keys,SJP,Japan,bhawna.s1@samsung.com,suwonga2.sec@samsung.com,"2026-09-29 10:13:55 KST","2026-09-29 17:00:18 KST","2026-09-29 13:20:54 KST","2026-09-29 17:00:18 KST",,q8qjpnw,2026-10-05,kangwook.kim@samsung.com,HQ-Suwon2,100.0,F976QOPS1AZIJ,F976QOPS1AZIJ,F976QSJP1AZIJ,SM-F976Q,PHONE,"2026-09-29 19:30:00 KST",false,,Yes,SM8850,,SRI-N
5733101280165888,SMR,Approved,SMR,,samsung/h8qzhx/h8q:17/CP2A.260605.016/F9710ZSS3AZIJ_OZS3AZIJ:user/release-keys,"BRI,TGY","Taiwan,Hong Kong",approval.se@samsung.com,suwonga2.sec@samsung.com,"2026-09-29 10:05:39 KST","2026-09-29 17:36:14 KST","2026-09-29 10:59:08 KST","2026-09-29 17:36:14 KST",,h8qzhx,2026-10-05,sookk@samsung.com,HQ-Suwon2,100.0,F9710ZSS3AZIJ,F9710ZCU3AZI1,F9710OZS3AZIJ,SM-F9710,PHONE,"2026-09-29 19:30:00 KST",false,,Yes,SM8850,,SRI-N
4780906627989504,Widevine,Approved,,,samsung/xcoverfrwifixx/xcoverfrwifi:16/BP2A.250605.031.A3/G771FXXU0AZI1_OXM0AZI1:user/release-keys,EUY,Serbia,phan.hue@samsung.com,phan.hue@samsung.com,"2026-09-29 10:04:21 KST","2026-09-29 15:42:47 KST","2026-09-29 15:42:47 KST","2026-09-29 15:42:47 KST",,xcoverfrwifixx,2026-10-05,yk27.kim@samsung.com,SRV,100.0,,,,SM-G771F,PHONE,,false,,No,QCM6690,,SRV
6377203365576704,Regular,Approved,LR,false,samsung/a15nstur/a15:17/CP2A.260605.016/A155FXXUCFZI4:user/release-keys,TUR,"Turkey,Türkiye",khanh.toan@samsung.com,srv.gba@samsung.com,"2026-09-29 09:52:17 KST","2026-10-01 14:36:11 KST","2026-09-30 18:33:27 KST","2026-10-01 14:36:11 KST",,a15nstur,2026-09-05,hieu.ld1@samsung.com,SRV,100.0,A155FXXUCFZI4,A155FXXUCFZI4,A155FOLMCFZI4,SM-A155F,PHONE,"2026-10-07 23:30:00 KST",false,VARIANT,Yes,MT6789V/CD,SP,SRV
4515247197257728,Regular,Approved,LR,false,samsung/a15nsser/a15:17/CP2A.260605.016/A155FXXUCFZI4:user/release-keys,SER,Russia,khanh.toan@samsung.com,srv.gba@samsung.com,"2026-09-29 09:52:07 KST","2026-10-01 14:35:06 KST","2026-09-30 18:34:16 KST","2026-10-01 14:35:06 KST",,a15nsser,2026-09-05,hieu.ld1@samsung.com,SRV,100.0,A155FXXUCFZI4,A155FXXUCFZI4,A155FOLMCFZI4,SM-A155F,PHONE,"2026-10-07 23:30:00 KST",false,VARIANT,Yes,MT6789V/CD,SP,SRV
6225682489409536,Regular,Approved,LR,false,samsung/a15nseea/a15:17/CP2A.260605.016/A155FXXUCFZI4:user/release-keys,EUX,Austria,khanh.toan@samsung.com,srv.gba@samsung.com,"2026-09-29 09:51:59 KST","2026-10-01 14:35:13 KST","2026-09-30 18:33:50 KST","2026-10-01 14:35:13 KST",,a15nseea,2026-09-05,hieu.ld1@samsung.com,SRV,100.0,A155FXXUCFZI4,A155FXXUCFZI4,A155FOLMCFZI4,SM-A155F,PHONE,"2026-10-07 23:30:00 KST",false,VARIANT,Yes,MT6789V/CD,SP,SRV
5518198195879936,Widevine,Approved,,,samsung/xcover8eea/xcover8:17/CP2A.260605.016/G586BXXU0AZI1_OXM0AZI1:user/release-keys,EUX,"United Kingdom,Ireland,Germany,Spain,Portugal,Netherlands,Belgium,Sweden,France,Italy,Austria,Switzerland,Hungary,Poland,Romania,Bulgaria,Czech Republic,Slovakia,Latvia,Greece,Croatia,Slovenia,Denmark,Estonia,Iceland,Lithuania,Luxembourg,Norway,Finland",phan.hue@samsung.com,phan.hue@samsung.com,"2026-09-29 09:17:55 KST","2026-09-29 15:55:23 KST","2026-09-29 15:55:23 KST","2026-09-29 15:55:23 KST",,xcover8eea,2026-09-05,kamui007@samsung.com,SRV,100.0,,,,SM-G586B,PHONE,,false,,No,SM4875,,SRV
5064374939287552,Widevine,Approved,,,samsung/xcoverfrwifieea/xcoverfrwifi:16/BP2A.250605.031.A3/G771FXXU0AZI1_OXM0AZI1:user/release-keys,EUX,Germany,phan.hue@samsung.com,phan.hue@samsung.com,"2026-09-29 09:17:12 KST","2026-09-29 15:39:10 KST","2026-09-29 15:39:10 KST","2026-09-29 15:39:10 KST",,xcoverfrwifieea,2026-10-05,yk27.kim@samsung.com,SRV,100.0,,,,SM-G771F,PHONE,,false,,No,QCM6690,,SRV
6537317196234752,Vendor,Approved,,false,samsung/b5qxxx/b5q:13/TP1A.220624.014/F731BXXU7HZIJ:user/release-keys,,,tu.nv1@samsung.com,gumi.ga2.sec@samsung.com,"2026-09-29 09:02:23 KST","2026-10-01 00:00:06 KST","2026-09-30 18:24:24 KST","2026-10-01 00:00:06 KST",,b5qxxx,,yong_jin.kim@samsung.com,HQ-Gumi,100.0,F731BXXU7HZIJ,,,SM-F731B,PHONE,"2026-09-29 21:00:00 KST",false,,No,SM8550,,SRV
6079938142928896,SMR,Approved,SMR,,samsung/gtact5prowifixx/gtact5prowifi:16/BP4A.251205.006/X350XXSBCZI3_OXMBCZI3:user/release-keys,XJP,Japan,approval.se@samsung.com,gumi.ga0.sec@samsung.com,"2026-09-29 08:45:02 KST","2026-09-29 09:36:28 KST","2026-09-29 09:19:05 KST","2026-09-29 09:36:28 KST",,gtact5prowifixx,2026-09-05,myj91@samsung.com,HQ-Gumi,100.0,X350XXSBCZI3,,X350OXMBCZI3,SM-X350,TABLET,,false,,Yes,SM7635,,SRV
4990207497863168,SMR,Approved,SMR,,samsung/b8quew/b8q:17/CP2A.260605.016/F776U1UES3AZIL_OYM3AZIL:user/release-keys,"ACG,AIO,ATC,ATT,CCT,CHA,DSA,DSG,DSH,FKR,LRA,SPT,TFN,TMB,TMK,VZW,XAA,XAG,XAR,XMT","United States",approval.se@samsung.com,ga1.sec@samsung.com,"2026-09-29 08:30:12 KST","2026-09-29 15:01:43 KST","2026-09-29 09:19:28 KST","2026-09-29 15:01:43 KST",,b8quew,2026-10-05,cmoh@samsung.com,HQ-Suwon,100.0,F776U1UES3AZIL,F776U1UES3AZIL,F776U1OYM3AZIL,SM-F776U1,PHONE,"2026-09-29 19:30:00 KST",false,,Yes,SM8850,,SRI-N
6100559958638592,SMR,Approved,SMR,,samsung/h8quew/h8q:17/CP2A.260605.016/F971U1UES3AZIL_OYM3AZIL:user/release-keys,"ACG,AIO,ATC,ATT,CCT,CHA,DSA,DSG,DSH,FKR,LRA,SPT,TFN,TMB,TMK,VZW,XAA,XAG,XAR,XMT","United States",approval.se@samsung.com,ga1.sec@samsung.com,"2026-09-29 08:29:56 KST","2026-09-29 15:35:20 KST","2026-09-29 09:29:03 KST","2026-09-29 15:35:20 KST",,h8quew,2026-10-05,cmoh@samsung.com,HQ-Suwon,100.0,F971U1UES3AZIL,F971U1UES3AZIL,F971U1OYM3AZIL,SM-F971U1,PHONE,"2026-09-29 19:30:00 KST",false,,Yes,SM8850,,SRI-N
4853921810219008,Vendor,Approved,,false,samsung/gts10fekx/gts10fe:15/AP3A.240905.015.A2/X526NKOUBDZI7:user/release-keys,,,akansha.s1@samsung.com,gumi.ga1.sec@samsung.com,"2026-09-29 08:28:43 KST","2026-10-01 00:00:06 KST","2026-09-30 17:04:16 KST","2026-10-01 00:00:06 KST",,gts10fekx,,nanana@samsung.com,HQ-Gumi,100.0,X526NKOUBDZI7,,,SM-X526N,TABLET,"2026-09-29 21:00:00 KST",false,,No,s5e8855,,SRI-N
5686395792523264,Vendor,Approved,,false,samsung/h8qksx/h8q:16/BP2A.250605.031.A3/F971NKSU3AZIK:user/release-keys,,,umesh.k@samsung.com,gumi.ga2.sec@samsung.com,"2026-09-29 07:20:45 KST","2026-10-01 00:00:06 KST","2026-09-30 18:32:43 KST","2026-10-01 00:00:06 KST",,h8qksx,,hyunchul0221.jung@samsung.com,HQ-Gumi,100.0,F971NKSU3AZIK,,,SM-F971N,PHONE,"2026-09-29 21:00:00 KST",false,,No,SM8850,,SRI-N
6345758936924160,Regular,Rejected,MR,false,samsung/a18mxx/a18m:17/CP2A.260605.016/A185GXXU1AZI4_OWO1AZI5:user/release-keys,"CHE,CHL,CHO,CHT,XME","Chile,Malaysia",paulo.cunha@samsung.com,googleapproval.sidia@samsung.com,"2026-09-29 06:31:51 KST","2026-10-06 05:44:21 KST","2026-10-06 05:44:21 KST",,,a18mxx,2026-09-05,thiago.silva@samsung.com,SIDIA,100.0,A185GXXU1AZI4,A185GXXU1AZI4,A185GOWO1AZI5,SM-A185G,PHONE,"2026-09-30 04:30:00 KST",false,VARIANT,No,MT6789V/CD,,SIDIA
5352892051750912,Regular,Approved,MR,false,samsung/a14ubm/a14:15/AP3A.240905.015.A2/A145MBUBUFDZI3:user/release-keys,GTO,Guatemala,jonathan.g@samsung.com,googleapproval.sidia@samsung.com,"2026-09-29 03:37:24 KST","2026-09-30 23:36:48 KST","2026-09-29 23:54:50 KST","2026-09-30 23:36:48 KST",,a14ubm,2026-08-05,hudson.franca@samsung.com,SIDIA,100.0,A145MBUBUFDZI3,A145MBUBUFDZI3,A145MBOWOFDZI3,SM-A145MB,PHONE,"2026-09-29 08:30:00 KST",false,FULL,Yes,"Exynos 850",,SIDIA
6574614289580032,Regular,Obsolete,MR,false,samsung/a07xx/a07:17/CP2A.260605.016/A075FXXU7DZI4_ODM7DZI4:user/release-keys,NPB,Nepal,d.khantwal@samsung.com,srin-pregba@samsung.com,"2026-09-28 21:41:29 KST","2026-10-01 11:35:57 KST","2026-09-29 17:02:46 KST",,,a07xx,2026-07-05,sharik.a@samsung.com,SRI-Noida,Reviewing,A075FXXU7DZI4,A075FXXU7DZI3,A075FODM7DZI4,SM-A075F,PHONE,"2026-09-29 20:00:00 KST",false,FULL,No,MT6789V/CD,,SRI-N
6411917572964352,Regular,Approved,MR,false,samsung/e1qxins/e1q:17/CP2A.260605.016/S921EXXU3DZIF:user/release-keys,INS,India,ruchi.joshi@samsung.com,srin-pregba@samsung.com,"2026-09-28 21:23:48 KST","2026-10-01 21:00:14 KST","2026-09-30 18:07:22 KST","2026-10-01 21:00:14 KST",,e1qxins,2026-09-05,tarun.lohia@samsung.com,SRI-Noida,100.0,S921EXXU3DZIF,S921EXXU3DZIF,S921EOXM3DZIF,SM-S921E,PHONE,"2026-09-29 20:00:00 KST",false,VARIANT,Yes,SM8650,,SRI-N
6518374377193472,Regular,Approved,LR,false,samsung/a15nsxx/a15:17/CP2A.260605.016/A155FXXUCFZI4:user/release-keys,XME,Malaysia,khanh.toan@samsung.com,srv.gba@samsung.com,"2026-09-28 21:10:07 KST","2026-10-01 13:36:24 KST","2026-09-30 18:33:02 KST","2026-10-01 13:36:24 KST",,a15nsxx,2026-09-05,hieu.ld1@samsung.com,SRV,100.0,A155FXXUCFZI4,A155FXXUCFZI4,A155FOLMCFZI4,SM-A155F,PHONE,"2026-10-07 23:30:00 KST",false,FULL,Yes,MT6789V/CD,SP,SRV
4986742465888256,SMR,Approved,SMR,,samsung/xcoverpro2ue/xcoverpro2:16/BP2A.250605.031.A3/G736U1UESCGZI3:user/release-keys,"ACG,AIO,ATC,ATT,CCT,CHA,DSA,DSH,FKR,LRA,TFV,TMB,TMK,USC,VZW,XAA,XAG,XAR","United States",approval.se@samsung.com,srin-pregba@samsung.com,"2026-09-28 20:38:58 KST","2026-09-29 05:37:06 KST","2026-09-28 21:09:02 KST","2026-09-29 05:37:06 KST",,xcoverpro2ue,2026-09-05,kanav.sareen@samsung.com,SRI-Noida,100.0,G736U1UESCGZI3,G736U1UESCGZI3,G736U1OYMCGZI3,SM-G736U1,PHONE,,false,,Yes,SM7325,,SRI-N
6452547711926272,Regular,Approved,MR,false,samsung/a35xks/a35x:17/CP2A.260605.016/A356NKSUAEZI6:user/release-keys,"SKC,KTC,LUC,KOO",Korea,umesh.k@samsung.com,sujin7.yang@samsung.com,"2026-09-28 20:32:35 KST","2026-09-29 14:36:32 KST","2026-09-29 14:06:22 KST","2026-09-29 14:36:32 KST",,a35xks,2026-09-05,jkmanse@samsung.com,HQ-Suwon,100.0,A356NKSUAEZI6,A356NKOUAEZI6,A356NOKRAEZI6,SM-A356N,PHONE,"2026-09-29 20:00:00 KST",false,FULL,Yes,s5e8835,,SRI-N
4826721581006848,SMR,Approved,SMR,,samsung/q6qxins/q6q:16/BP4A.251205.006/F956BXXS4DZI1:user/release-keys,INS,India,approval.se@samsung.com,srin-pregba@samsung.com,"2026-09-28 20:31:03 KST","2026-09-28 21:35:43 KST","2026-09-28 21:19:27 KST","2026-09-28 21:35:43 KST",,q6qxins,2026-09-05,arshi.m@samsung.com,SRI-Noida,100.0,F956BXXS4DZI1,F956BXXS4DZE1,F956BOXM4DZE1,SM-F956B,PHONE,"2026-09-29 17:30:00 KST",false,,Yes,SM8650,,SRI-N
6546873632686080,SMR,Approved,SMR,,samsung/q6qxxx/q6q:16/BP4A.251205.006/F956BXXS4DZI1:user/release-keys,"BNG,NPB,SLK","Bangladesh,Nepal,Sri Lanka",approval.se@samsung.com,srin-pregba@samsung.com,"2026-09-28 20:30:58 KST","2026-09-28 21:36:47 KST","2026-09-28 21:29:00 KST","2026-09-28 21:36:47 KST",,q6qxxx,2026-09-05,arshi.m@samsung.com,SRI-Noida,100.0,F956BXXS4DZI1,F956BXXS4DZE1,F956BOXM4DZE1,SM-F956B,PHONE,"2026-09-29 17:30:00 KST",false,,Yes,SM8650,,SRI-N
4739628099960832,Regular,Approved,MR,false,samsung/r12suew/r12s:17/CP2A.260605.016/S721U1UEUEEZIF:user/release-keys,"ACG,AIO,ATC,ATT,CCT,CHA,DSA,DSG,DSH,FKR,LRA,TFN,TMB,XAR,XAA,TMK,USC,VZW,XAG","United States",priyanka.l@samsung.com,srin-pregba@samsung.com,"2026-09-28 20:20:05 KST","2026-09-29 18:36:35 KST","2026-09-29 18:26:49 KST","2026-09-29 18:36:35 KST",,r12suew,2026-09-05,punit.pathak@samsung.com,SRI-Noida,100.0,S721U1UEUEEZIF,S721U1UEUEEZIF,S721U1OYMEEZIF,SM-S721U1,PHONE,"2026-09-29 20:30:00 KST",false,FULL,Yes,s5e9945,,SRI-N
4892852836630528,Regular,Approved,MR,false,samsung/a33xnndxx/a33x:16/BP2A.250605.031.A3/A336EDXUKGZI3:user/release-keys,XXV,Vietnam,r1.rawat@samsung.com,srin-pregba@samsung.com,"2026-09-28 20:13:45 KST","2026-09-29 15:01:35 KST","2026-09-29 14:49:31 KST","2026-09-29 15:01:35 KST",,a33xnndxx,2026-08-05,arshi.m@samsung.com,SRI-Noida,100.0,A336EDXUKGZI3,A336EDXUKGZI3,A336EOLMKGZI3,SM-A336E,PHONE,"2026-09-29 20:00:00 KST",false,VARIANT,Yes,S5E8825,,SRI-N
4611377859919872,Regular,Approved,MR,false,samsung/b5qsqw/b5q:17/CP2A.260605.016/F731USQU8HZIH:user/release-keys,"ASR,ATT,TMB,TMK,USC,VZW,XAA,CCT,CHA","United States",umesh.k@samsung.com,srin-pregba@samsung.com,"2026-09-28 20:06:58 KST","2026-09-29 15:01:24 KST","2026-09-29 14:52:24 KST","2026-09-29 15:01:24 KST",,b5qsqw,2026-09-05,mittal.atul@samsung.com,SRI-Noida,100.0,F731USQU8HZIH,F731USQU8HZIH,F731UOYN8HZIH,SM-F731U,PHONE,"2026-09-29 20:00:00 KST",false,FULL,Yes,SM8550,,SRI-N
4921592576737280,SimpleException,Approved,MR,,samsung/a57xzh/a57x:17/CP2A.260605.016/A5760ZHU6BZIE_TGY6BZIE:user/release-keys,TGY,"Hong Kong",bhaswat.s@samsung.com,ga.srcg@samsung.com,"2026-09-28 20:06:12 KST","2026-09-29 19:16:26 KST","2026-09-29 19:16:26 KST","2026-09-29 19:16:26 KST",,a57xzh,2026-09-05,weijunio.liu@samsung.com,SRC-Guangzhou,100.0,A5760ZHU6BZIE,A5760ZCU6BZIF,A5760TGY6BZIE,SM-A5760,PHONE,,false,,No,"S5E8865(Exynos 1680)",,SRI-N
4818106749026304,Regular,Approved,MR,false,samsung/e1qxxx/e1q:17/CP2A.260605.016/S921EXXU3DZIF:user/release-keys,NPB,Nepal,umesh.k@samsung.com,srin-pregba@samsung.com,"2026-09-28 20:05:03 KST","2026-09-30 18:35:20 KST","2026-09-30 18:07:03 KST","2026-09-30 18:35:20 KST",,e1qxxx,2026-09-05,tarun.lohia@samsung.com,SRI-Noida,100.0,S921EXXU3DZIF,S921EXXU3DZIF,S921EOXM3DZIF,SM-S921E,PHONE,"2026-09-29 20:00:00 KST",false,FULL,Yes,SM8650,,SRI-N
5702448702554112,Vendor,Approved,,false,samsung/a35xks/a35x:13/TP1A.220624.014/A356NKSUAEZI6:user/release-keys,,,umesh.k@samsung.com,ga1.sec@samsung.com,"2026-09-28 20:04:49 KST","2026-09-29 16:00:02 KST","2026-09-29 14:03:01 KST","2026-09-29 16:00:02 KST",,a35xks,,jkmanse@samsung.com,HQ-Suwon,100.0,A356NKSUAEZI6,,,SM-A356N,PHONE,"2026-09-29 19:00:00 KST",false,,No,s5e8835,,SRI-N
4649601290469376,SMR,Approved,SMR,,samsung/r14ssqw/r14s:17/CP2A.260605.016/S741USQS2AZI7_OYN2AZI7:user/release-keys,"AIO,ATT,CCT,CHA,DSA,DSG,DSH,SPT,TFN,TMB,TMK,VZW,XAA,XMT","United States",approval.se@samsung.com,ga1.sec@samsung.com,"2026-09-28 20:04:10 KST","2026-09-29 10:35:28 KST","2026-09-28 20:49:06 KST","2026-09-29 10:35:28 KST",,r14ssqw,2026-10-05,cjs88822@samsung.com,HQ-Suwon,100.0,S741USQS2AZI7,S741USQS2AZI7,S741UOYN2AZI7,SM-S741U,PHONE,"2026-09-29 17:30:00 KST",false,,Yes,s5e9955,,SRI-N
6443647684050944,Regular,Verified,MR,false,samsung/a55xnstur/a55x:17/CP2A.260605.016/A556EXXUIEZI7:user/release-keys,TUR,"Turkey,Türkiye",khanh.toan@samsung.com,srv.gba@samsung.com,"2026-09-28 20:02:17 KST","2026-09-29 14:54:28 KST","2026-09-29 14:54:28 KST",,,a55xnstur,2026-09-05,chien.ngoc@samsung.com,SRV,100.0,A556EXXUIEZI7,A556EXXUIEZI7,A556EOXEIEZI7,SM-A556E,PHONE,"2026-09-29 19:30:00 KST",false,VARIANT,No,s5e8845,,SRV
6148401867784192,Regular,Rejected,MR,false,samsung/a55xnsser/a55x:17/CP2A.260605.016/A556EXXUIEZI7:user/release-keys,SER,"Belarus,Russia",ly.ltt@samsung.com,srv.gba@samsung.com,"2026-09-28 20:02:09 KST","2026-10-05 13:12:22 KST","2026-10-05 13:12:22 KST",,,a55xnsser,2026-09-05,chien.ngoc@samsung.com,SRV,100.0,A556EXXUIEZI7,A556EXXUIEZI7,A556EOXEIEZI7,SM-A556E,PHONE,"2026-09-29 19:30:00 KST",false,VARIANT,No,s5e8845,,SRV
5994072150114304,SMR,Approved,SMR,,samsung/h8qkdiw/h8q:17/CP2A.260605.016/SCG41KDS1AZIJ_QDI1AZIJ:user/release-keys,"KDI,SJP",Japan,bhawna.s1@samsung.com,suwonga2.sec@samsung.com,"2026-09-28 19:50:03 KST","2026-09-29 13:37:06 KST","2026-09-29 13:08:55 KST","2026-09-29 13:37:06 KST",,h8qkdiw,2026-10-05,youngjune.jang@samsung.com,HQ-Suwon2,100.0,SCG41KDS1AZIJ,SCG41KDS1AZIJ,SCG41QDI1AZIJ,SCG41,PHONE,"2026-09-29 17:30:00 KST",false,,Yes,SM8850,,SRI-N
5821539555737600,SMR,Approved,SMR,,samsung/b8qkdix/b8q:17/CP2A.260605.016/SCG40KDS1AZIJ_QDI1AZIJ:user/release-keys,"KDI,SJP",Japan,d.khantwal@samsung.com,suwonga2.sec@samsung.com,"2026-09-28 19:44:22 KST","2026-09-29 14:01:45 KST","2026-09-29 13:40:38 KST","2026-09-29 14:01:08 KST",,b8qkdix,2026-10-05,is.shim@samsung.com,HQ-Suwon2,100.0,SCG40KDS1AZIJ,SCG40KDS1AZIJ,SCG40QDI1AZIJ,SCG40,PHONE,,false,,Yes,SM8850,,SRI-N
6393057163608064,SafetyNet,Approved,,,samsung/a35xeea/a35x:17/CP2A.260605.016/A356BXXUCEZI7:user/release-keys,,,,srv.gba@samsung.com,"2026-09-28 19:35:56 KST","2026-09-28 19:36:09 KST",,"2026-09-28 19:36:09 KST",,a35xeea,2026-10-05,thinh.dong@samsung.com,SRV,100.0,,,,SM-A356B,,,false,,No,s5e8835,,
5987178996039680,SafetyNet,Approved,,,samsung/a35xxx/a35x:17/CP2A.260605.016/A356BXXUCEZI7:user/release-keys,,,,srv.gba@samsung.com,"2026-09-28 19:35:30 KST","2026-09-28 19:35:43 KST",,"2026-09-28 19:35:43 KST",,a35xxx,2026-10-05,thinh.dong@samsung.com,SRV,100.0,,,,SM-A356B,,,false,,No,s5e8835,,
5079368737226752,NormalException,Approved,MR,false,samsung/a53xnsxx/a53x:16/BP2A.250605.031.A3/A536EXXUOGZI3:user/release-keys,"BKD,INS,NPB,SLK","Bangladesh,India,Nepal,Sri Lanka",akansha.s1@samsung.com,srin-pregba@samsung.com,"2026-09-28 19:33:14 KST","2026-09-29 17:32:37 KST","2026-09-29 17:32:37 KST","2026-09-29 17:32:37 KST",,a53xnsxx,2026-08-05,thang.ho@samsung.com,SRI-Noida,100.0,A536EXXUOGZI3,A536EXXUOGZI1,A536EODMOGZI3,SM-A536E,PHONE,"2026-09-29 18:30:00 KST",false,FULL,No,S5E8825,,SRI-N
6565347025223680,Regular,Approved,LR,false,samsung/gts9pkxx/gts9p:17/CP2A.260605.016/X816NKOU6FZI3:user/release-keys,KOO,Korea,umesh.k@samsung.com,suwonga2.sec@samsung.com,"2026-09-28 19:33:00 KST","2026-10-01 22:02:10 KST","2026-10-01 21:38:41 KST","2026-10-01 22:02:10 KST","2026-09-30 13:26:17 KST",gts9pkxx,2026-09-05,jb3366.lee@samsung.com,HQ-Suwon2,100.0,X816NKOU6FZI3,X816NKOU6FZI1,X816NKOO6FZI3,SM-X816N,TABLET,"2026-10-07 23:30:00 KST",false,FULL,Yes,SM8550,LD,SRI-N
4819977945481216,Regular,Approved,MR,false,samsung/gts11uzc/gts11u:17/CP2A.260605.016/X936CZCU9CZI4_CHC9CZI4:user/release-keys,CHC,China,umesh.k@samsung.com,ga.srcg@samsung.com,"2026-09-28 19:22:20 KST","2026-09-29 14:36:03 KST","2026-09-29 13:54:41 KST","2026-09-29 14:36:03 KST",,gts11uzc,2026-08-05,peng.zhou@samsung.com,SRC-Guangzhou,100.0,X936CZCU9CZI4,X936CZCU9CZI4,X936CCHC9CZI4,SM-X936C,TABLET,"2026-09-29 20:00:00 KST",false,FULL,Yes,MT6991,,SRI-N
6164333243662336,SafetyNet,Approved,,,samsung/a27xqxx/a27xq:17/CP2A.260605.016/A276BXXU3BZIF_OXM3BZIF:user/release-keys,,,,ga1.sec@samsung.com,"2026-09-28 19:12:12 KST","2026-09-28 19:12:25 KST",,"2026-09-28 19:12:25 KST",,a27xqxx,2026-09-05,ga1.sec@samsung.com,HQ-Suwon,100.0,,,,SM-A276B,,,false,,No,SM6475,,
5991404035899392,Vendor,Approved,,false,samsung/b5qsqw/b5q:13/TP1A.220624.014/F731USQU8HZIH:user/release-keys,,,umesh.k@samsung.com,srin-pregba@samsung.com,"2026-09-28 19:10:57 KST","2026-09-29 16:00:03 KST","2026-09-29 14:48:22 KST","2026-09-29 16:00:03 KST",,b5qsqw,,mittal.atul@samsung.com,SRI-Noida,100.0,F731USQU8HZIH,,,SM-F731U,PHONE,"2026-09-29 19:00:00 KST",false,,No,SM8550,,SRI-N
5984197315657728,Regular,Approved,LR,false,samsung/SC-54F/SC-54F:17/CP2A.260605.016/SC54FOMU1DZHC_QCM1DZHC:user/release-keys,DCM,Japan,khanh.toan@samsung.com,suwonga2.sec@samsung.com,"2026-09-28 19:05:04 KST","2026-10-02 11:00:52 KST","2026-10-02 10:53:10 KST","2026-10-02 11:00:52 KST","2026-09-29 18:18:37 KST",SC-54F,2026-08-05,jinyoung.chon@samsung.com,HQ-Suwon2,100.0,SC54FOMU1DZHC,SC54FOMU1DZHC,SC54FQCM1DZHC,SC-54F,PHONE,"2026-10-07 23:30:00 KST",false,FULL,Yes,SM6475,LD,SRV
6310957655785472,SafetyNet,Approved,,,samsung/a27xqeea/a27xq:17/CP2A.260605.016/A276BXXU3BZIF_OXM3BZIF:user/release-keys,,,,ga1.sec@samsung.com,"2026-09-28 19:04:03 KST","2026-09-28 19:04:16 KST",,"2026-09-28 19:04:16 KST",,a27xqeea,2026-09-05,ga1.sec@samsung.com,HQ-Suwon,100.0,,,,SM-A276B,,,false,,No,SM6475,,
6344859577483264,SMR,Approved,SMR,,samsung/b8qzhx/b8q:17/CP2A.260605.016/F7760ZSS3AZIJ_OZS3AZIJ:user/release-keys,"BRI,TGY","Taiwan,Hong Kong",approval.se@samsung.com,suwonga2.sec@samsung.com,"2026-09-28 19:03:09 KST","2026-09-29 05:35:47 KST","2026-09-28 19:48:59 KST","2026-09-29 05:35:47 KST",,b8qzhx,2026-10-05,dragonkim@samsung.com,HQ-Suwon2,100.0,F7760ZSS3AZIJ,F7760ZCU3AZI1,F7760OZS3AZIJ,SM-F7760,PHONE,"2026-09-29 17:30:00 KST",false,,Yes,SM8850,,SRI-N
5424402015715328,Regular,Approved,LR,false,samsung/gtact5prowifixx/gtact5prowifi:17/CP2A.260605.016/X350XXUBDZI9_OXMBDZI9:user/release-keys,EUY,"Ukraine,Serbia",tu.nv1@samsung.com,srv.gba@samsung.com,"2026-09-28 19:02:52 KST","2026-10-03 08:36:43 KST","2026-10-02 20:33:08 KST","2026-10-03 08:36:43 KST",,gtact5prowifixx,2026-09-05,hieu.tr1@samsung.com,SRV,100.0,X350XXUBDZI9,,X350OXMBDZI9,SM-X350,TABLET,"2026-10-05 23:30:00 KST",false,FULL,Yes,SM7635,LB,SRV
5882858266951680,Vendor,Approved,,false,samsung/SC-54F/SC-54F:15/AP3A.240905.015.A2/SC54FOMU1DZHC:user/release-keys,,,ruchi.joshi@samsung.com,suwonga2.sec@samsung.com,"2026-09-28 19:01:37 KST","2026-10-02 16:00:03 KST","2026-09-29 18:16:43 KST","2026-10-02 16:00:03 KST",,SC-54F,,jinyoung.chon@samsung.com,HQ-Suwon2,100.0,SC54FOMU1DZHC,,,SC-54F,PHONE,"2026-09-29 19:00:00 KST",false,,No,SM6475,,SRI-N
6462307169468416,Vendor,Approved,,false,samsung/gts11uzc/gts11u:15/AP3A.240905.015.A2/X936CZCU9CZI4:user/release-keys,,,umesh.k@samsung.com,ga.srcg@samsung.com,"2026-09-28 19:01:02 KST","2026-09-29 16:00:03 KST","2026-09-29 13:53:36 KST","2026-09-29 16:00:03 KST",,gts11uzc,,peng.zhou@samsung.com,SRC-Guangzhou,100.0,X936CZCU9CZI4,,,SM-X936C,TABLET,"2026-09-29 19:00:00 KST",false,,No,MT6991,,SRI-N
6624722733498368,SMR,Approved,SMR,,samsung/m3qzhx/m3q:17/CP2A.260605.016/S9480ZHS4BZIG_OZS4BZIG:user/release-keys,"BRI,TGY","Taiwan,Hong Kong",approval.se@samsung.com,suwonga2.sec@samsung.com,"2026-09-28 19:00:46 KST","2026-09-29 05:36:37 KST","2026-09-28 19:59:01 KST","2026-09-29 05:36:37 KST",,m3qzhx,2026-10-05,stonlhg@samsung.com,HQ-Suwon2,100.0,S9480ZHS4BZIG,S9480ZCS4BZIE,S9480OZS4BZIG,SM-S9480,PHONE,"2026-09-29 17:30:00 KST",false,,Yes,SM8850,,SRI-N
4653015151935488,Vendor,Approved,,false,samsung/gtact5prowifixx/gtact5prowifi:14/UP1A.231005.007/X350XXUBDZI9:user/release-keys,,,tu.nv1@samsung.com,srv.gba@samsung.com,"2026-09-28 19:00:45 KST","2026-10-03 16:00:03 KST","2026-10-02 20:30:56 KST","2026-10-03 16:00:03 KST",,gtact5prowifixx,,hieu.tr1@samsung.com,SRV,100.0,X350XXUBDZI9,,,SM-X350,TABLET,"2026-09-29 18:30:00 KST",false,,No,SM7635,,SRV
4841783964205056,Regular,Approved,LR,false,samsung/a16nsxx/a16:17/CP2A.260605.016/A165FXXUBEZI7:user/release-keys,XXV,Vietnam,thuynga.dt@samsung.com,srv.gba@samsung.com,"2026-09-28 18:53:37 KST","2026-09-30 11:36:26 KST","2026-09-29 13:38:40 KST","2026-09-30 11:36:26 KST",,a16nsxx,2026-09-05,dat.tien@samsung.com,SRV,100.0,A165FXXUBEZI7,A165FXXUBEZI7,A165FOLMBEZI7,SM-A165F,PHONE,"2026-10-05 23:30:00 KST",false,FULL,Yes,MT6789V/CD,SP,SRV
4634066997739520,SMR,Approved,SMR,,samsung/q8qsqw/q8q:17/CP2A.260605.016/F976USQS3AZIL_OYN3AZIL:user/release-keys,"ATT,CCT,CHA,SPT,TMB,TMK,VZW,XAA,XMT","United States",approval.se@samsung.com,ga1.sec@samsung.com,"2026-09-28 18:48:54 KST","2026-09-29 08:35:27 KST","2026-09-28 19:59:25 KST","2026-09-29 08:35:27 KST",,q8qsqw,2026-10-05,bwkim4u.kim@samsung.com,HQ-Suwon,100.0,F976USQS3AZIL,F976USQS3AZIL,F976UOYN3AZIL,SM-F976U,PHONE,"2026-09-29 17:30:00 KST",false,,Yes,SM8850,,SRI-N
4833018875478016,Regular,Pending,MR,false,samsung/a56xcs/a56x:17/CP2A.260605.016/A566WVLUBDZIE_OYVBDZIE:user/release-keys,"ESK,TBT,TLS,RWC,VTR,GLW,XAC,KDO,FMC,PMB,CHR,FIZ",Canada,ruchi.joshi@samsung.com,srin-pregba@samsung.com,"2026-09-28 18:46:02 KST","2026-09-30 15:44:20 KST",,,,a56xcs,2026-09-05,manisha.g1@samsung.com,SRI-Noida,Reviewing,A566WVLUBDZIE,A566WVLUBDZIE,A566WOYVBDZIE,SM-A566W,PHONE,"2026-09-29 20:30:00 KST",false,FULL,No,s5e8855,,SRI-N
4887880371798016,SMR,Approved,SMR,,samsung/m1qzhx/m1q:17/CP2A.260605.016/S9420ZHS4BZIG_OZS4BZIG:user/release-keys,"BRI,TGY","Taiwan,Hong Kong",approval.se@samsung.com,suwonga2.sec@samsung.com,"2026-09-28 18:38:11 KST","2026-09-29 05:36:13 KST","2026-09-28 19:19:01 KST","2026-09-29 05:36:13 KST",,m1qzhx,2026-10-05,stonlhg@samsung.com,HQ-Suwon2,100.0,S9420ZHS4BZIG,S9420ZCS4BZIE,S9420OZS4BZIG,SM-S9420,PHONE,"2026-09-29 17:30:00 KST",false,,Yes,SM8850,,SRI-N
6388840042594304,SMR,Approved,SMR,,samsung/b8qsqw/b8q:17/CP2A.260605.016/F776USQS3AZIL_OYN3AZIL:user/release-keys,"ATT,CCT,CHA,SPT,TMB,TMK,VZW,XAA,XMT","United States",approval.se@samsung.com,ga1.sec@samsung.com,"2026-09-28 18:25:35 KST","2026-09-29 20:35:22 KST","2026-09-28 19:19:36 KST","2026-09-29 20:35:22 KST",,b8qsqw,2026-10-05,jh052.lee@samsung.com,HQ-Suwon,100.0,F776USQS3AZIL,F776USQS3AZIL,F776UOYN3AZIL,SM-F776U,PHONE,"2026-09-29 17:30:00 KST",false,,Yes,SM8850,,SRI-N
5857859611131904,Regular,Approved,LR,false,samsung/gts9ukxx/gts9u:17/CP2A.260605.016/X916NKOU6FZI3:user/release-keys,KOO,Korea,priyanka.l@samsung.com,suwonga2.sec@samsung.com,"2026-09-28 18:14:13 KST","2026-10-02 09:36:29 KST","2026-10-01 20:11:07 KST","2026-10-02 09:36:29 KST","2026-09-30 15:35:49 KST",gts9ukxx,2026-09-05,shcho99@samsung.com,HQ-Suwon2,100.0,X916NKOU6FZI3,X916NKOU6FZI1,X916NKOO6FZI3,SM-X916N,TABLET,"2026-10-07 23:30:00 KST",false,FULL,Yes,SM8550,LD,SRI-N
4748043283070976,Vendor,Approved,,false,samsung/gts9ukxx/gts9u:13/TP1A.220624.014/X916NKOU6FZI3:user/release-keys,,,priyanka.l@samsung.com,suwonga2.sec@samsung.com,"2026-09-28 18:12:01 KST","2026-10-02 16:00:03 KST","2026-09-30 15:32:31 KST","2026-10-02 16:00:03 KST",,gts9ukxx,,shcho99@samsung.com,HQ-Suwon2,100.0,X916NKOU6FZI3,,,SM-X916N,TABLET,"2026-09-29 19:00:00 KST",false,,No,SM8550,,SRI-N
4968090094010368,Regular,Approved,MR,true,samsung/SCG35_jp_kdi/SCG35:17/CP2A.260605.016/SCG35KDU1CZIH_QDI1CZIH:user/release-keys,"SJP,KDI",Japan,d2.kumar@samsung.com,ym2005.park@samsung.com,"2026-09-28 18:09:28 KST","2026-09-29 05:37:00 KST","2026-09-28 19:38:08 KST","2026-09-29 05:37:00 KST",,SCG35_jp_kdi,2026-09-05,youngjune.jang@samsung.com,HQ-Suwon2,100.0,SCG35KDU1CZIH,SCG35KDU1CZIH,SCG35QDI1CZIH,SCG35,PHONE,,false,FULL,Yes,s5e9955,,SRI-N
4559252693975040,Regular,Approved,MR,false,samsung/a36xqzh/a36xq:17/CP2A.260605.016/A3660ZHUADZID_OZSADZID:user/release-keys,"BRI,TGY","Taiwan,Hong Kong",ruchi.joshi@samsung.com,ga.srcg@samsung.com,"2026-09-28 18:08:03 KST","2026-09-29 13:36:23 KST","2026-09-29 13:00:36 KST","2026-09-29 13:36:23 KST",,a36xqzh,2026-09-05,yinbo.xie@samsung.com,SRC-Guangzhou,100.0,A3660ZHUADZID,A3660ZHUADZID,A3660OZSADZID,SM-A3660,PHONE,"2026-09-29 20:00:00 KST",false,FULL,Yes,SM6475,,SRI-N
6516202465918976,Regular,Approved,LR,false,samsung/a26xser/a26x:17/CP2A.260605.016/A266BXXUCDZI3_OXMCDZI3:user/release-keys,"SER,SKZ","Belarus,Russia,Kazakhstan",vuong.hue@samsung.com,srv.gba@samsung.com,"2026-09-28 18:04:39 KST","2026-09-30 08:36:02 KST","2026-09-29 10:45:25 KST","2026-09-30 08:36:02 KST",,a26xser,2026-09-05,hieu.luong@samsung.com,SRV,100.0,A266BXXUCDZI3,A266BXXUCDZI3,A266BOXMCDZI3,SM-A266B,PHONE,"2026-10-07 23:30:00 KST",false,VARIANT,Yes,s5e8835,SP,SRV
6048727957766144,SMR,Approved,SMR,,samsung/h8qsqw/h8q:17/CP2A.260605.016/F971USQS3AZIL_OYN3AZIL:user/release-keys,"AIO,ATT,CCT,CHA,SPT,TMB,TMK,VZW,XAA,XMT","United States",approval.se@samsung.com,ga1.sec@samsung.com,"2026-09-28 18:02:58 KST","2026-09-29 17:01:26 KST","2026-09-28 18:49:06 KST","2026-09-29 17:01:26 KST",,h8qsqw,2026-10-05,cspark7@samsung.com,HQ-Suwon,100.0,F971USQS3AZIL,F971USQS3AZIL,F971UOYN3AZIL,SM-F971U,PHONE,"2026-09-29 17:30:00 KST",false,,Yes,SM8850,,SRI-N
6688492327534592,SMR,Approved,SMR,,samsung/h8qsbmw/h8q:17/CP2A.260605.016/F971ZSCS1AZIJ_QBM1AZIJ:user/release-keys,"SBM,SJP",Japan,deeksha.s@samsung.com,suwonga2.sec@samsung.com,"2026-09-28 17:59:54 KST","2026-09-29 20:01:53 KST","2026-09-29 19:51:39 KST","2026-09-29 20:01:53 KST",,h8qsbmw,2026-10-05,sungheelee@samsung.com,HQ-Suwon2,100.0,F971ZSCS1AZIJ,F971ZSCS1AZIJ,F971ZQBM1AZIJ,SM-F971Z,PHONE,"2026-09-29 17:30:00 KST",false,,Yes,SM8850,,SRI-N
5080367451340800,Regular,Approved,MR,false,samsung/b7sjpnx/b7s:17/CP2A.260605.016/F766QOPU1CZIH_SJP1CZIH:user/release-keys,SJP,Japan,ruchi.joshi@samsung.com,suwonga2.sec@samsung.com,"2026-09-28 17:59:15 KST","2026-09-29 14:35:09 KST","2026-09-29 13:36:47 KST","2026-09-29 14:35:09 KST",,b7sjpnx,2026-09-05,is.shim@samsung.com,HQ-Suwon2,100.0,F766QOPU1CZIH,F766QOPU1CZIH,F766QSJP1CZIH,SM-F766Q,PHONE,"2026-09-29 20:00:00 KST",false,FULL,Yes,s5e9955,,SRI-N
6045232861020160,Regular,Approved,MR,true,samsung/SCG34_jp_kdi/SCG34:17/CP2A.260605.016/SCG34KDU1CZIH_QDI1CZIH:user/release-keys,"KDI,SJP",Japan,akansha.s1@samsung.com,suwonga2.sec@samsung.com,"2026-09-28 17:56:31 KST","2026-09-29 05:36:44 KST","2026-09-28 19:43:04 KST","2026-09-29 05:36:44 KST",,SCG34_jp_kdi,2026-09-05,youngjune.jang@samsung.com,HQ-Suwon2,100.0,SCG34KDU1CZIH,SCG34KDU1CZIH,SCG34QDI1CZIH,SCG34,PHONE,"2026-09-29 20:00:00 KST",false,FULL,Yes,SM8750,,SRI-N
4574437819285504,Vendor,Approved,,false,samsung/b7sjpnx/b7s:15/AP3A.240905.015.A2/F766QOPU1CZIH:user/release-keys,,,ruchi.joshi@samsung.com,suwonga2.sec@samsung.com,"2026-09-28 17:55:54 KST","2026-09-29 16:00:03 KST","2026-09-29 13:34:52 KST","2026-09-29 16:00:03 KST",,b7sjpnx,,is.shim@samsung.com,HQ-Suwon2,100.0,F766QOPU1CZIH,,,SM-F766Q,PHONE,"2026-09-29 19:00:00 KST",false,,No,s5e9955,,SRI-N
5325621626667008,SMR,Approved,SMR,,samsung/q8qzhx/q8q:17/CP2A.260605.016/F9760ZSS3AZIJ_OZS3AZIJ:user/release-keys,"BRI,TGY","Taiwan,Hong Kong",approval.se@samsung.com,suwonga2.sec@samsung.com,"2026-09-28 17:52:33 KST","2026-09-29 05:36:28 KST","2026-09-28 18:59:06 KST","2026-09-29 05:36:28 KST",,q8qzhx,2026-10-05,chulhee.woo@samsung.com,HQ-Suwon2,100.0,F9760ZSS3AZIJ,F9760ZCU3AZI1,F9760OZS3AZIJ,SM-F9760,PHONE,"2026-09-29 17:30:00 KST",false,,Yes,SM8850,,SRI-N
5466305629257728,Vendor,Approved,,false,samsung/a36xqzh/a36xq:15/AP3A.240905.015.A2/A3660ZHUADZID:user/release-keys,,,ruchi.joshi@samsung.com,ga.srcg@samsung.com,"2026-09-28 17:42:50 KST","2026-09-29 16:00:03 KST","2026-09-29 12:58:59 KST","2026-09-29 16:00:03 KST",,a36xqzh,,yinbo.xie@samsung.com,SRC-Guangzhou,100.0,A3660ZHUADZID,,,SM-A3660,PHONE,"2026-09-29 19:00:00 KST",false,,No,SM6475,,SRI-N
5284723941441536,SMR,Approved,SMR,,samsung/q8qsbmw/q8q:17/CP2A.260605.016/F976ZSCS1AZIJ_QBM1AZIJ:user/release-keys,"SBM,SJP",Japan,umesh.k@samsung.com,suwonga2.sec@samsung.com,"2026-09-28 17:42:00 KST","2026-09-29 13:35:53 KST","2026-09-29 13:29:43 KST","2026-09-29 13:35:53 KST",,q8qsbmw,2026-10-05,youngjune.jang@samsung.com,HQ-Suwon2,100.0,F976ZSCS1AZIJ,F976ZSCS1AZIJ,F976ZQBM1AZIJ,SM-F976Z,PHONE,"2026-09-29 17:30:00 KST",false,,Yes,SM8850,,SRI-N
4570984330035200,SMR,Approved,SMR,,samsung/q8qrktw/q8q:17/CP2A.260605.016/F976CONS1AZIJ_QKT1AZIJ:user/release-keys,"RKT,SJP",Japan,r1.rawat@samsung.com,suwonga2.sec@samsung.com,"2026-09-28 17:41:10 KST","2026-09-29 14:01:44 KST","2026-09-29 13:59:08 KST","2026-09-29 14:01:44 KST",,q8qrktw,2026-10-05,sungheelee@samsung.com,HQ-Suwon2,100.0,F976CONS1AZIJ,F976CONS1AZIJ,F976CQKT1AZIJ,SM-F976C,PHONE,"2026-09-29 17:30:00 KST",false,,Yes,SM8850,,SRI-N
4878897716133888,SKU,Cancelled,MR,false,samsung/a17xeea/a17x:17/CP2A.260605.016/A176BXXU8DZIC_OXM8DZIC:user/release-keys,"TMZ,VGR,CRO,VD2,MAX,HTS,DO2,CNX,ORO,3IE,TPL,ORS,VDC,OPV,VDF,VDI,HUI,AMO,COS,EUX,VOD,TMH,OMN,O2U,XEC,TMS,DTM,TCL,H3G,FTM","Czech Republic,Greece,Slovenia,Croatia,Germany,Austria,Sweden,Romania,Ireland,United Kingdom,Poland,Slovakia,Netherlands,Italy,Spain,Portugal,Iceland,Latvia,Luxembourg,Bulgaria,France,Lithuania,Hungary,Switzerland,Belgium,Norway,Finland,Denmark,Estonia",nam.dt1@samsung.com,srv.gba@samsung.com,"2026-09-28 17:38:18 KST","2026-09-30 18:02:40 KST",,,,a17xeea,2026-09-05,kaeby@samsung.com,SRV,100.0,A176BXXU8DZIC,A176BXXU8DZIC,A176BOXM8DZIC,SM-A176B,PHONE,"2026-09-28 23:30:00 KST",false,VARIANT,No,s5e8535,,SRV
5456865760903168,Vendor,Approved,,false,samsung/SCG34_jp_kdi/SCG34:15/AP3A.240905.015.A2/SCG34KDU1CZIH:user/release-keys,,,akansha.s1@samsung.com,suwonga2.sec@samsung.com,"2026-09-28 17:35:48 KST","2026-09-29 08:00:28 KST","2026-09-28 19:41:50 KST","2026-09-29 08:00:28 KST",,SCG34_jp_kdi,,youngjune.jang@samsung.com,HQ-Suwon2,100.0,SCG34KDU1CZIH,,,SCG34,PHONE,"2026-09-29 19:00:00 KST",false,,No,SM8750,,SRI-N
5534501891735552,Regular,Rejected,LR,false,samsung/gta11pkx/gta11p:17/CP2A.260605.016/X236NKOU7CZI6_KOO7CZI6:user/release-keys,KOO,Korea,akansha.s1@samsung.com,suwonga2.sec@samsung.com,"2026-09-28 17:34:34 KST","2026-10-01 18:53:25 KST","2026-10-01 18:53:25 KST",,,gta11pkx,2026-09-05,jsnake.nam@samsung.com,HQ-Suwon2,100.0,X236NKOU7CZI6,X236NKOU7CZI6,X236NKOO7CZI6,SM-X236N,TABLET,"2026-10-07 23:30:00 KST",false,FULL,No,MT8775,LD,SRI-N
4857008918626304,SMR,Approved,SMR,,samsung/q8qkdiw/q8q:17/CP2A.260605.016/SCG39KDS1AZIJ_QDI1AZIJ:user/release-keys,"KDI,SJP",Japan,priyanka.l@samsung.com,suwonga2.sec@samsung.com,"2026-09-28 17:33:56 KST","2026-09-29 12:36:41 KST","2026-09-29 12:25:37 KST","2026-09-29 12:36:41 KST",,q8qkdiw,2026-10-05,youngjune.jang@samsung.com,HQ-Suwon2,100.0,SCG39KDS1AZIJ,SCG39KDS1AZIJ,SCG39QDI1AZIJ,SCG39,PHONE,"2026-09-29 17:30:00 KST",false,,Yes,SM8850,,SRI-N
4612440830771200,SMR,Approved,SMR,,samsung/b8qjpnx/b8q:17/CP2A.260605.016/F776QOPS1AZIJ_SJP1AZIJ:user/release-keys,SJP,Japan,bhawna.s1@samsung.com,suwonga2.sec@samsung.com,"2026-09-28 17:33:38 KST","2026-09-29 13:35:11 KST","2026-09-29 13:03:34 KST","2026-09-29 13:35:11 KST",,b8qjpnx,2026-10-05,is.shim@samsung.com,HQ-Suwon2,100.0,F776QOPS1AZIJ,F776QOPS1AZIJ,F776QSJP1AZIJ,SM-F776Q,PHONE,"2026-09-29 17:30:00 KST",false,,Yes,SM8850,,SRI-N
5730680696995840,Vendor,Pending,,false,samsung/gta11pkx/gta11p:14/UP1A.231005.007/X236NKOU7CZI6:user/release-keys,,,vishnu.d@samsung.com,suwonga2.sec@samsung.com,"2026-09-28 17:33:29 KST","2026-09-29 20:31:09 KST",,,,gta11pkx,,jsnake.nam@samsung.com,HQ-Suwon2,Reviewing,X236NKOU7CZI6,,,SM-X236N,TABLET,"2026-09-29 19:00:00 KST",false,,No,MT8775,,SRI-N
5075190069592064,Widevine,Approved,,,samsung/gtact6eea/gtact6:17/CP2A.260605.016/X316BXXU0AZI1_OXM0AZI1:user/release-keys,EUX,Germany,phan.hue@samsung.com,phan.hue@samsung.com,"2026-09-28 17:18:07 KST","2026-09-28 17:59:01 KST","2026-09-28 17:59:01 KST","2026-09-28 17:59:01 KST",,gtact6eea,2026-10-05,ej0330.kim@samsung.com,SRV,100.0,,,,SM-X316B,TABLET,,false,,No,SM7635,,SRV
5599936825786368,Vendor,Approved,,false,samsung/gts9fesqw/gts9fe:13/TP1A.220624.014/X518USQUHFZI5:user/release-keys,,,d2.kumar@samsung.com,srin-pregba@samsung.com,"2026-09-28 17:14:44 KST","2026-10-01 00:00:06 KST","2026-09-30 18:23:44 KST","2026-10-01 00:00:06 KST",,gts9fesqw,,rishu.jain@samsung.com,SRI-Noida,100.0,X518USQUHFZI5,,,SM-X518U,TABLET,"2026-09-29 19:00:00 KST",false,,No,s5e8835,,SRI-N
6044526573780992,Vendor,Approved,,false,samsung/SCG35_jp_kdi/SCG35:15/AP3A.240905.015.A2/SCG35KDU1CZIH:user/release-keys,,,d2.kumar@samsung.com,suwonga2.sec@samsung.com,"2026-09-28 17:03:30 KST","2026-09-29 08:00:29 KST","2026-09-28 19:36:17 KST","2026-09-29 08:00:29 KST",,SCG35_jp_kdi,,youngjune.jang@samsung.com,HQ-Suwon2,100.0,SCG35KDU1CZIH,,,SCG35,PHONE,"2026-09-29 19:00:00 KST",false,,No,s5e9955,,SRI-N
5818149350146048,SKU,Approved,MR,false,samsung/a17xxx/a17x:17/CP2A.260605.016/A176BXXU8DZIC_OXM8DZIC:user/release-keys,"EUY,MBM,MSR,TOP","Ukraine,Macedonia,Serbia",huy.dn@samsung.com,srv.gba@samsung.com,"2026-09-28 16:57:39 KST","2026-09-28 18:47:51 KST","2026-09-28 18:47:51 KST","2026-09-28 18:47:51 KST",,a17xxx,2026-09-05,kaeby@samsung.com,SRV,100.0,A176BXXU8DZIC,A176BXXU8DZIC,A176BOXM8DZIC,SM-A176B,PHONE,"2026-09-28 22:00:00 KST",false,VARIANT,No,s5e8535,,SRV
6431687642972160,Vendor,Approved,,false,samsung/a16nsxx/a16:16/BP2A.250605.031.A3/A165FXXUBEZI7:user/release-keys,,,thuynga.dt@samsung.com,srv.gba@samsung.com,"2026-09-28 16:51:46 KST","2026-09-30 16:00:28 KST","2026-09-29 13:32:18 KST","2026-09-30 16:00:28 KST",,a16nsxx,,dat.tien@samsung.com,SRV,100.0,A165FXXUBEZI7,,,SM-A165F,PHONE,"2026-09-28 22:30:00 KST",false,,No,MT6789V/CD,,SRV
5548658103943168,Regular,Approved,LR,false,samsung/a16nstur/a16:17/CP2A.260605.016/A165FXXUBEZI7:user/release-keys,TUR,"Turkey,Türkiye",thuynga.dt@samsung.com,srv.gba@samsung.com,"2026-09-28 16:51:24 KST","2026-09-30 11:36:08 KST","2026-09-29 13:40:38 KST","2026-09-30 11:36:08 KST",,a16nstur,2026-09-05,dat.tien@samsung.com,SRV,100.0,A165FXXUBEZI7,A165FXXUBEZI7,A165FOLMBEZI7,SM-A165F,PHONE,"2026-10-02 23:30:00 KST",false,VARIANT,Yes,MT6789V/CD,SP,SRV
6022149290852352,Regular,Approved,LR,false,samsung/a16nsser/a16:17/CP2A.260605.016/A165FXXUBEZI7:user/release-keys,SER,Russia,thuynga.dt@samsung.com,srv.gba@samsung.com,"2026-09-28 16:51:20 KST","2026-09-30 11:36:00 KST","2026-09-29 13:40:06 KST","2026-09-30 11:36:00 KST",,a16nsser,2026-09-05,dat.tien@samsung.com,SRV,100.0,A165FXXUBEZI7,A165FXXUBEZI7,A165FOLMBEZI7,SM-A165F,PHONE,"2026-10-02 23:30:00 KST",false,VARIANT,Yes,MT6789V/CD,SP,SRV
4548979266420736,Regular,Approved,MR,false,samsung/a26xxx/a26x:17/CP2A.260605.016/A266BXXUCDZI3_OXMCDZI3:user/release-keys,EUY,"Ukraine,Macedonia,Serbia",yen.dt@samsung.com,ga1.sec@samsung.com,"2026-09-28 16:49:20 KST","2026-09-30 01:01:07 KST","2026-09-28 18:02:34 KST","2026-09-30 01:01:07 KST",,a26xxx,2026-09-05,hose.lee@samsung.com,HQ-Suwon,100.0,A266BXXUCDZI3,A266BXXUCDZI3,A266BOXMCDZI3,SM-A266B,PHONE,"2026-09-29 00:00:00 KST",false,FULL,Yes,s5e8835,,SRV
6469370813612032,SKU,Approved,MR,false,samsung/a17xeea/a17x:17/CP2A.260605.016/A176BXXU8DZIC_OXM8DZIC:user/release-keys,"EVR,MOB,EUX,PRT,MOT,SIM,PLS,MEO,TIM,ATL,BOG,VIP,MET,SWC,SFR","United Kingdom,Austria,Portugal,Iceland,Greece,Netherlands,Sweden,Latvia,Luxembourg,Poland,Slovakia,Slovenia,Bulgaria,France,Lithuania,Croatia,Romania,Hungary,Switzerland,Spain,Czech Republic,Belgium,Norway,Finland,Denmark,Italy,Germany,Estonia,Ireland",vuong.hue@samsung.com,srv.gba@samsung.com,"2026-09-28 16:43:47 KST","2026-09-29 19:36:21 KST","2026-09-29 19:36:21 KST","2026-09-29 19:36:21 KST",,a17xeea,2026-09-05,kaeby@samsung.com,SRV,100.0,A176BXXU8DZIC,A176BXXU8DZIC,A176BOXM8DZIC,SM-A176B,PHONE,"2026-09-28 23:30:00 KST",false,VARIANT,No,s5e8535,,SRV
4971694376878080,Vendor,Approved,,false,samsung/a26xxx/a26x:13/TP1A.220624.014/A266BXXUCDZI3:user/release-keys,,,yen.dt@samsung.com,ga1.sec@samsung.com,"2026-09-28 16:42:44 KST","2026-09-30 08:00:03 KST","2026-09-28 17:50:43 KST","2026-09-30 08:00:03 KST",,a26xxx,,hose.lee@samsung.com,HQ-Suwon,100.0,A266BXXUCDZI3,,,SM-A266B,PHONE,"2026-09-28 23:00:00 KST",false,,No,s5e8835,,SRV
5992663803494400,SKU,Pending,MR,false,samsung/a36xqnsxx/a36xq:17/CP2A.260605.016/A366EXXUCDZIC_OXECDZIC:user/release-keys,"CAC,SOZ","Mongolia,Turkmenistan,Kyrgyzstan,Tajikistan,Uzbekistan",tu.nv1@samsung.com,srv.gba@samsung.com,"2026-09-28 16:36:30 KST","2026-09-28 19:11:59 KST",,,,a36xqnsxx,2026-09-05,hung.nguyen1@samsung.com,SRV,Reviewing,A366EXXUCDZIC,A366EXXUCDZIC,A366EOXECDZIC,SM-A366E,PHONE,"2026-09-28 22:00:00 KST",false,VARIANT,No,SM6475,,SRV
5469274928054272,Regular,Approved,LR,false,samsung/a54xskt/a54x:17/CP2A.260605.016/A546SKSUKGZI4:user/release-keys,SKC,Korea,umesh.k@samsung.com,ga1.sec@samsung.com,"2026-09-28 16:14:43 KST","2026-09-30 22:36:04 KST","2026-09-30 22:12:03 KST","2026-09-30 22:36:04 KST","2026-09-28 19:54:58 KST",a54xskt,2026-09-05,kw.kwon@samsung.com,HQ-Suwon,100.0,A546SKSUKGZI4,A546SKSUKGZI4,A546SSKCKGZI4,SM-A546S,PHONE,"2026-10-07 23:30:00 KST",false,FULL,Yes,s5e8835,LD,SRI-N
6205669720195072,Widevine,Approved,,,samsung/gtact6xx/gtact6:17/CP2A.260605.016/X316BXXU0AZI1_OXM0AZI1:user/release-keys,EUY,Serbia,phan.hue@samsung.com,phan.hue@samsung.com,"2026-09-28 16:08:37 KST","2026-09-28 17:30:03 KST","2026-09-28 17:30:03 KST","2026-09-28 17:30:03 KST",,gtact6xx,2026-10-05,ej0330.kim@samsung.com,SRV,100.0,,,,SM-X316B,TABLET,,false,,No,SM7635,,SRV
5642719766773760,Vendor,Approved,,false,samsung/gts9pkxx/gts9p:13/TP1A.220624.014/X816NKOU6FZI3:user/release-keys,,,umesh.k@samsung.com,suwonga2.sec@samsung.com,"2026-09-28 16:01:59 KST","2026-10-02 00:00:06 KST","2026-09-30 13:16:25 KST","2026-10-02 00:00:06 KST",,gts9pkxx,,jb3366.lee@samsung.com,HQ-Suwon2,100.0,X816NKOU6FZI3,,,SM-X816N,TABLET,"2026-09-28 23:00:00 KST",false,,No,SM8550,,SRI-N
5453807744188416,SKU,Approved,MR,false,samsung/m1sxxx/m1s:16/BP4A.251205.006/S942BXXU4AZI2_B2BF_OGB4AZI2_B2BF:user/release-keys,"EUY,DOD","Serbia,Australia",oanh.lt@samsung.com,gumi.ga1.sec@samsung.com,"2026-09-28 15:50:40 KST","2026-09-28 17:12:50 KST","2026-09-28 17:12:50 KST","2026-09-28 17:12:50 KST",,m1sxxx,2026-07-05,hyunah45.lee@samsung.com,HQ-Gumi,100.0,S942BXXU4AZI2_B2BF,S942BXXU4AZI1_B2BF,S942BOGB4AZI2_B2BF,SM-S942B,PHONE,"2026-09-28 22:30:00 KST",false,VARIANT,No,s5e9965,,SRV
5092589267320832,NormalException,Approved,MR,false,samsung/e3qxeea/e3q:17/CP2A.260605.016/S928BXXU6EZIF:user/release-keys,"EVR,TMZ,VGR,CRO,MAX,VD2,DO2,HTS,CNX,ORO,3IE,ORS,TPL,PRT,TNL,OPV,VDC,PLS,VDF,VDI,BOG,HUI,SFR,SWC,MOB,O2C,AMO,COS,EUX,VOD,TMH,OMN,MOT,O2U,DRE,MEO,SIM,XEC,ATL,TIM,TMS,DTM,TCL,VIP,H3G,MET,FTM","United Kingdom,Czech Republic,Greece,Slovenia,Croatia,Austria,Germany,Sweden,Romania,Ireland,Slovakia,Poland,Netherlands,France,Italy,Switzerland,Spain,Portugal,Iceland,Latvia,Luxembourg,Bulgaria,Lithuania,Hungary,Belgium,Norway,Finland,Denmark,Estonia",thuynga.dt@samsung.com,srv.gba@samsung.com,"2026-09-28 15:36:07 KST","2026-09-29 15:14:39 KST","2026-09-29 15:14:39 KST","2026-09-29 15:14:39 KST",,e3qxeea,2026-09-05,huy.tb@samsung.com,SRV,100.0,S928BXXU6EZIF,S928BXXU6EZIF,S928BOXM6EZIF,SM-S928B,PHONE,"2026-09-28 23:30:00 KST",false,VARIANT,No,SM8650,,SRV
6490647678943232,SafetyNet,Approved,,,samsung/a17xx/a17:17/CP2A.260605.016/A175FXXU7DZI9_OXM7DZI9:user/release-keys,,,,srv.gba@samsung.com,"2026-09-28 15:34:16 KST","2026-09-28 15:34:31 KST",,"2026-09-28 15:34:31 KST",,a17xx,2026-10-05,ha.nguyen@samsung.com,SRV,100.0,,,,SM-A175F,,,false,,No,MT6789V/CD,,
5211219871137792,SMR,Approved,SMR,,samsung/xcoverpro2sq/xcoverpro2:16/BP2A.250605.031.A3/G736USQSEGZI3:user/release-keys,"ASR,ATT,TMB,TMK,VZW","United States",approval.se@samsung.com,srin-pregba@samsung.com,"2026-09-28 15:21:40 KST","2026-09-29 02:01:38 KST","2026-09-28 16:09:02 KST","2026-09-29 02:01:38 KST",,xcoverpro2sq,2026-09-05,deepak.k1@samsung.com,SRI-Noida,100.0,G736USQSEGZI3,G736USQSEGZI3,G736UOYNEGZI3,SM-G736U,PHONE,"2026-09-28 21:30:00 KST",false,,Yes,SM7325,,SRI-N
6055735062691840,Regular,Approved,MR,false,samsung/e3qcsx/e3q:17/CP2A.260605.016/S928WVLU6EZIF:user/release-keys,"BMC,BWA,CHR,ESK,FIZ,FMC,GLW,KDO,PCM,PMB,RWC,SOL,TBT,TLS,VMC,VTR,XAC",Canada,d.khantwal@samsung.com,srin-pregba@samsung.com,"2026-09-28 15:20:05 KST","2026-09-28 18:36:48 KST","2026-09-28 18:27:35 KST","2026-09-28 18:36:48 KST",,e3qcsx,2026-09-05,swati.batra@samsung.com,SRI-Noida,100.0,S928WVLU6EZIF,S928WVLU6EZIF,S928WOYV6EZIF,SM-S928W,PHONE,"2026-09-29 00:30:00 KST",false,FULL,Yes,SM8650,,SRI-N
5517331786891264,Regular,Approved,MR,false,samsung/a27xqzh/a27xq:17/CP2A.260605.016/A2760ZHU3BZIE_OZS3BZIE:user/release-keys,"BRI,TGY","Taiwan,Hong Kong",deeksha.s@samsung.com,ga.srcg@samsung.com,"2026-09-28 15:09:12 KST","2026-09-28 18:37:02 KST","2026-09-28 18:21:23 KST","2026-09-28 18:37:02 KST",,a27xqzh,2026-09-05,yizhou.yan@samsung.com,SRC-Guangzhou,100.0,A2760ZHU3BZIE,A2760ZHU3BZIE,A2760OZS3BZIE,SM-A2760,PHONE,"2026-09-29 00:00:00 KST",false,FULL,Yes,SM6475,,SRI-N
5658069275246592,Vendor,Cancelled,,false,samsung/gts9pkxx/gts9p:13/TP1A.220624.014/X816NKOU6FZI3:user/release-keys,,,vishnu.d@samsung.com,suwonga2.sec@samsung.com,"2026-09-28 15:02:36 KST","2026-09-28 15:46:47 KST",,,,gts9pkxx,,shcho99@samsung.com,HQ-Suwon2,100.0,X816NKOU6FZI3,,,SM-X816N,TABLET,"2026-09-28 23:00:00 KST",false,,No,SM8550,,SRI-N
6313048465997824,NormalException,Approved,MR,false,samsung/e1sxeea/e1s:17/CP2A.260605.016/S921BXXUHEZIF:user/release-keys,"3IE,AMO,COS,EUX,HTS,MET,MOT,O2U,PLS,PRT,SFR,SIM,SWC,TIM,TMH,VDC,VIP,VOD,ATL,CRO,DO2,DRE,DTM,EVR,FTM,HUI,MAX,O2C,OPV,TMZ,VDI,VGR,BOG,CNX,H3G,MEO,MOB,OMN,ORO,ORS,TCL,TMS,TNL,TPL,VD2,VDF,XEC","Ireland,United Kingdom,Spain,Greece,Portugal,Iceland,Austria,Latvia,Netherlands,Sweden,Luxembourg,Poland,Slovakia,Slovenia,Bulgaria,France,Lithuania,Croatia,Romania,Hungary,Switzerland,Czech Republic,Belgium,Norway,Finland,Denmark,Italy,Germany,Estonia",ng.thanhtuan@samsung.com,srv.gba@samsung.com,"2026-09-28 15:00:59 KST","2026-09-28 16:02:23 KST","2026-09-28 16:02:23 KST","2026-09-28 16:02:23 KST",,e1sxeea,2026-09-05,huy.tb@samsung.com,SRV,100.0,S921BXXUHEZIF,S921BXXUHEZIF,S921BOXMHEZIF,SM-S921B,PHONE,"2026-09-28 23:30:00 KST",false,VARIANT,No,S5E9945,,SRV
5394700605587456,Vendor,Approved,,false,samsung/a54xskt/a54x:13/TP1A.220624.014/A546SKSUKGZI4:user/release-keys,,,umesh.k@samsung.com,ga1.sec@samsung.com,"2026-09-28 14:58:44 KST","2026-10-01 00:00:07 KST","2026-09-28 19:51:13 KST","2026-10-01 00:00:07 KST",,a54xskt,,kw.kwon@samsung.com,HQ-Suwon,100.0,A546SKSUKGZI4,,,SM-A546S,PHONE,"2026-09-28 23:00:00 KST",false,,No,s5e8835,,SRI-N
5411174053314560,Vendor,Approved,,false,samsung/a17xx/a17:16/BP2A.250605.031.A3/A175FXXU7DZI9:user/release-keys,,,hoai.nt4@samsung.com,srv.gba@samsung.com,"2026-09-28 14:57:54 KST","2026-10-01 00:00:07 KST","2026-09-30 18:24:53 KST","2026-10-01 00:00:07 KST",,a17xx,,the.toan@samsung.com,SRV,100.0,A175FXXU7DZI9,,,SM-A175F,PHONE,"2026-09-28 22:30:00 KST",false,,No,MT6789V/CD,,SRV
5113225628876800,SimpleException,Approved,MR,,samsung/a37xzh/a37x:17/CP2A.260605.016/A3760ZHU5BZI6_TGY5BZI6:user/release-keys,TGY,"Hong Kong",bhaswat.s@samsung.com,ga.srcg@samsung.com,"2026-09-28 14:57:09 KST","2026-09-29 19:12:57 KST","2026-09-29 19:12:57 KST","2026-09-29 19:12:57 KST",,a37xzh,2026-09-05,speng.zheng@samsung.com,SRC-Guangzhou,100.0,A3760ZHU5BZI6,A3760ZHU5BZI7,A3760TGY5BZI6,SM-A3760,PHONE,,false,,No,s5e8845,,SRI-N
6084232103591936,SKU,Approved,MR,false,samsung/a56xnsxx/a56x:17/CP2A.260605.016/A566EXXUEDZIE_ODMEDZIE:user/release-keys,"BKD,SLK","Bangladesh,Sri Lanka",bhawna.s1@samsung.com,rashmi.d@samsung.com,"2026-09-28 14:43:56 KST","2026-09-28 15:12:46 KST","2026-09-28 15:12:46 KST","2026-09-28 15:12:46 KST",,a56xnsxx,2026-09-05,neha.mittal@samsung.com,SRI-Noida,100.0,A566EXXUEDZIE,A566EXXUEDZIE,A566EODMEDZIE,SM-A566E,PHONE,"2026-09-28 22:30:00 KST",false,VARIANT,No,s5e8855,,SRI-N
6004611832086528,Vendor,Approved,,false,samsung/a27xqzh/a27xq:15/AP3A.240905.015.A2/A2760ZHU3BZIE:user/release-keys,,,deeksha.s@samsung.com,ga.srcg@samsung.com,"2026-09-28 14:38:29 KST","2026-09-29 00:00:02 KST","2026-09-28 18:13:25 KST","2026-09-29 00:00:02 KST",,a27xqzh,,yizhou.yan@samsung.com,SRC-Guangzhou,100.0,A2760ZHU3BZIE,,,SM-A2760,PHONE,"2026-09-28 23:00:00 KST",false,,No,SM6475,,SRI-N
6246663740194816,Regular,Approved,LR,false,samsung/a16xtfn/a16x:17/CP2A.260605.016/S166VUDUAEZHH:user/release-keys,"TFV,TFN","United States",ruchi.joshi@samsung.com,srin-pregba@samsung.com,"2026-09-28 14:34:28 KST","2026-10-02 08:36:09 KST","2026-10-01 15:19:51 KST","2026-10-02 08:36:09 KST",,a16xtfn,2026-08-05,himanshu.a@samsung.com,SRI-Noida,100.0,S166VUDUAEZHH,S166VUDUAEZHH,S166VTFNAEZHH,SM-S166V,PHONE,"2026-10-07 23:30:00 KST",false,FULL,Yes,s5e8835,LD,SRI-N
4914031957901312,SafetyNet,Approved,,,samsung/a15xnndins/a15x:17/CP2A.260605.016/A156EDXUAZZIC:user/release-keys,,,,srin-pregba@samsung.com,"2026-09-28 14:32:07 KST","2026-09-28 14:32:25 KST",,"2026-09-28 14:32:25 KST",,a15xnndins,2026-09-05,kamakshi.j@samsung.com,SRI-Noida,100.0,,,,SM-A156E,,,false,,No,MT6853V/ZA,,
6705913788628992,Regular,Approved,MR,false,samsung/a36xqnsins/a36xq:17/CP2A.260605.016/A366EXXUCDZIC_ODMCDZIC:user/release-keys,INS,India,d2.kumar@samsung.com,srin-pregba@samsung.com,"2026-09-28 14:13:36 KST","2026-09-28 20:01:11 KST","2026-09-28 19:42:18 KST","2026-09-28 20:01:11 KST",,a36xqnsins,2026-09-05,ratul.pathak@samsung.com,SRI-Noida,100.0,A366EXXUCDZIC,A366EXXUCDZIC,A366EODMCDZIC,SM-A366E,PHONE,"2026-09-29 00:00:00 KST",false,VARIANT,Yes,SM6475,,SRI-N
6352043849809920,Regular,Approved,MR,false,samsung/a56xnsins/a56x:17/CP2A.260605.016/A566EXXUEDZIE_ODMEDZIE:user/release-keys,INS,India,priyanka.l@samsung.com,srin-pregba@samsung.com,"2026-09-28 14:09:10 KST","2026-09-28 15:35:41 KST","2026-09-28 15:09:55 KST","2026-09-28 15:35:41 KST",,a56xnsins,2026-09-05,neha.mittal@samsung.com,SRI-Noida,100.0,A566EXXUEDZIE,A566EXXUEDZIE,A566EODMEDZIE,SM-A566E,PHONE,"2026-09-29 00:00:00 KST",false,VARIANT,Yes,s5e8855,,SRI-N
6424438811918336,SMR,Approved,SMR,,samsung/r12szhx/r12s:16/BP4A.251205.006/S7210ZHSEDZI1:user/release-keys,"BRI,TGY","Taiwan,Hong Kong",approval.se@samsung.com,ga.srcg@samsung.com,"2026-09-28 14:02:57 KST","2026-09-30 08:01:46 KST","2026-09-28 14:49:04 KST","2026-09-30 08:01:46 KST",,r12szhx,2026-09-05,xlan1.zhou@partner.samsung.com,SRC-Guangzhou,100.0,S7210ZHSEDZI1,S7210ZHSEDZI1,S7210OZSEDZI1,SM-S7210,PHONE,"2026-09-28 21:30:00 KST",false,,Yes,s5e9945,,SRI-N
5507791926329344,SMR,Approved,SMR,,samsung/gtact4proxxx/gtact4pro:15/AP3A.240905.015.A2/T636BXXSBDZI2:user/release-keys,EUY,Serbia,ducmanh.ng1@samsung.com,srv.gba@samsung.com,"2026-09-28 13:48:43 KST","2026-09-30 15:01:06 KST","2026-09-29 19:24:33 KST","2026-09-30 15:01:06 KST",,gtact4proxxx,2026-10-05,dung.ttt@samsung.com,SRV,100.0,T636BXXSBDZI2,T636BXXSBDZI2,T636BOXMBDZI2,SM-T636B,TABLET,"2026-09-28 21:00:00 KST",false,,Yes,SM7325,,SRV
4542962554109952,Vendor,Approved,,false,samsung/gtact4proxxx/gtact4pro:11/RP1A.200720.012/T636BXXSBDZI2:user/release-keys,,,ducmanh.ng1@samsung.com,srv.gba@samsung.com,"2026-09-28 13:46:47 KST","2026-09-30 16:00:29 KST","2026-09-29 19:15:41 KST","2026-09-30 16:00:29 KST",,gtact4proxxx,,dung.ttt@samsung.com,SRV,100.0,T636BXXSBDZI2,,,SM-T636B,TABLET,"2026-09-28 22:30:00 KST",false,,No,SM7325,,SRV
5362952475770880,Vendor,Rejected,,false,samsung/gts10litekxx/gts10lite:13/TP1A.220624.014/X406NKOU8DZI7:user/release-keys,,,vishnu.d@samsung.com,gumi.ga1.sec@samsung.com,"2026-09-28 13:38:07 KST","2026-10-01 17:46:21 KST","2026-10-01 17:46:21 KST",,,gts10litekxx,,ppphsw@samsung.com,HQ-Gumi,100.0,X406NKOU8DZI7,,,SM-X406N,TABLET,"2026-09-28 23:00:00 KST",false,,No,s5e8835,,SRI-N
4959019659952128,Regular,Approved,MR,false,samsung/a55xnaxx/a55x:17/CP2A.260605.016/A556BXXUIEZI7:user/release-keys,EUY,"Ukraine,Macedonia,Serbia",hoai.nt4@samsung.com,tuan.hiep.ng@samsung.com,"2026-09-28 13:11:39 KST","2026-09-28 19:36:01 KST","2026-09-28 16:24:03 KST","2026-09-28 19:36:01 KST",,a55xnaxx,2026-09-05,thang.nv12@samsung.com,SRV,100.0,A556BXXUIEZI7,A556BXXUIEZI7,A556BOXMIEZI7,SM-A556B,PHONE,"2026-09-28 21:30:00 KST",false,FULL,Yes,s5e8845,,SRV
5430304542294016,Regular,Approved,MR,false,samsung/a55xnaeea/a55x:17/CP2A.260605.016/A556BXXUIEZI7:user/release-keys,EUX,"Portugal,Iceland,Greece,Netherlands,Sweden,Austria,Latvia,Luxembourg,Poland,Slovakia,Slovenia,Bulgaria,France,Lithuania,Croatia,Romania,Hungary,United Kingdom,Switzerland,Spain,Czech Republic,Belgium,Norway,Finland,Denmark,Italy,Germany,Estonia",khanh.toan@samsung.com,srv.gba@samsung.com,"2026-09-28 13:11:32 KST","2026-10-01 12:36:01 KST","2026-10-01 12:21:46 KST","2026-10-01 12:36:01 KST",,a55xnaeea,2026-09-05,thang.nv12@samsung.com,SRV,100.0,A556BXXUIEZI7,A556BXXUIEZI7,A556BOXMIEZI7,SM-A556B,PHONE,"2026-09-28 21:30:00 KST",false,VARIANT,Yes,s5e8845,,SRV
6597579311939584,Regular,Approved,LR,false,samsung/gtact5prowifitur/gtact5prowifi:17/CP2A.260605.016/X350XXUBDZI9_OXMBDZI9:user/release-keys,TUR,Türkiye,tu.nv1@samsung.com,srv.gba@samsung.com,"2026-09-28 13:10:48 KST","2026-10-06 07:02:00 KST","2026-10-05 12:07:39 KST","2026-10-06 07:02:00 KST",,gtact5prowifitur,2026-09-05,hieu.tr1@samsung.com,SRV,100.0,X350XXUBDZI9,,X350OXMBDZI9,SM-X350,TABLET,"2026-10-07 23:30:00 KST",false,VARIANT,Yes,SM7635,LV,SRV
5532393918431232,Regular,Approved,LR,false,samsung/gtact5prowifieea/gtact5prowifi:17/CP2A.260605.016/X350XXUBDZI9_OXMBDZI9:user/release-keys,EUX,"Romania,Hungary,United Kingdom,Switzerland,Portugal,Spain,Greece,Austria,Sweden,Netherlands,Latvia,Czech Republic,Luxembourg,Poland,Italy,Slovakia,Slovenia,Bulgaria,France,Germany",tu.nv1@samsung.com,srv.gba@samsung.com,"2026-09-28 13:10:06 KST","2026-10-06 07:36:16 KST","2026-10-05 12:07:59 KST","2026-10-06 07:36:16 KST",,gtact5prowifieea,2026-09-05,hieu.tr1@samsung.com,SRV,100.0,X350XXUBDZI9,,X350OXMBDZI9,SM-X350,TABLET,"2026-10-07 23:30:00 KST",false,VARIANT,Yes,SM7635,LV,SRV
4621704605466624,Vendor,Approved,,false,samsung/a55xnaxx/a55x:14/UP1A.231005.007/A556BXXUIEZI7:user/release-keys,,,hoai.nt4@samsung.com,srv.gba@samsung.com,"2026-09-28 13:09:34 KST","2026-09-29 00:00:02 KST","2026-09-28 16:16:35 KST","2026-09-29 00:00:02 KST",,a55xnaxx,,thang.nv12@samsung.com,SRV,100.0,A556BXXUIEZI7,,,SM-A556B,PHONE,"2026-09-28 20:30:00 KST",false,,No,s5e8845,,SRV
5218828237930496,NormalException,Approved,MR,false,samsung/e1sxxx/e1s:17/CP2A.260605.016/S921BXXUHEZIF:user/release-keys,"BVO,TGP,PSN,EBE,COL,TMM,ANC,PET,DOR,ZTM,COB,CHX,CHT,PEO,UFN,SAM,UYO,PGU,CHE,COO,UPO,CHL,TPA,MXO,ZVV,CTI,GTO,PSP,CDR,ECO,ZTO,COM,ZTA,GLO,ARO,CHO,CTP,CRC,EON,CGU,IUS,TCE,CTU,PNT,UFU","Bolivia,Paraguay,Argentina,Ecuador,Colombia,Mexico,Uruguay,Peru,Dominican Republic,Brazil,Chile,Guatemala,Panama,Costa Rica",dinara.araujo@samsung.com,l.roberto@samsung.com,"2026-09-28 12:35:32 KST","2026-09-28 23:54:10 KST","2026-09-28 23:54:10 KST","2026-09-28 23:54:10 KST",,e1sxxx,2026-09-05,eunmi.cheon@samsung.com,SIDIA,100.0,S921BXXUHEZIF,S921BXXUHEZIF,S921BOWOHEZIF,SM-S921B,PHONE,"2026-09-29 04:30:00 KST",false,FULL,No,S5E9945,,SIDIA
6445289468854272,NormalException,Approved,MR,false,samsung/e1sxxx/e1s:17/CP2A.260605.016/S921BXXUHEZIF:user/release-keys,"ACR,AFG,AFR,CAU,DKR,ECT,EGY,EUY,FWD,GLB,ILO,ILP,KSA,LYS,MBM,MID,MM1,MSR,MWD,OPS,PAK,PKD,SIN,SKZ,STH,TEL,THL,TOP,TUN,VAU,XFA,XFE,XFV,XME,XNZ,XSA,XSG,XSP,XTC,XXV","Ghana,Afghanistan,Gabon,Senegal,Tanzania,Uganda,Democratic Republic of the Congo,Kenya,Armenia,Azerbaijan,Georgia,Nigeria,Egypt,Kosovo,Ukraine,Macedonia,Serbia,Bosnia and Herzegovina,Montenegro,Albania,Morocco,Philippines,Israel,Saudi Arabia,Libya,Iraq,Singapore,Australia,Pakistan,Kazakhstan,Myanmar,Cambodia,Thailand,Laos,Tunisia,South Africa,Malaysia,New Zealand,United Arab Emirates,Vietnam",ly.ltt@samsung.com,srv.gba@samsung.com,"2026-09-28 12:35:31 KST","2026-09-29 09:26:12 KST","2026-09-29 09:26:12 KST","2026-09-29 09:26:12 KST",,e1sxxx,2026-09-05,eunmi.cheon@samsung.com,SRV,100.0,S921BXXUHEZIF,S921BXXUHEZIF,S921BOXMHEZIF,SM-S921B,PHONE,"2026-09-28 21:30:00 KST",false,FULL,No,S5E9945,,SRV
4665124376018944,NormalException,Approved,MR,false,samsung/e1sxxx/e1s:17/CP2A.260605.016/S921BXXUHEZIF:user/release-keys,"BKD,NPB,SLK","Bangladesh,Nepal,Sri Lanka",ruchi.joshi@samsung.com,srin-pregba@samsung.com,"2026-09-28 12:35:31 KST","2026-09-28 12:53:46 KST","2026-09-28 12:53:46 KST","2026-09-28 12:53:46 KST",,e1sxxx,2026-09-05,eunmi.cheon@samsung.com,SRI-Noida,100.0,S921BXXUHEZIF,S921BXXUHEZIF,S921BOXMHEZIF,SM-S921B,PHONE,,false,FULL,No,S5E9945,,SRI-N
6089238089302016,Regular,Approved,MR,false,samsung/b5qksx/b5q:17/CP2A.260605.016/F731NTCU6HZIB:user/release-keys,KOO,Korea,r1.rawat@samsung.com,bk1.seo@samsung.com,"2026-09-28 11:34:18 KST","2026-09-29 15:01:40 KST","2026-09-29 14:43:12 KST","2026-09-29 15:01:40 KST",,b5qksx,2026-09-05,jungyh@samsung.com,HQ-Gumi,100.0,F731NTCU6HZIB,F731NKSU6HZIA,F731NOKW6HZIB,SM-F731N,PHONE,"2026-09-28 22:00:00 KST",false,FULL,Yes,SM8550,,SRI-N
6356910987280384,SMR,Approved,SMR,,samsung/q6qxxx/q6q:16/BP4A.251205.006/F956BXXS4DZI1:user/release-keys,XID,Indonesia,approval.se@samsung.com,apta.p@samsung.com,"2026-09-28 10:29:52 KST","2026-09-28 11:36:21 KST","2026-09-28 11:19:26 KST","2026-09-28 11:36:21 KST",,q6qxxx,2026-09-05,danar.kurnia@samsung.com,SRV,100.0,F956BXXS4DZI1,F956BXXS4DZE1,F956BOLE4DZE1,SM-F956B,PHONE,"2026-09-28 19:00:00 KST",false,,Yes,SM8650,,SRV
5358284785844224,SKU,Approved,MR,false,samsung/q7qxeea/q7q:17/CP2A.260605.016/F966BXXUCCZIH_OXMCCZIH:user/release-keys,"MOT,TCL,COS,ORO,TIM,VOD,HTS,CRO,OMN,TPL,EUX,BOG,VGR,DRE,AMO,TMS,XEC,MET,SWC,H3G,CNX,ATL,3IE,PLS,EVR,OPV,TMZ,VDF,VIP,SIM,FTM,HUI,DTM,O2U,DO2,MAX,VD2,TMH,SFR,MEO,MOB,VDI,ORS,PRT,VDC","Slovenia,Portugal,Greece,Romania,Italy,United Kingdom,Sweden,Croatia,Poland,Iceland,Austria,Netherlands,Latvia,Luxembourg,Slovakia,Bulgaria,Lithuania,France,Hungary,Switzerland,Spain,Czech Republic,Norway,Finland,Denmark,Germany,Estonia,Ireland",nam.dt1@samsung.com,sb0820.yoon@samsung.com,"2026-09-28 10:08:41 KST","2026-09-29 12:29:42 KST","2026-09-29 12:29:42 KST","2026-09-29 12:29:42 KST",,q7qxeea,2026-09-05,th.yu@samsung.com,HQ-Gumi,100.0,F966BXXUCCZIH,F966BXXUCCZIH,F966BOXMCCZIH,SM-F966B,PHONE,"2026-09-28 22:00:00 KST",false,VARIANT,No,SM8750,,SRV
6388209353490432,SKU,Approved,MR,false,samsung/a37xnaxx/a37x:17/CP2A.260605.016/A376BXXU5BZI6_OLM5BZI6:user/release-keys,XID,Indonesia,huy.dn@samsung.com,apta.p@samsung.com,"2026-09-28 10:02:54 KST","2026-09-28 12:05:37 KST","2026-09-28 12:05:37 KST","2026-09-28 12:05:37 KST",,a37xnaxx,2026-09-05,tien.phan@samsung.com,SRV,100.0,A376BXXU5BZI6,A376BXXU5BZI6,A376BOLM5BZI6,SM-A376B,PHONE,"2026-09-28 20:00:00 KST",false,VARIANT,No,s5e8845,,SRV
4987821710639104,SMR,Approved,SMR,,samsung/b8sxxx/b8s:17/CP2A.260605.016/F776BXXS2AZIH_OXM2AZIH:user/release-keys,"EUY,ACR,AFR,CAC,CAU,DKR,ECT,GLB,ILO,ILP,KSA,MM1,OPS,SEK,SIN,STH,TEL,THL,VAU,XFA,XFV,XME,XNZ,XSA,XSG,XSP,XTC,XXV","Kosovo,Macedonia,Serbia,Bosnia and Herzegovina,Montenegro,Albania,Ghana,Gabon,Senegal,Tanzania,Uganda,Democratic Republic of the Congo,Kenya,Mongolia,Turkmenistan,Kyrgyzstan,Tajikistan,Armenia,Azerbaijan,Georgia,Nigeria,Philippines,Israel,Saudi Arabia,Singapore,Australia,Ukraine,Myanmar,Cambodia,Thailand,Laos,South Africa,Malaysia,New Zealand,United Arab Emirates,Vietnam",approval.se@samsung.com,gumi.ga0.sec@samsung.com,"2026-09-28 09:27:29 KST","2026-09-28 14:35:29 KST","2026-09-28 10:29:00 KST","2026-09-28 14:35:29 KST",,b8sxxx,2026-10-05,muso_kim@samsung.com,HQ-Gumi,100.0,F776BXXS2AZIH,F776BXXU2AZI5,F776BOXM2AZIH,SM-F776B,PHONE,"2026-09-28 19:30:00 KST",false,,Yes,s5e9965,,SRV
6160189137092608,SMR,Approved,SMR,,samsung/b8sxtur/b8s:17/CP2A.260605.016/F776BXXS2AZIH_OXM2AZIH:user/release-keys,TUR,Türkiye,yen.dt@samsung.com,gumi.ga0.sec@samsung.com,"2026-09-28 08:55:40 KST","2026-09-28 14:37:13 KST","2026-09-28 10:22:49 KST","2026-09-28 14:37:13 KST",,b8sxtur,2026-10-05,muso_kim@samsung.com,HQ-Gumi,100.0,F776BXXS2AZIH,F776BXXU2AZI5,F776BOXM2AZIH,SM-F776B,PHONE,"2026-09-28 19:30:00 KST",false,,Yes,s5e9965,,SRV
6506205057122304,Regular,Rejected,MR,false,samsung/gta11pxx/gta11p:17/CP2A.260605.016/X236BXXU7CZI7_OXM7CZI7:user/release-keys,EUY,"Ukraine,Serbia",tu.nv1@samsung.com,gumi.ga1.sec@samsung.com,"2026-09-28 08:48:09 KST","2026-09-28 08:50:08 KST","2026-09-28 08:50:08 KST",,,gta11pxx,2026-09-05,faith.choi@samsung.com,HQ-Gumi,100.0,X236BXXU7CZI7,X236BXXU7CZI7,X236BOXM7CZI7,SM-X236B,TABLET,,false,FULL,No,MT8775,,SRV
4562539015045120,SMR,Approved,SMR,,samsung/b8sksx/b8s:17/CP2A.260605.016/F776NKSS2AZIH_OKR2AZIH:user/release-keys,"KOO,KTC,LUC,SKC",Korea,approval.se@samsung.com,gumi.ga0.sec@samsung.com,"2026-09-28 08:40:10 KST","2026-09-28 17:01:22 KST","2026-09-28 09:19:06 KST","2026-09-28 17:01:22 KST",,b8sksx,2026-10-05,sooil@samsung.com,HQ-Gumi,100.0,F776NKSS2AZIH,F776NKSU2AZHJ,F776NOKR2AZIH,SM-F776N,PHONE,,false,,Yes,s5e9965,,SRI-N
6258064999317504,SMR,Approved,SMR,,samsung/m1sksx/m1s:17/CP2A.260605.016/S942NKSS4BZIG_OKR4BZIG:user/release-keys,"KOO,KTC,LUC,SKC",Korea,approval.se@samsung.com,gumi.ga0.sec@samsung.com,"2026-09-28 08:39:17 KST","2026-09-28 16:01:30 KST","2026-09-28 09:29:05 KST","2026-09-28 16:01:30 KST",,m1sksx,2026-10-05,jc7.bae@samsung.com,HQ-Gumi,100.0,S942NKSS4BZIG,S942NKSU4BZHO,S942NOKR4BZIG,SM-S942N,PHONE,"2026-09-28 19:30:00 KST",false,,Yes,s5e9965,,SRI-N
6131313803526144,SMR,Approved,SMR,,samsung/b8sxser/b8s:17/CP2A.260605.016/F776BXXS2AZIH_OXM2AZIH:user/release-keys,"SER,SKZ","Belarus,Russia,Kazakhstan",oanh.lt@samsung.com,gumi.ga0.sec@samsung.com,"2026-09-28 08:11:06 KST","2026-09-28 14:36:25 KST","2026-09-28 11:19:28 KST","2026-09-28 14:36:25 KST",,b8sxser,2026-10-05,muso_kim@samsung.com,HQ-Gumi,100.0,F776BXXS2AZIH,F776BXXU2AZI5,F776BOXM2AZIH,SM-F776B,PHONE,,false,,Yes,s5e9965,,SRV
5845028195008512,SMR,Approved,SMR,,samsung/b8sxins/b8s:17/CP2A.260605.016/F776BXXS2AZIH_OXM2AZIH:user/release-keys,INS,India,r1.rawat@samsung.com,gumi.ga0.sec@samsung.com,"2026-09-28 08:10:56 KST","2026-09-28 15:35:22 KST","2026-09-28 14:44:56 KST","2026-09-28 15:35:22 KST",,b8sxins,2026-10-05,muso_kim@samsung.com,HQ-Gumi,100.0,F776BXXS2AZIH,F776BXXU2AZI5,F776BOXM2AZIH,SM-F776B,PHONE,,false,,Yes,s5e9965,,SRI-N
5867946140499968,SMR,Approved,SMR,,samsung/b8sxeea/b8s:17/CP2A.260605.016/F776BXXS2AZIH_OXM2AZIH:user/release-keys,"EUX,3IE,AMO,ATL,BOG,CNX,DO2,DRE,EVR,FTM,H3G,HTS,HUI,MEO,MOB,O2U,OMN,OPV,ORO,ORS,PLS,PRT,SFR,SIM,TCL,TIM,VD2,VDC,VDF,VDI,VGR,VOD,XEC","Portugal,Iceland,Greece,Austria,Sweden,Netherlands,Latvia,Luxembourg,Poland,Slovakia,Slovenia,Bulgaria,Lithuania,France,Croatia,Romania,Hungary,United Kingdom,Switzerland,Spain,Czech Republic,Norway,Finland,Denmark,Italy,Germany,Estonia,Ireland",vuong.hue@samsung.com,gumi.ga0.sec@samsung.com,"2026-09-28 08:10:49 KST","2026-09-28 14:36:08 KST","2026-09-28 12:40:50 KST","2026-09-28 14:36:08 KST",,b8sxeea,2026-10-05,muso_kim@samsung.com,HQ-Gumi,100.0,F776BXXS2AZIH,F776BXXU2AZI5,F776BOXM2AZIH,SM-F776B,PHONE,"2026-09-28 19:30:00 KST",false,,Yes,s5e9965,,SRV
6354838866886656,Vendor,Cancelled,,false,samsung/gta11kx/gta11:16/BP2A.250605.031.A3/X135NKOU5CZI8:user/release-keys,,,vishnu.d@samsung.com,gumi.ga1.sec@samsung.com,"2026-09-28 08:10:38 KST","2026-10-07 14:58:37 KST",,,,gta11kx,,myj91@samsung.com,HQ-Gumi,100.0,X135NKOU5CZI8,,,SM-X135N,TABLET,"2026-09-28 21:00:00 KST",false,,No,MT8781V/CA,,SRI-N
6521062322077696,Regular,Approved,MR,false,samsung/e2qcsx/e2q:17/CP2A.260605.016/S926WVLU6EZIF:user/release-keys,"PMB,TBT,CHR,VMC,SOL,VTR,KDO,BMC,TLS,PCM,ESK,RWC,XAC,FMC,FIZ,GLW,BWA",Canada,d.khantwal@samsung.com,srin-pregba@samsung.com,"2026-09-26 20:03:06 KST","2026-09-29 14:35:32 KST","2026-09-29 14:22:49 KST","2026-09-29 14:35:32 KST",,e2qcsx,2026-09-05,swati.batra@samsung.com,SRI-Noida,100.0,S926WVLU6EZIF,S926WVLU6EZIF,S926WOYV6EZIF,SM-S926W,PHONE,"2026-09-28 20:30:00 KST",false,FULL,Yes,SM8650,,SRI-N
4577249345142784,Regular,Approved,MR,false,samsung/e1qcsx/e1q:17/CP2A.260605.016/S921WVLU6EZIF:user/release-keys,"RWC,TBT,VMC,TLS,GLW,VTR,SOL,BMC,BWA,FIZ,ESK,XAC,PMB,CHR,FMC,PCM,KDO",Canada,deeksha.s@samsung.com,srin-pregba@samsung.com,"2026-09-26 20:00:53 KST","2026-10-02 02:01:12 KST","2026-09-29 14:26:22 KST","2026-10-02 02:01:12 KST",,e1qcsx,2026-09-05,swati.batra@samsung.com,SRI-Noida,100.0,S921WVLU6EZIF,S921WVLU6EZIF,S921WOYV6EZIF,SM-S921W,PHONE,"2026-09-28 20:30:00 KST",false,FULL,Yes,SM8650,,SRI-N
5470900237631488,Regular,Approved,MR,false,samsung/r12ssqw/r12s:17/CP2A.260605.016/S721USQUEEZIF:user/release-keys,"ATT,ASR,XAA,AIO,CHA,USC,TMK,CCT,VZW,TMB","United States",umesh.k@samsung.com,komal.s@samsung.com,"2026-09-26 19:53:26 KST","2026-09-28 18:35:34 KST","2026-09-28 17:56:31 KST","2026-09-28 18:35:34 KST",,r12ssqw,2026-09-05,ashish.raj@samsung.com,SRI-Noida,100.0,S721USQUEEZIF,S721USQUEEZIF,S721UOYNEEZIF,SM-S721U,PHONE,"2026-09-28 20:00:00 KST",false,FULL,Yes,s5e9945,,SRI-N
6134034229100544,Regular,Approved,MR,false,samsung/a36xqnsxx/a36xq:17/CP2A.260605.016/A366EXXUCDZIC_ODMCDZIC:user/release-keys,NPB,Nepal,d2.kumar@samsung.com,srin-pregba@samsung.com,"2026-09-26 19:48:48 KST","2026-09-28 20:01:24 KST","2026-09-28 19:40:48 KST","2026-09-28 20:01:24 KST",,a36xqnsxx,2026-09-05,ratul.pathak@samsung.com,SRI-Noida,100.0,A366EXXUCDZIC,A366EXXUCDZIC,A366EODMCDZIC,SM-A366E,PHONE,"2026-09-28 20:00:00 KST",false,FULL,Yes,SM6475,,SRI-N
6707985976131584,NormalException,Approved,MR,false,samsung/b5qxxx/b5q:17/CP2A.260605.016/F731BTCU7HZIH:user/release-keys,XSA,Australia,thuynga.dt@samsung.com,srv.gba@samsung.com,"2026-09-26 19:46:45 KST","2026-09-28 10:24:55 KST","2026-09-28 10:24:55 KST","2026-09-28 10:24:55 KST",,b5qxxx,2026-09-05,duy.dao@samsung.com,SRV,100.0,F731BTCU7HZIH,F731BXXU7HZIH,F731BOSW7HZIH,SM-F731B,PHONE,"2026-09-28 18:00:00 KST",false,FULL,No,SM8550,,SRV
5529546673881088,Regular,Approved,MR,false,samsung/a56xnsxx/a56x:17/CP2A.260605.016/A566EXXUEDZIE_ODMEDZIE:user/release-keys,NPB,Nepal,ruchi.joshi@samsung.com,srin-pregba@samsung.com,"2026-09-26 19:37:43 KST","2026-09-28 13:00:27 KST","2026-09-28 12:41:57 KST","2026-09-28 13:00:27 KST",,a56xnsxx,2026-09-05,neha.mittal@samsung.com,SRI-Noida,100.0,A566EXXUEDZIE,A566EXXUEDZIE,A566EODMEDZIE,SM-A566E,PHONE,"2026-09-28 20:00:00 KST",false,FULL,Yes,s5e8855,,SRI-N
6033850191052800,Regular,Approved,MR,false,samsung/r12scs/r12s:17/CP2A.260605.016/S721WVLUEEZIF:user/release-keys,"BMC,BWA,CHR,ESK,FIZ,GLW,KDO,PCM,PMB,RWC,SOL,TBT,TLS,VMC,VTR,XAC,FMC",Canada,priyanka.l@samsung.com,srin-pregba@samsung.com,"2026-09-26 19:15:47 KST","2026-09-28 20:35:38 KST","2026-09-28 20:07:40 KST","2026-09-28 20:35:38 KST",,r12scs,2026-09-05,swati.batra@samsung.com,SRI-Noida,100.0,S721WVLUEEZIF,S721WVLUEEZIF,S721WOYVEEZIF,SM-S721W,PHONE,"2026-09-28 20:30:00 KST",false,FULL,Yes,s5e9945,,SRI-N
5477451841142784,Vendor,Approved,,false,samsung/r12ssqw/r12s:14/UP1A.231005.007/S721USQUEEZIF:user/release-keys,,,umesh.k@samsung.com,srin-pregba@samsung.com,"2026-09-26 19:15:14 KST","2026-09-29 00:00:03 KST","2026-09-28 17:54:48 KST","2026-09-29 00:00:03 KST",,r12ssqw,,ashish.raj@samsung.com,SRI-Noida,100.0,S721USQUEEZIF,,,SM-S721U,PHONE,"2026-09-28 19:00:00 KST",false,,No,s5e9945,,SRI-N
6092496627302400,Vendor,Submitted,,false,samsung/a56xue/a56x:15/AP3A.240905.015.A2/A566U1UEUBDZIE:user/release-keys,,,vishnu.d@samsung.com,srin-pregba@samsung.com,"2026-09-26 19:15:07 KST","2026-09-29 12:59:34 KST",,,,a56xue,,k.mittal@samsung.com,SRI-Noida,Reviewing,A566U1UEUBDZIE,,,SM-A566U1,PHONE,"2026-09-28 19:00:00 KST",false,,No,s5e8855,,SRI-N
6441897484877824,Vendor,Cancelled,,false,samsung/a55xnsxx/a55x:14/UP1A.231005.007/A556EXXUIEZI7:user/release-keys,,,bich.hanh@samsung.com,srv.gba@samsung.com,"2026-09-26 18:28:28 KST","2026-10-02 12:54:47 KST",,,,a55xnsxx,,chien.ngoc@samsung.com,SRV,100.0,A556EXXUIEZI7,,,SM-A556E,PHONE,"2026-09-28 22:30:00 KST",false,,No,s5e8845,,SRV
5554865942298624,Vendor,Approved,,false,samsung/a15nsxx/a15:16/BP2A.250605.031.A3/A155FXXUCFZI4:user/release-keys,,,khanh.toan@samsung.com,srv.gba@samsung.com,"2026-09-26 17:44:47 KST","2026-10-01 16:00:07 KST","2026-09-30 15:53:55 KST","2026-10-01 16:00:07 KST",,a15nsxx,,hieu.ld1@samsung.com,SRV,100.0,A155FXXUCFZI4,,,SM-A155F,PHONE,"2026-09-28 22:30:00 KST",false,,No,MT6789V/CD,,SRV
5880526368145408,NormalException,Approved,MR,false,samsung/e3qxxx/e3q:17/CP2A.260605.016/S928BXXU6EZIF:user/release-keys,"XFA,TOP,XNZ,STH,XSA,PKD,XFV,TEL,GLB,TUN,AFR,AFG,SKZ,XTC,VAU,ILP,ILO,MM1,FWD,OPS,XFE,XXV,KSA,THL,MBM,MWD,LYS,EUY,MID,DKR,XSG,MSR,ACR,XME,XSP,CAU,EGY,ECT,SIN,PAK","South Africa,Serbia,New Zealand,Singapore,Australia,Pakistan,Philippines,Tunisia,Gabon,Senegal,Tanzania,Uganda,Democratic Republic of the Congo,Kenya,Afghanistan,Kazakhstan,Israel,Morocco,Vietnam,Saudi Arabia,Myanmar,Cambodia,Thailand,Laos,Macedonia,Libya,Kosovo,Ukraine,Bosnia and Herzegovina,Montenegro,Albania,Iraq,United Arab Emirates,Ghana,Malaysia,Armenia,Azerbaijan,Georgia,Egypt,Nigeria",ng.thanhtuan@samsung.com,srv.gba@samsung.com,"2026-09-26 15:24:44 KST","2026-09-28 12:33:38 KST","2026-09-28 12:33:38 KST","2026-09-28 12:33:38 KST",,e3qxxx,2026-09-05,hyunah45.lee@samsung.com,SRV,100.0,S928BXXU6EZIF,S928BXXU6EZIF,S928BOXM6EZIF,SM-S928B,PHONE,"2026-09-28 23:30:00 KST",false,FULL,No,SM8650,,SRV
5292560310599680,SMR,Approved,SMR,,samsung/m2sxxx/m2s:17/CP2A.260605.016/S947BXXS4BZIG_OXM4BZIG:user/release-keys,XID,Indonesia,approval.se@samsung.com,endri.s@samsung.com,"2026-09-26 07:45:50 KST","2026-09-26 08:36:20 KST","2026-09-26 08:19:05 KST","2026-09-26 08:36:20 KST",,m2sxxx,2026-10-05,danar.kurnia@samsung.com,SRV,100.0,S947BXXS4BZIG,S947BXXU4BZI6,S947BOXM4BZIG,SM-S947B,PHONE,"2026-09-28 19:00:00 KST",false,,Yes,s5e9965,,SRV
4653471391547392,SMR,Approved,SMR,,samsung/m1sxxx/m1s:17/CP2A.260605.016/S942BXXS4BZIG_OXM4BZIG:user/release-keys,XID,Indonesia,approval.se@samsung.com,endri.s@samsung.com,"2026-09-26 07:40:23 KST","2026-09-26 08:35:15 KST","2026-09-26 08:29:11 KST","2026-09-26 08:35:15 KST",,m1sxxx,2026-10-05,danar.kurnia@samsung.com,SRV,100.0,S942BXXS4BZIG,S942BXXU4BZI6,S942BOXM4BZIG,SM-S942B,PHONE,"2026-09-28 19:00:00 KST",false,,Yes,s5e9965,,SRV
5293023529533440,NormalException,Approved,MR,false,samsung/b6qxxx/b6q:17/CP2A.260605.016/F741BXXU4EZIH:user/release-keys,"GTO,TPA","Guatemala,Panama",paulo.cunha@samsung.com,googleapproval.sidia@samsung.com,"2026-09-26 07:07:25 KST","2026-09-29 04:00:48 KST","2026-09-29 04:00:48 KST","2026-09-29 04:00:48 KST",,b6qxxx,2026-09-05,yhkim90@samsung.com,SIDIA,100.0,F741BXXU4EZIH,F741BXXU4EZIH,F741BOXM4EZIH,SM-F741B,PHONE,"2026-09-29 03:00:00 KST",false,FULL,No,SM8650,,SIDIA
6640888990400512,NormalException,Approved,MR,false,samsung/b6quew/b6q:17/CP2A.260605.016/F741U1UEU4EZIH:user/release-keys,"LLA,PCT","Puerto Rico",welton.seabra@samsung.com,googleapproval.sidia@samsung.com,"2026-09-26 06:07:04 KST","2026-09-29 00:08:30 KST","2026-09-29 00:08:30 KST","2026-09-29 00:08:30 KST",,b6quew,2026-09-05,cmoh@samsung.com,SIDIA,100.0,F741U1UEU4EZIH,F741U1UEU4EZIH,F741U1OWA4EZIH,SM-F741U1,PHONE,"2026-09-29 03:00:00 KST",false,FULL,No,SM8650,,SIDIA
4707094192455680,Regular,Approved,MR,false,samsung/a56xnsxx/a56x:17/CP2A.260605.016/A566EXXUEDZIE_OWOEDZIE:user/release-keys,"ZVV,ZTO,ZTM,ZTA,UYO,UPO,UFU,UFN,TPA,TMM,TGP,TCE,SAM,PSP,PSN,PNT,PGU,PET,PEO,MXO,IUS,GTO,GLO,EON,ECO,EBE,DOR,CTU,CTP,CTI,CRC,COO,COM,COL,COB,CHT,CHO,CHL,CHE,CGU,CDR,CAU,BVO,ARO","Brazil,Uruguay,Paraguay,Argentina,Panama,Mexico,Peru,Guatemala,Ecuador,Dominican Republic,Costa Rica,Colombia,Chile,Armenia,Azerbaijan,Georgia,Bolivia",rene.a@samsung.com,googleapproval.sidia@samsung.com,"2026-09-26 05:36:52 KST","2026-09-26 06:35:43 KST","2026-09-26 06:33:43 KST","2026-09-26 06:35:43 KST",,a56xnsxx,2026-09-05,marcos.pereira@samsung.com,SIDIA,100.0,A566EXXUEDZIE,A566EXXUEDZIE,A566EOWOEDZIE,SM-A566E,PHONE,"2026-09-29 05:00:00 KST",false,VARIANT,Yes,s5e8855,,SIDIA
5881351421296640,NormalException,Approved,MR,false,samsung/q6quew/q6q:17/CP2A.260605.016/F956U1UEU4EZIH:user/release-keys,"LLA,PCT","Puerto Rico",jonathan.g@samsung.com,googleapproval.sidia@samsung.com,"2026-09-26 04:48:33 KST","2026-09-29 05:41:03 KST","2026-09-29 05:41:03 KST","2026-09-29 05:41:03 KST",,q6quew,2026-09-05,cmoh@samsung.com,SIDIA,100.0,F956U1UEU4EZIH,F956U1UEU4EZIH,F956U1OWA4EZIH,SM-F956U1,PHONE,"2026-09-29 03:00:00 KST",false,FULL,No,SM8650,,SIDIA
5266635250466816,NormalException,Approved,MR,false,samsung/b6qxxx/b6q:17/CP2A.260605.016/F741BXXU4EZIH:user/release-keys,"MXO,ZTO,ZTA,TCE,ZTM,ZVV,COM,EON,ECO,GLO,CDR,COO,PGU,CRC,PEO,CTI,EBE,CGU,UPO,ARO,CHO,UYO","Mexico,Brazil,Colombia,Ecuador,Guatemala,Dominican Republic,Costa Rica,Peru,Argentina,Paraguay,Chile,Uruguay",dinara.araujo@samsung.com,googleapproval.sidia@samsung.com,"2026-09-26 04:34:19 KST","2026-09-28 23:41:12 KST","2026-09-28 23:41:12 KST","2026-09-28 23:41:12 KST",,b6qxxx,2026-09-05,yhkim90@samsung.com,SIDIA,100.0,F741BXXU4EZIH,F741BXXU4EZIH,F741BOWO4EZIH,SM-F741B,PHONE,"2026-09-29 04:30:00 KST",false,FULL,No,SM8650,,SIDIA
5844737412300800,SMR,Approved,SMR,,samsung/q6qxxx/q6q:16/BP4A.251205.006/F956BXXS4DZI1:user/release-keys,"GTO,TPA","Guatemala,Panama",approval.se@samsung.com,googleapproval.sidia@samsung.com,"2026-09-26 01:06:51 KST","2026-09-26 02:01:16 KST","2026-09-26 01:49:08 KST","2026-09-26 02:01:16 KST",,q6qxxx,2026-09-05,vinicius.souza@samsung.com,SIDIA,100.0,F956BXXS4DZI1,F956BXXS4DZE1,F956BOXM4DZE1,SM-F956B,PHONE,"2026-09-26 02:00:00 KST",false,,Yes,SM8650,,SIDIA
5280249592152064,SMR,Approved,SMR,,samsung/b6qxxx/b6q:16/BP4A.251205.006/F741BXXS4DZI1:user/release-keys,"GTO,TPA","Guatemala,Panama",dinara.araujo@samsung.com,alves.r@samsung.com,"2026-09-25 21:32:53 KST","2026-09-26 00:01:06 KST","2026-09-25 23:37:43 KST","2026-09-26 00:01:06 KST",,b6qxxx,2026-09-05,vinicius.souza@samsung.com,SIDIA,100.0,F741BXXS4DZI1,F741BXXS4DZE1,F741BOXM4DZE1,SM-F741B,PHONE,"2026-09-26 02:00:00 KST",false,,Yes,SM8650,,SIDIA
5843199545573376,SMR,Approved,SMR,,samsung/b6qxxx/b6q:16/BP4A.251205.006/F741BXXS4DZI1:user/release-keys,"ARO,CDR,CGU,CHO,COM,COO,CRC,CTI,EBE,ECO,EON,GLO,MXO,PEO,PGU,TCE,UPO,UYO,ZTA,ZTM,ZTO,ZVV","Argentina,Dominican Republic,Guatemala,Chile,Colombia,Costa Rica,Ecuador,Mexico,Peru,Paraguay,Uruguay,Brazil",approval.se@samsung.com,googleapproval.sidia@samsung.com,"2026-09-25 21:32:35 KST","2026-09-25 22:35:50 KST","2026-09-25 22:19:11 KST","2026-09-25 22:35:50 KST",,b6qxxx,2026-09-05,vinicius.souza@samsung.com,SIDIA,100.0,F741BXXS4DZI1,F741BXXS4DZE1,F741BOWO4DZF1,SM-F741B,PHONE,"2026-09-26 02:00:00 KST",false,,Yes,SM8650,,SIDIA
5233202788827136,SMR,Approved,SMR,,samsung/r11quew/r11q:16/BP4A.251205.006/S711U1UES8FZI5:user/release-keys,"LLA,PCT","Puerto Rico",approval.se@samsung.com,googleapproval.sidia@samsung.com,"2026-09-25 21:31:25 KST","2026-09-25 22:35:21 KST","2026-09-25 22:19:37 KST","2026-09-25 22:35:21 KST",,r11quew,2026-09-05,jose.medeiros@samsung.com,SIDIA,100.0,S711U1UES8FZI5,S711U1UES8FZI5,S711U1OWA8FZI5,SM-S711U1,PHONE,"2026-09-26 02:00:00 KST",false,,Yes,SM8450,,SIDIA
5920499360333824,Regular,Obsolete,MR,false,samsung/a26xxx/a26x:17/CP2A.260605.016/A266BXXUCDZI1_ODMCDZI3:user/release-keys,NPB,Nepal,bhawna.s1@samsung.com,srin-pregba@samsung.com,"2026-09-25 21:23:50 KST","2026-09-29 07:02:04 KST","2026-09-28 14:25:39 KST",,,a26xxx,2026-09-05,arshi.m@samsung.com,SRI-Noida,Reviewing,A266BXXUCDZI1,A266BXXUCDZI1,A266BODMCDZI3,SM-A266B,PHONE,"2026-09-28 20:00:00 KST",false,FULL,No,s5e8835,,SRI-N
4687845021450240,Regular,Approved,MR,false,samsung/e1quew/e1q:17/CP2A.260605.016/S921U1UEU6EZIF:user/release-keys,"ACG,AIO,ATC,ATT,CCT,CHA,DSA,DSG,DSH,FKR,LRA,TFN,TMB,TMK,USC,VZW,XAA,XAG,XAR","United States",r1.rawat@samsung.com,srin-pregba@samsung.com,"2026-09-25 21:10:54 KST","2026-10-02 01:35:12 KST","2026-09-28 21:30:43 KST","2026-10-02 01:35:12 KST",,e1quew,2026-09-05,punit.pathak@samsung.com,SRI-Noida,100.0,S921U1UEU6EZIF,S921U1UEU6EZIF,S921U1OYM6EZIF,SM-S921U1,PHONE,"2026-09-28 20:30:00 KST",false,FULL,Yes,SM8650,,SRI-N
4918348400033792,SKU,Approved,MR,false,samsung/a56xnsxx/a56x:17/CP2A.260605.016/A566EXXUEDZIE_OXEEDZIE:user/release-keys,"CAC,SOZ","Mongolia,Turkmenistan,Kyrgyzstan,Tajikistan,Uzbekistan",ducmanh.ng1@samsung.com,srv.gba@samsung.com,"2026-09-25 20:58:43 KST","2026-09-28 11:09:49 KST","2026-09-28 11:09:49 KST","2026-09-28 11:09:49 KST",,a56xnsxx,2026-09-05,tiendung.h@samsung.com,SRV,100.0,A566EXXUEDZIE,A566EXXUEDZIE,A566EOXEEDZIE,SM-A566E,PHONE,"2026-09-28 18:00:00 KST",false,VARIANT,No,s5e8855,,SRV
5147470208434176,Regular,Approved,MR,false,samsung/a36xqnaxx/a36xq:17/CP2A.260605.016/A366BXXUCDZIC_OXMCDZIC:user/release-keys,EUY,"Ukraine,Macedonia,Serbia",hoai.nt4@samsung.com,thinh.cong@samsung.com,"2026-09-25 20:38:24 KST","2026-09-28 19:00:27 KST","2026-09-28 09:43:23 KST","2026-09-28 19:00:27 KST",,a36xqnaxx,2026-09-05,hung.nguyen1@samsung.com,SRV,100.0,A366BXXUCDZIC,A366BXXUCDZIC,A366BOXMCDZIC,SM-A366B,PHONE,"2026-09-28 19:30:00 KST",false,FULL,Yes,SM6475,,SRV
4630897462870016,Vendor,Approved,,false,samsung/a36xqnaxx/a36xq:15/AP3A.240905.015.A2/A366BXXUCDZIC:user/release-keys,,,hoai.nt4@samsung.com,srv.gba@samsung.com,"2026-09-25 20:33:03 KST","2026-09-29 00:00:03 KST","2026-09-28 09:41:06 KST","2026-09-29 00:00:03 KST",,a36xqnaxx,,hung.nguyen1@samsung.com,SRV,100.0,A366BXXUCDZIC,,,SM-A366B,PHONE,"2026-09-28 18:30:00 KST",false,,No,SM6475,,SRV
5050922631954432,Regular,Approved,MR,false,samsung/a36xqnatur/a36xq:17/CP2A.260605.016/A366BXXUCDZIC_OXMCDZIC:user/release-keys,TUR,Türkiye,khanh.toan@samsung.com,srv.gba@samsung.com,"2026-09-25 20:14:00 KST","2026-09-28 19:00:57 KST","2026-09-28 15:01:32 KST","2026-09-28 19:00:57 KST",,a36xqnatur,2026-09-05,hung.nguyen1@samsung.com,SRV,100.0,A366BXXUCDZIC,A366BXXUCDZIC,A366BOXMCDZIC,SM-A366B,PHONE,"2026-09-28 19:30:00 KST",false,VARIANT,Yes,SM6475,,SRV
5921581960527872,Regular,Approved,MR,false,samsung/a36xqnaeea/a36xq:17/CP2A.260605.016/A366BXXUCDZIC_OXMCDZIC:user/release-keys,EUX,"Romania,Hungary,United Kingdom,Portugal,Switzerland,Spain,Greece,Netherlands,Sweden,Austria,Czech Republic,Latvia,Belgium,Ireland,Poland,Italy,Slovakia,France,Bulgaria,Germany,Croatia",ly.ltt@samsung.com,phuong.tt1@samsung.com,"2026-09-25 20:13:51 KST","2026-09-28 18:36:15 KST","2026-09-28 11:26:15 KST","2026-09-28 18:36:15 KST",,a36xqnaeea,2026-09-05,hung.nguyen1@samsung.com,SRV,100.0,A366BXXUCDZIC,A366BXXUCDZIC,A366BOXMCDZIC,SM-A366B,PHONE,"2026-09-28 19:30:00 KST",false,VARIANT,Yes,SM6475,,SRV
4978102199648256,Regular,Approved,MR,false,samsung/e2quew/e2q:17/CP2A.260605.016/S926U1UEU6EZIF:user/release-keys,"TMK,XAA,DSG,XAR,XAG,FKR,TMB,ATT,ATC,AIO,DSH,CCT,DSA,USC,TFN,CHA,ACG,LRA,VZW","United States",d.khantwal@samsung.com,srin-pregba@samsung.com,"2026-09-25 20:09:17 KST","2026-09-29 14:36:40 KST","2026-09-29 14:20:41 KST","2026-09-29 14:36:40 KST",,e2quew,2026-09-05,punit.pathak@samsung.com,SRI-Noida,100.0,S926U1UEU6EZIF,S926U1UEU6EZIF,S926U1OYM6EZIF,SM-S926U1,PHONE,"2026-09-28 20:30:00 KST",false,FULL,Yes,SM8650,,SRI-N
5259577176358912,Regular,Approved,MR,false,samsung/e2qsqw/e2q:17/CP2A.260605.016/S926USQU6EZIF:user/release-keys,"CHA,VZW,XAA,CCT,DSG,DSA,USC,ATT,TMK,ASR,DSH,TMB","United States",deeksha.s@samsung.com,srin-pregba@samsung.com,"2026-09-25 19:55:13 KST","2026-09-29 14:35:27 KST","2026-09-29 14:13:24 KST","2026-09-29 14:35:27 KST",,e2qsqw,2026-09-05,sumit.a@samsung.com,SRI-Noida,100.0,S926USQU6EZIF,S926USQU6EZIF,S926UOYN6EZIF,SM-S926U,PHONE,"2026-09-28 20:30:00 KST",false,FULL,Yes,SM8650,,SRI-N
5049915764113408,Regular,Approved,MR,false,samsung/q5qsqw/q5q:17/CP2A.260605.016/F946USQU8HZIH:user/release-keys,"VZW,XAA,CHA,ATT,TMB,TMK,ASR,CCT,USC","United States",akansha.s1@samsung.com,srin-pregba@samsung.com,"2026-09-25 19:40:20 KST","2026-09-28 19:35:09 KST","2026-09-28 19:11:23 KST","2026-09-28 19:35:09 KST",,q5qsqw,2026-09-05,mittal.atul@samsung.com,SRI-Noida,100.0,F946USQU8HZIH,F946USQU8HZIH,F946UOYN8HZIH,SM-F946U,PHONE,"2026-09-28 20:00:00 KST",false,FULL,Yes,SM8550,,SRI-N
5190653252468736,Regular,Approved,MR,false,samsung/e1qsqw/e1q:17/CP2A.260605.016/S921USQU6EZIF:user/release-keys,"USC,AIO,VZW,CHA,CCT,TMK,ATT,DSG,DSA,DSH,XAA,ASR,TMB","United States",umesh.k@samsung.com,srin-pregba@samsung.com,"2026-09-25 19:38:43 KST","2026-10-02 00:01:43 KST","2026-09-28 16:07:53 KST","2026-10-02 00:01:43 KST",,e1qsqw,2026-09-05,sumit.a@samsung.com,SRI-Noida,100.0,S921USQU6EZIF,S921USQU6EZIF,S921UOYN6EZIF,SM-S921U,PHONE,"2026-09-28 20:30:00 KST",false,FULL,Yes,SM8650,,SRI-N
5495523285139456,Vendor,Approved,,false,samsung/e2qsqw/e2q:14/UP1A.231005.007/S926USQU6EZIF:user/release-keys,,,deeksha.s@samsung.com,srin-pregba@samsung.com,"2026-09-25 19:31:02 KST","2026-09-29 16:00:04 KST","2026-09-29 14:04:00 KST","2026-09-29 16:00:04 KST",,e2qsqw,,sumit.a@samsung.com,SRI-Noida,100.0,S926USQU6EZIF,,,SM-S926U,PHONE,"2026-09-28 19:00:00 KST",false,,No,SM8650,,SRI-N
6518550135308288,Regular,Approved,MR,false,samsung/e3quew/e3q:17/CP2A.260605.016/S928U1UEU6EZIF:user/release-keys,"ACG,AIO,ATC,ATT,CCT,CHA,DSA,DSG,DSH,FKR,LRA,TFN,TMB,TMK,USC,VZW,XAA,XAG,XAR","United States",d2.kumar@samsung.com,srin-pregba@samsung.com,"2026-09-25 19:22:08 KST","2026-09-28 20:01:03 KST","2026-09-28 19:39:00 KST","2026-09-28 20:01:03 KST",,e3quew,2026-09-05,punit.pathak@samsung.com,SRI-Noida,100.0,S928U1UEU6EZIF,S928U1UEU6EZIF,S928U1OYM6EZIF,SM-S928U1,PHONE,"2026-09-28 20:30:00 KST",false,FULL,Yes,SM8650,,SRI-N
6741080980848640,SMR,Approved,SMR,,samsung/b5qxxx/b5q:16/BP4A.251205.006/F731BXXS7GZI1:user/release-keys,"BKD,INS,NPB,SLK","Bangladesh,India,Nepal,Sri Lanka",approval.se@samsung.com,srin-pregba@samsung.com,"2026-09-25 19:20:23 KST","2026-09-25 20:35:42 KST","2026-09-25 20:09:06 KST","2026-09-25 20:35:42 KST",,b5qxxx,2026-09-05,arshi.m@samsung.com,SRI-Noida,100.0,F731BXXS7GZI1,F731BXXS7GZE5,F731BOXM7GZE5,SM-F731B,PHONE,"2026-09-28 17:30:00 KST",false,,Yes,SM8550,,SRI-N
6025874906546176,Vendor,Approved,,false,samsung/e1qsqw/e1q:14/UP1A.231005.007/S921USQU6EZIF:user/release-keys,,,umesh.k@samsung.com,srin-pregba@samsung.com,"2026-09-25 19:20:09 KST","2026-10-02 08:00:03 KST","2026-09-28 16:06:12 KST","2026-10-02 08:00:03 KST",,e1qsqw,,sumit.a@samsung.com,SRI-Noida,100.0,S921USQU6EZIF,,,SM-S921U,PHONE,"2026-09-28 19:00:00 KST",false,,No,SM8650,,SRI-N
5744399929835520,NormalException,Approved,MR,false,samsung/e3qxxx/e3q:17/CP2A.260605.016/S928BXXU6EZIF:user/release-keys,"BKD,NPB,SLK","Bangladesh,Nepal,Sri Lanka",ruchi.joshi@samsung.com,srin-pregba@samsung.com,"2026-09-25 19:09:59 KST","2026-09-28 12:27:16 KST","2026-09-28 12:27:16 KST","2026-09-28 12:27:16 KST",,e3qxxx,2026-09-05,hyunah45.lee@samsung.com,SRI-Noida,100.0,S928BXXU6EZIF,S928BXXU6EZIF,S928BOXM6EZIF,SM-S928B,PHONE,"2026-09-28 18:30:00 KST",false,FULL,No,SM8650,,SRI-N
5474443585650688,SKU,Approved,MR,false,samsung/pa3qxxx/pa3q:17/CP2A.260605.016/S938BXXUCDZIF_OXMCDZIF:user/release-keys,XID,Indonesia,nam.dt1@samsung.com,apta.p@samsung.com,"2026-09-25 18:54:52 KST","2026-09-28 13:11:00 KST","2026-09-28 13:11:00 KST","2026-09-28 13:11:00 KST",,pa3qxxx,2026-09-05,hokyun.choi@samsung.com,SRV,100.0,S938BXXUCDZIF,S938BXXUCDZIF,S938BOXMCDZIF,SM-S938B,PHONE,"2026-09-28 18:00:00 KST",false,VARIANT,No,SM8750,,SRV
5166249952935936,Regular,Approved,MR,false,samsung/a36xqnsxx/a36xq:17/CP2A.260605.016/A366EXXUCDZIC_OXECDZIC:user/release-keys,CAU,"Armenia,Azerbaijan,Georgia",huy.dn@samsung.com,huong.thuy@samsung.com,"2026-09-25 18:53:47 KST","2026-09-28 16:36:24 KST","2026-09-28 16:01:55 KST","2026-09-28 16:36:24 KST",,a36xqnsxx,2026-09-05,hung.nguyen1@samsung.com,SRV,100.0,A366EXXUCDZIC,A366EXXUCDZIC,A366EOXECDZIC,SM-A366E,PHONE,"2026-09-28 19:30:00 KST",false,FULL,Yes,SM6475,,SRV
4831527179649024,SKU,Approved,MR,false,samsung/r13sxxx/r13s:17/CP2A.260605.016/S731BXXU9CZIF_OXM9CZIF:user/release-keys,XID,Indonesia,yen.dt@samsung.com,apta.p@samsung.com,"2026-09-25 18:53:36 KST","2026-09-28 10:30:59 KST","2026-09-28 10:30:59 KST","2026-09-28 10:30:59 KST",,r13sxxx,2026-09-05,yen.nh3@samsung.com,SRV,100.0,S731BXXU9CZIF,S731BXXU9CZIF,S731BOXM9CZIF,SM-S731B,PHONE,"2026-09-28 18:00:00 KST",false,VARIANT,No,s5e9945,,SRV
4773571293609984,SafetyNet,Approved,,,samsung/a07xx/a07:17/CP2A.260605.016/A075FXXU7DZIG_OXM7DZIG:user/release-keys,,,,srv.gba@samsung.com,"2026-09-25 18:52:00 KST","2026-09-25 18:52:15 KST",,"2026-09-25 18:52:15 KST",,a07xx,2026-09-05,doan.truong1@samsung.com,SRV,100.0,,,,SM-A075F,,,false,,No,MT6789V/CD,,
4914308781965312,SMR,Approved,SMR,,samsung/r12sxxx/r12s:16/BP4A.251205.006/S721BXXSEDZI1:user/release-keys,XID,Indonesia,approval.se@samsung.com,apta.p@samsung.com,"2026-09-25 18:49:16 KST","2026-09-25 20:01:01 KST","2026-09-25 19:39:04 KST","2026-09-25 20:01:01 KST",,r12sxxx,2026-09-05,danar.kurnia@samsung.com,SRV,100.0,S721BXXSEDZI1,S721BXXSEDZI1,S721BOLEEDZI1,SM-S721B,PHONE,"2026-09-28 17:00:00 KST",false,,Yes,s5e9945,,SRV
6526738826002432,NormalException,Approved,MR,false,samsung/b5qxxx/b5q:17/CP2A.260605.016/F731BXXU7HZIH:user/release-keys,"SLK,BKD,INS,NPB","Sri Lanka,Bangladesh,India,Nepal",akansha.s1@samsung.com,srin-pregba@samsung.com,"2026-09-25 18:37:35 KST","2026-09-28 20:37:36 KST","2026-09-28 20:37:36 KST","2026-09-28 20:37:36 KST",,b5qxxx,2026-09-05,yong_jin.kim@samsung.com,SRI-Noida,100.0,F731BXXU7HZIH,F731BXXU7HZIH,F731BOXM7HZIH,SM-F731B,PHONE,"2026-09-28 18:30:00 KST",false,FULL,No,SM8550,,SRI-N
6743967198871552,Regular,Approved,MR,false,samsung/a36xqnsser/a36xq:17/CP2A.260605.016/A366EXXUCDZIC_OXECDZIC:user/release-keys,"SER,SKZ","Belarus,Russia,Kazakhstan",vuong.hue@samsung.com,srv.gba@samsung.com,"2026-09-25 17:54:32 KST","2026-09-28 16:36:07 KST","2026-09-28 16:02:12 KST","2026-09-28 16:36:07 KST",,a36xqnsser,2026-09-05,hung.nguyen1@samsung.com,SRV,100.0,A366EXXUCDZIC,A366EXXUCDZIC,A366EOXECDZIC,SM-A366E,PHONE,"2026-09-25 23:30:00 KST",false,VARIANT,Yes,SM6475,,SRV
4787248180756480,Regular,Approved,MR,false,samsung/e3qsqw/e3q:17/CP2A.260605.016/S928USQU6EZIF:user/release-keys,"USC,DSA,TMB,ASR,ATT,VZW,TMK,CCT,XAA,CHA,DSH,DSG","United States",priyanka.l@samsung.com,srin-pregba@samsung.com,"2026-09-25 17:53:04 KST","2026-09-28 13:01:18 KST","2026-09-28 12:39:21 KST","2026-09-28 13:01:18 KST",,e3qsqw,2026-09-05,sumit.a@samsung.com,SRI-Noida,100.0,S928USQU6EZIF,S928USQU6EZIF,S928UOYN6EZIF,SM-S928U,PHONE,"2026-09-28 20:30:00 KST",false,FULL,Yes,SM8650,,SRI-N
6237622565601280,Regular,Approved,MR,false,samsung/a16xeea/a16x:17/CP2A.260605.016/A166BXXUAEZIG:user/release-keys,EUX,"Portugal,Iceland,Greece,Austria,Latvia,Netherlands,Sweden,Luxembourg,Poland,Slovakia,Slovenia,Bulgaria,France,Lithuania,Croatia,Romania,Hungary,United Kingdom,Switzerland,Spain,Czech Republic,Belgium,Norway,Finland,Denmark,Italy,Germany,Estonia",tu.nv1@samsung.com,thinh.dong@samsung.com,"2026-09-25 17:52:55 KST","2026-09-28 13:37:22 KST","2026-09-28 13:20:29 KST","2026-09-28 13:37:22 KST",,a16xeea,2026-09-05,phan.ttrang@samsung.com,SRV,100.0,A166BXXUAEZIG,A166BXXUAEZIG,A166BOXMAEZIG,SM-A166B,PHONE,"2026-09-25 23:30:00 KST",false,VARIANT,Yes,s5e8535,,SRV
5111722658758656,Regular,Approved,MR,false,samsung/a16xtur/a16x:17/CP2A.260605.016/A166BXXUAEZIG:user/release-keys,TUR,Türkiye,oanh.lt@samsung.com,srv.gba@samsung.com,"2026-09-25 17:50:22 KST","2026-09-28 12:00:15 KST","2026-09-28 11:35:45 KST","2026-09-28 12:00:06 KST",,a16xtur,2026-09-05,phan.ttrang@samsung.com,SRV,100.0,A166BXXUAEZIG,A166BXXUAEZIG,A166BOXMAEZIG,SM-A166B,PHONE,"2026-09-25 23:30:00 KST",false,VARIANT,Yes,s5e8535,,SRV
4668470088433664,SMR,Approved,SMR,,samsung/q5qxxx/q5q:16/BP4A.251205.006/F946BXXS7GZI1:user/release-keys,"BKD,INS,NPB,SLK","Bangladesh,India,Nepal,Sri Lanka",approval.se@samsung.com,srin-pregba@samsung.com,"2026-09-25 17:50:13 KST","2026-09-25 19:01:32 KST","2026-09-25 18:49:05 KST","2026-09-25 19:01:32 KST",,q5qxxx,2026-09-05,arshi.m@samsung.com,SRI-Noida,100.0,F946BXXS7GZI1,F946BXXS7GZE5,F946BOXM7GZE5,SM-F946B,PHONE,"2026-09-28 17:30:00 KST",false,,Yes,SM8550,,SRI-N
5719769299025920,SMR,Approved,SMR,,samsung/gts10fewifixx/gts10fewifi:16/BP4A.251205.006/X520XXSBCZI2_OLMBCZI2:user/release-keys,XID,Indonesia,approval.se@samsung.com,lufti.b@samsung.com,"2026-09-25 17:47:28 KST","2026-09-25 18:35:33 KST","2026-09-25 18:19:07 KST","2026-09-25 18:35:33 KST",,gts10fewifixx,2026-09-05,danar.kurnia@samsung.com,SRV,100.0,X520XXSBCZI2,,X520OLMBCZI2,SM-X520,TABLET,,false,,Yes,s5e8855,,SRV
5591870625546240,SMR,Approved,SMR,,samsung/gts11wifixx/gts11wifi:16/BP4A.251205.006/X730XXS9BZI1_OXM9BZI1:user/release-keys,XID,Indonesia,approval.se@samsung.com,lufti.b@samsung.com,"2026-09-25 17:45:40 KST","2026-09-25 18:35:41 KST","2026-09-25 18:19:32 KST","2026-09-25 18:35:41 KST",,gts11wifixx,2026-09-05,danar.kurnia@samsung.com,SRV,100.0,X730XXS9BZI1,,X730OXM9BZI1,SM-X730,TABLET,,false,,Yes,MT6991,,SRV
5287644519202816,SKU,Approved,MR,false,samsung/gts11xx/gts11:17/CP2A.260605.016/X736BXXU9CZI3_OXM9CZI3:user/release-keys,SLK,"Sri Lanka",bhawna.s1@samsung.com,srin-pregba@samsung.com,"2026-09-25 17:44:45 KST","2026-09-28 19:43:15 KST","2026-09-28 19:43:15 KST","2026-09-28 19:43:15 KST",,gts11xx,2026-09-05,yoonaa.kim@samsung.com,SRI-Noida,100.0,X736BXXU9CZI3,X736BXXU9CZI3,X736BOXM9CZI3,SM-X736B,TABLET,"2026-09-28 18:30:00 KST",false,VARIANT,No,MT6991,,SRI-N
5539011506733056,SMR,Approved,SMR,,samsung/e1sxxx/e1s:16/BP4A.251205.006/S921BXXSHDZI1:user/release-keys,"BKD,NPB,SLK","Bangladesh,Nepal,Sri Lanka",approval.se@samsung.com,srin-pregba@samsung.com,"2026-09-25 17:15:02 KST","2026-09-25 18:01:23 KST","2026-09-25 17:39:01 KST","2026-09-25 18:01:23 KST",,e1sxxx,2026-09-05,gurmeet.c@samsung.com,SRI-Noida,100.0,S921BXXSHDZI1,S921BXXSHDZI1,S921BOXMHDZI1,SM-S921B,PHONE,,false,,Yes,S5E9945,,SRI-N
5386226433785856,SKU,Approved,MR,false,samsung/a37xnaxx/a37x:17/CP2A.260605.016/A376BXXU5BZI6_OXM5BZI6:user/release-keys,"EUY,MBM","Ukraine,Macedonia,Serbia",thuynga.dt@samsung.com,srv.gba@samsung.com,"2026-09-25 17:01:24 KST","2026-09-28 09:58:31 KST","2026-09-28 09:58:31 KST","2026-09-28 09:58:31 KST",,a37xnaxx,2026-09-05,dh4447.kim@samsung.com,SRV,100.0,A376BXXU5BZI6,A376BXXU5BZI6,A376BOXM5BZI6,SM-A376B,PHONE,"2026-09-25 22:00:00 KST",false,VARIANT,No,s5e8845,,SRV
5079582478958592,Regular,Approved,MR,false,samsung/a16xxx/a16x:17/CP2A.260605.016/A166BXXUAEZIG:user/release-keys,EUY,"Kosovo,Macedonia,Serbia,Bosnia and Herzegovina,Montenegro",ng.thanhtuan@samsung.com,srv.gba@samsung.com,"2026-09-25 16:54:31 KST","2026-09-28 12:01:07 KST","2026-09-28 11:35:28 KST","2026-09-28 12:01:07 KST",,a16xxx,2026-09-05,phan.ttrang@samsung.com,SRV,100.0,A166BXXUAEZIG,A166BXXUAEZIG,A166BOXMAEZIG,SM-A166B,PHONE,"2026-09-25 23:30:00 KST",false,FULL,Yes,s5e8535,,SRV
5183842138980352,Vendor,Approved,,false,samsung/a16xxx/a16x:13/TP1A.220624.014/A166BXXUAEZIG:user/release-keys,,,ng.thanhtuan@samsung.com,thinh.dong@samsung.com,"2026-09-25 16:52:04 KST","2026-09-28 16:00:02 KST","2026-09-28 11:30:31 KST","2026-09-28 16:00:02 KST",,a16xxx,,phan.ttrang@samsung.com,SRV,100.0,A166BXXUAEZIG,,,SM-A166B,PHONE,"2026-09-25 22:30:00 KST",false,,No,s5e8535,,SRV
4771719223181312,SMR,Approved,SMR,,samsung/r12sxxx/r12s:16/BP4A.251205.006/S721BXXSEDZI1:user/release-keys,"BKD,BNG,NPB,SLK","Bangladesh,Nepal,Sri Lanka",approval.se@samsung.com,srin-pregba@samsung.com,"2026-09-25 16:37:12 KST","2026-09-25 17:36:07 KST","2026-09-25 17:09:03 KST","2026-09-25 17:36:07 KST",,r12sxxx,2026-09-05,gurmeet.c@samsung.com,SRI-Noida,100.0,S721BXXSEDZI1,S721BXXSEDZI1,S721BODMEDZI1,SM-S721B,PHONE,"2026-09-25 21:30:00 KST",false,,Yes,s5e9945,,SRI-N
5971353048186880,SafetyNet,Approved,,,samsung/a54xnsxx/a54x:17/CP2A.260605.016/A546EXXUNZZI4:user/release-keys,,,,srin-pregba@samsung.com,"2026-09-25 16:35:02 KST","2026-09-25 16:35:18 KST",,"2026-09-25 16:35:18 KST",,a54xnsxx,2026-09-05,ankur.gautam@samsung.com,SRI-Noida,100.0,,,,SM-A546E,,,false,,No,s5e8835,,
5488194728755200,Regular,Rejected,MR,false,samsung/a27xqser/a27xq:17/CP2A.260605.016/A276BXXU3BZIE_OXM3BZIE:user/release-keys,"SER,SKZ","Belarus,Russia,Kazakhstan",ducmanh.ng1@samsung.com,srv.gba@samsung.com,"2026-09-25 16:19:31 KST","2026-09-29 19:34:47 KST","2026-09-29 19:34:47 KST",,,a27xqser,2026-09-05,huy.an@samsung.com,SRV,100.0,A276BXXU3BZIE,A276BXXU3BZIE,A276BOXM3BZIE,SM-A276B,PHONE,,false,VARIANT,No,SM6475,,SRV
6368409151602688,SMR,Approved,SMR,,samsung/r12sxins/r12s:16/BP4A.251205.006/S721BXXSEDZI1:user/release-keys,INS,India,approval.se@samsung.com,srin-pregba@samsung.com,"2026-09-25 16:15:47 KST","2026-09-25 17:01:28 KST","2026-09-25 16:39:04 KST","2026-09-25 17:01:28 KST",,r12sxins,2026-09-05,gurmeet.c@samsung.com,SRI-Noida,100.0,S721BXXSEDZI1,S721BXXSEDZI1,S721BODMEDZI1,SM-S721B,PHONE,,false,,Yes,s5e9945,,SRI-N
5165669796806656,Regular,Cancelled,MR,false,samsung/a27xqtur/a27xq:17/CP2A.260605.016/A276BXXU3BZIE_OXM3BZIE:user/release-keys,TUR,Türkiye,hoai.nt4@samsung.com,srv.gba@samsung.com,"2026-09-25 16:14:50 KST","2026-09-28 18:54:31 KST",,,,a27xqtur,2026-09-05,huy.an@samsung.com,SRV,100.0,A276BXXU3BZIE,A276BXXU3BZIE,A276BOXM3BZIE,SM-A276B,PHONE,,false,VARIANT,No,SM6475,,SRV
6262250914709504,Regular,Approved,LR,false,samsung/a16xue/a16x:17/CP2A.260605.016/A166U1UEU9EZI1:user/release-keys,"ATT,USC,ACG,TFV,AIO,TMB,XAR,FKR,ATC,VZW,DSA,TMK,CCT,DSH,DSG,XAA,LRA,CHA,XAG","United States",d2.kumar@samsung.com,srin-pregba@samsung.com,"2026-09-25 15:49:10 KST","2026-09-29 19:36:23 KST","2026-09-28 20:14:00 KST","2026-09-29 19:36:23 KST",,a16xue,2026-08-05,chandan2.das@samsung.com,SRI-Noida,100.0,A166U1UEU9EZI1,A166U1UEU9EZI1,A166U1OYM9EZI1,SM-A166U1,PHONE,"2026-10-12 23:30:00 KST",false,FULL,Yes,s5e8535,SP,SRI-N
6723688846327808,Vendor,Submitted,,false,samsung/a06xxx/a06x:17/CP2A.260605.016/A066BXXU8DZI5:user/release-keys,,,vishnu.d@samsung.com,srin-pregba@samsung.com,"2026-09-25 15:33:45 KST","2026-09-25 15:52:31 KST",,,,a06xxx,,vivke.s@samsung.com,SRI-Noida,,A066BXXU8DZI5,,,SM-A066B,PHONE,"2026-09-25 23:00:00 KST",false,,No,MT6835V/TZ,,SRI-N
4608585426534400,Vendor,Approved,,false,samsung/a36xqnsxx/a36xq:15/AP3A.240905.015.A2/A366EXXUCDZIC:user/release-keys,,,huy.dn@samsung.com,srv.gba@samsung.com,"2026-09-25 15:23:54 KST","2026-09-29 00:00:03 KST","2026-09-28 15:55:57 KST","2026-09-29 00:00:03 KST",,a36xqnsxx,,hung.nguyen1@samsung.com,SRV,100.0,A366EXXUCDZIC,,,SM-A366E,PHONE,"2026-09-25 22:30:00 KST",false,,No,SM6475,,SRV
5707286513451008,Regular,Approved,MR,false,samsung/gts11ins/gts11:17/CP2A.260605.016/X736BXXU9CZI3_OXM9CZI3:user/release-keys,INS,India,r1.rawat@samsung.com,srin-pregba@samsung.com,"2026-09-25 15:09:11 KST","2026-09-25 19:01:26 KST","2026-09-25 18:49:59 KST","2026-09-25 19:01:26 KST",,gts11ins,2026-09-05,shikha.gupta@samsung.com,SRI-Noida,100.0,X736BXXU9CZI3,X736BXXU9CZI3,X736BOXM9CZI3,SM-X736B,TABLET,"2026-09-26 00:00:00 KST",false,VARIANT,Yes,MT6991,,SRI-N
4860298628694016,SKU,Approved,MR,false,samsung/a37xnaeea/a37x:17/CP2A.260605.016/A376BXXU5BZI6_OXM5BZI6:user/release-keys,"EVR,MOB,PRT,MEO,SIM,PLS,EUX,TIM,BOG,SWC,SFR","United Kingdom,Austria,Poland,Portugal,Slovenia,Iceland,Greece,Netherlands,Sweden,Latvia,Luxembourg,Slovakia,Bulgaria,France,Lithuania,Croatia,Romania,Hungary,Switzerland,Spain,Czech Republic,Belgium,Norway,Finland,Denmark,Italy,Germany,Estonia",khanh.toan@samsung.com,srv.gba@samsung.com,"2026-09-25 15:06:03 KST","2026-09-25 17:15:38 KST","2026-09-25 17:15:38 KST","2026-09-25 17:15:38 KST",,a37xnaeea,2026-09-05,dh4447.kim@samsung.com,SRV,100.0,A376BXXU5BZI6,A376BXXU5BZI6,A376BOXM5BZI6,SM-A376B,PHONE,"2026-09-25 22:00:00 KST",false,VARIANT,No,s5e8845,,SRV
5187146512334848,SKU,Approved,MR,false,samsung/a37xnaeea/a37x:17/CP2A.260605.016/A376BXXU5BZI6_OXM5BZI6:user/release-keys,"TMZ,VGR,CRO,MAX,VD2,HTS,DO2,CNX,ORO,3IE,TPL,ORS,VDC,OPV,VDF,VDI,HUI,AMO,COS,EUX,VOD,TMH,OMN,O2U,DRE,XEC,TMS,TCL,DTM,H3G,FTM","Czech Republic,Greece,Slovenia,Croatia,Austria,Germany,Sweden,Romania,Ireland,United Kingdom,Poland,Slovakia,Netherlands,Italy,Spain,Portugal,Iceland,Latvia,Luxembourg,Bulgaria,France,Lithuania,Hungary,Switzerland,Belgium,Norway,Finland,Denmark,Estonia",ly.ltt@samsung.com,srv.gba@samsung.com,"2026-09-25 15:05:41 KST","2026-09-25 16:09:21 KST","2026-09-25 16:09:21 KST","2026-09-25 16:09:21 KST",,a37xnaeea,2026-09-05,dh4447.kim@samsung.com,SRV,100.0,A376BXXU5BZI6,A376BXXU5BZI6,A376BOXM5BZI6,SM-A376B,PHONE,"2026-09-25 23:30:00 KST",false,VARIANT,No,s5e8845,,SRV
6414715005960192,Regular,Obsolete,MR,false,samsung/a05mxx/a05m:15/AP3A.240905.015.A2/A055FXXUIDZI1:user/release-keys,THL,Thailand,nam.dt1@samsung.com,srv.gba@samsung.com,"2026-09-25 14:59:34 KST","2026-10-02 18:01:47 KST","2026-10-01 15:14:59 KST",,,a05mxx,2026-09-05,chuc.tt@samsung.com,SRV,Reviewing,A055FXXUIDZI1,A055FXXUIDZI1,A055FOLMIDZI1,SM-A055F,PHONE,"2026-09-25 23:30:00 KST",false,FULL,No,MT6769V/WY,,SRV
5951962210369536,Vendor,Approved,,false,samsung/e3qsqw/e3q:14/UP1A.231005.007/S928USQU6EZIF:user/release-keys,,,priyanka.l@samsung.com,srin-pregba@samsung.com,"2026-09-25 14:47:56 KST","2026-09-28 16:00:02 KST","2026-09-28 12:36:41 KST","2026-09-28 16:00:02 KST",,e3qsqw,,sumit.a@samsung.com,SRI-Noida,100.0,S928USQU6EZIF,,,SM-S928U,PHONE,"2026-09-25 23:00:00 KST",false,,No,SM8650,,SRI-N
5408016564486144,NormalException,Approved,MR,false,samsung/q5qxxx/q5q:17/CP2A.260605.016/F946BXXU7HZIH:user/release-keys,"INS,BKD,NPB,SLK","India,Bangladesh,Nepal,Sri Lanka",bhawna.s1@samsung.com,srin-pregba@samsung.com,"2026-09-25 13:41:15 KST","2026-09-25 20:12:35 KST","2026-09-25 20:12:35 KST","2026-09-25 20:12:35 KST",,q5qxxx,2026-09-05,ccy2k@samsung.com,SRI-Noida,100.0,F946BXXU7HZIH,F946BXXU7HZIH,F946BOXM7HZIH,SM-F946B,PHONE,"2026-09-25 22:30:00 KST",false,FULL,No,SM8550,,SRI-N
4685816924471296,SMR,On_Hold,SMR,,samsung/r11qsqw/r11q:16/BP4A.251205.006/S711USQS8FZJ3:user/release-keys,"AIO,ASR,ATT,CCT,CHA,TMB,TMK,USC,VZW,XAA","United States",approval.se@samsung.com,srin-pregba@samsung.com,"2026-09-25 13:07:39 KST","2026-09-25 13:38:43 KST","2026-09-25 13:38:43 KST",,,r11qsqw,2026-10-05,pd.kandpal@samsung.com,SRI-Noida,100.0,S711USQS8FZJ3,S711USQS8FZJ3,S711UOYN8FZJ3,SM-S711U,PHONE,,false,,No,SM8450,,SRI-N
6672446765924352,SKU,Approved,MR,false,samsung/a57xnaeea/a57x:17/CP2A.260605.016/A576BXXU6BZIE_OXM6BZIE:user/release-keys,"ATL,BOG,EUX,EVR,MEO,MOB,PLS,PRT,SFR,SIM,SWC,TIM","Spain,France,Portugal,Iceland,Greece,Netherlands,Sweden,Austria,Latvia,Luxembourg,Poland,Slovakia,Slovenia,Bulgaria,Lithuania,Croatia,Romania,Hungary,United Kingdom,Switzerland,Czech Republic,Belgium,Norway,Finland,Denmark,Italy,Germany,Estonia",huy.dn@samsung.com,srv.gba@samsung.com,"2026-09-25 13:01:39 KST","2026-09-25 15:30:05 KST","2026-09-25 15:30:05 KST","2026-09-25 15:30:05 KST",,a57xnaeea,2026-09-05,jaywon.chey@samsung.com,SRV,100.0,A576BXXU6BZIE,A576BXXU6BZIE,A576BOXM6BZIE,SM-A576B,PHONE,"2026-09-25 21:30:00 KST",false,VARIANT,No,s5e8865,,SRV
5778600620195840,SKU,Approved,MR,false,samsung/a57xnaeea/a57x:17/CP2A.260605.016/A576BXXU6BZIE_OXM6BZIE:user/release-keys,"3IE,AMO,CNX,COS,CRO,DO2,DRE,DTM,EUX,FTM,H3G,HTS,HUI,MAX,O2U,OMN,OPV,ORO,ORS,TCL,TMH,TMS,TMZ,TPL,VD2,VDC,VDF,VDI,VGR,VOD,XEC","Ireland,United Kingdom,Spain,Romania,Greece,Slovenia,Croatia,Germany,Austria,Portugal,Iceland,Netherlands,Sweden,Latvia,Luxembourg,Poland,Slovakia,Bulgaria,France,Lithuania,Hungary,Switzerland,Czech Republic,Belgium,Norway,Finland,Denmark,Italy,Estonia",yen.dt@samsung.com,srv.gba@samsung.com,"2026-09-25 13:01:38 KST","2026-09-25 15:07:39 KST","2026-09-25 15:07:39 KST","2026-09-25 15:07:39 KST",,a57xnaeea,2026-09-05,jaywon.chey@samsung.com,SRV,100.0,A576BXXU6BZIE,A576BXXU6BZIE,A576BOXM6BZIE,SM-A576B,PHONE,"2026-09-25 21:30:00 KST",false,VARIANT,No,s5e8865,,SRV
5076268978798592,NormalException,Cancelled,MR,false,samsung/b6qxeea/b6q:17/CP2A.260605.016/F741BXXU4EZI8:user/release-keys,"3IE,AMO,ATL,BOG,CNX,COS,CRO,DO2,DRE,DTM,EVR,FTM,H3G,HTS,HUI,MAX,MEO,MET,MOB,MOT,O2U,OMN,OPV,ORO,ORS,PLS,PRT,SFR,SIM,SWC,TCL,TIM,TMH,TMS,TMZ,TPL,VD2,VDC,VDF,VDI,VGR,VIP,VOD,XEC","Ireland,United Kingdom,Spain,France,Romania,Greece,Slovenia,Croatia,Germany,Austria,Sweden,Italy,Portugal,Poland,Slovakia,Switzerland,Hungary,Czech Republic,Netherlands",vuong.hue@samsung.com,srv.gba@samsung.com,"2026-09-25 12:38:19 KST","2026-10-05 18:54:33 KST",,,,b6qxeea,2026-09-05,duy.th1@samsung.com,SRV,100.0,F741BXXU4EZI8,F741BXXU4EZI8,F741BOXM4EZI8,SM-F741B,PHONE,"2026-09-25 21:30:00 KST",false,VARIANT,No,SM8650,,SRV
5607911724417024,SKU,Pending,MR,false,samsung/r13sxeea/r13s:17/CP2A.260605.016/S731BXXU9CZI5_OXM9CZI5:user/release-keys,"3IE,AMO,ATL,BOG,CNX,COS,CRO,DO2,DRE,DTM,EUX,EVR,FTM,H3G,HTS,HUI,MAX,MEO,MOB,O2U,OMN,OPV,ORO,ORS,PLS,PRT,SFR,SIM,SWC,TCL,TIM,TMH,TMS,TMZ,TPL,VD2,VDC,VDF,VDI,VGR,VOD,XEC","Ireland,United Kingdom,Spain,France,Romania,Greece,Slovenia,Croatia,Germany,Austria,Portugal,Iceland,Sweden,Netherlands,Latvia,Luxembourg,Poland,Slovakia,Bulgaria,Lithuania,Hungary,Switzerland,Czech Republic,Belgium,Norway,Finland,Denmark,Italy,Estonia",tu.nv1@samsung.com,srv.gba@samsung.com,"2026-09-25 12:37:54 KST","2026-09-25 16:11:40 KST",,,,r13sxeea,2026-09-05,son.nh1@samsung.com,SRV,Reviewing,S731BXXU9CZI5,S731BXXU9CZI5,S731BOXM9CZI5,SM-S731B,PHONE,"2026-09-25 21:30:00 KST",false,VARIANT,No,s5e9945,,SRV
4609331744210944,SKU,Approved,MR,false,samsung/a27xqeea/a27xq:17/CP2A.260605.016/A276BXXU3BZI8_OXM3BZI8:user/release-keys,"3IE,MEO,OPV,COS,CNX,ATL,VOD,EUX,VD2,SIM,ORS,TPL,DO2,BOG,HUI,ORO,VDI,TMS,VDC,OMN,EVR,MAX,AMO,TMZ,TCL,XEC,CRO,FTM,VGR,SFR,PLS,DTM,TMH,VDF,PRT,O2U,H3G,TIM","Ireland,United Kingdom,Portugal,Poland,Greece,Romania,Spain,Iceland,Netherlands,Sweden,Austria,Latvia,Luxembourg,Slovakia,Slovenia,Bulgaria,France,Lithuania,Croatia,Hungary,Switzerland,Czech Republic,Belgium,Norway,Finland,Denmark,Italy,Germany,Estonia",oanh.lt@samsung.com,hai.anh@samsung.com,"2026-09-25 12:36:56 KST","2026-09-25 15:10:21 KST","2026-09-25 15:10:21 KST","2026-09-25 15:10:21 KST",,a27xqeea,2026-09-05,ymin45.lee@samsung.com,SRV,100.0,A276BXXU3BZI8,A276BXXU3BZI8,A276BOXM3BZI8,SM-A276B,PHONE,"2026-09-25 21:30:00 KST",false,VARIANT,No,SM6475,,SRV
4550475861196800,NormalException,Cancelled,MR,false,samsung/dm2qxeea/dm2q:17/CP2A.260605.016/S916BXXUAGZI5:user/release-keys,"TMZ,AMO,MAX,VD2,COS,VOD,TMH,OMN,BTE,PRT,MOT,VDC,PLS,MEO,XEC,VDF,BOG,TMS,FTM,SWC,VGR,MOB,CRO,O2C,DO2,HTS,3IE,TPL,BTB,ORS,TNL,SIM,DRE,TIM,ATL,VDI,TCL,VIP,MET,H3G,HUI,SFR,CNX,DTM,EVR,O2U,OPV,ORO","Czech Republic,Spain,Austria,Germany,Greece,United Kingdom,Hungary,Italy,Poland,Slovenia,Portugal,Netherlands,France,Slovakia,Switzerland,Croatia,Sweden,Ireland,Romania",thuynga.dt@samsung.com,srv.gba@samsung.com,"2026-09-25 12:36:06 KST","2026-09-29 13:36:39 KST",,,,dm2qxeea,2026-09-05,nhung.hh@samsung.com,SRV,100.0,S916BXXUAGZI5,S916BXXUAGZI5,S916BOXMAGZI5,SM-S916B,PHONE,"2026-09-25 21:30:00 KST",false,VARIANT,No,SM8550,,SRV
5488322571141120,NormalException,Approved,MR,false,samsung/b5qxeea/b5q:17/CP2A.260605.016/F731BXXU7HZIH:user/release-keys,"VD2,O2C,MOT,VIP,SIM,FTM,VDF,VDC,TMH,O2U,PRT,BOG,3IE,OMN,SWC,TMZ,ORO,H3G,MOB,OPV,XEC,DTM,TIM,DO2,TCL,COS,PLS,MEO,TPL,CNX,TMS,CRO,MAX,EVR,HUI,VGR,ORS,DRE,TNL,VDI,HTS,VOD,SFR,ATL,AMO,MET","Germany,Czech Republic,Slovenia,Croatia,France,Netherlands,Hungary,United Kingdom,Poland,Ireland,Italy,Switzerland,Romania,Austria,Spain,Portugal,Greece,Slovakia,Sweden",hoai.nt4@samsung.com,huyen.ntn1@samsung.com,"2026-09-25 12:12:25 KST","2026-09-28 12:44:35 KST","2026-09-28 12:44:35 KST","2026-09-28 12:44:35 KST",,b5qxeea,2026-09-05,ha.hoang@samsung.com,SRV,100.0,F731BXXU7HZIH,F731BXXU7HZIH,F731BOXM7HZIH,SM-F731B,PHONE,"2026-09-25 21:30:00 KST",false,VARIANT,No,SM8550,,SRV
6211329782448128,NormalException,Approved,MR,false,samsung/q5qxxx/q5q:17/CP2A.260605.016/F946BTBU7HZIH:user/release-keys,"XTC,XXV,THL","Philippines,Vietnam,Thailand",ducmanh.ng1@samsung.com,duong.dtd@samsung.com,"2026-09-25 11:51:13 KST","2026-09-28 11:23:24 KST","2026-09-28 11:23:24 KST","2026-09-28 11:23:24 KST",,q5qxxx,2026-09-05,dat.tien@samsung.com,SRV,100.0,F946BTBU7HZIH,F946BXXU7HZIH,F946BOXT7HZIH,SM-F946B,PHONE,"2026-09-25 20:00:00 KST",false,FULL,No,SM8550,,SRV
5462026466099200,Regular,Obsolete,MR,false,samsung/a05mser/a05m:15/AP3A.240905.015.A2/A055FXXUIDZI1:user/release-keys,SER,Russia,hoai.nt4@samsung.com,srv.gba@samsung.com,"2026-09-25 11:42:06 KST","2026-10-02 18:01:35 KST","2026-10-01 15:15:33 KST",,,a05mser,2026-09-05,chuc.tt@samsung.com,SRV,Reviewing,A055FXXUIDZI1,A055FXXUIDZI1,A055FOLMIDZI1,SM-A055F,PHONE,,false,VARIANT,No,MT6769V/WY,,SRV
6271047007731712,NormalException,Approved,MR,false,samsung/b5qxxx/b5q:17/CP2A.260605.016/F731BXXU7HZIH:user/release-keys,"OPS,TEL,XXV,MSR,ECT,XSA,XTC,CAU,VAU,SIN,SEK,XSG,KSA,XNZ,ACR,MID,STH,LYS,MBM,ILO,XFV,DKR,XFA,TOP,THL,FWD,TUN,XSP,SKZ,ILP,EGY,AFR,GLB,AFG,XME,MWD,MM1,PKD","Australia,Vietnam,Serbia,Nigeria,Philippines,Armenia,Azerbaijan,Georgia,Singapore,Ukraine,United Arab Emirates,Saudi Arabia,New Zealand,Ghana,Iraq,Libya,Macedonia,Israel,South Africa,Senegal,Myanmar,Cambodia,Thailand,Laos,Morocco,Tunisia,Kazakhstan,Egypt,Gabon,Tanzania,Uganda,Democratic Republic of the Congo,Kenya,Afghanistan,Malaysia,Pakistan",hoai.nt4@samsung.com,huyen.ntn1@samsung.com,"2026-09-25 11:41:54 KST","2026-09-28 10:51:50 KST","2026-09-28 10:51:50 KST","2026-09-28 10:51:50 KST",,b5qxxx,2026-09-05,yong_jin.kim@samsung.com,SRV,100.0,F731BXXU7HZIH,F731BXXU7HZIH,F731BOXM7HZIH,SM-F731B,PHONE,"2026-09-25 21:30:00 KST",false,FULL,No,SM8550,,SRV
5892922314850304,Regular,Obsolete,MR,false,samsung/a05mtur/a05m:15/AP3A.240905.015.A2/A055FXXUIDZI1:user/release-keys,TUR,Turkey,ly.ltt@samsung.com,srv.gba@samsung.com,"2026-09-25 11:41:39 KST","2026-10-02 18:01:51 KST","2026-10-01 15:15:15 KST",,,a05mtur,2026-09-05,chuc.tt@samsung.com,SRV,Reviewing,A055FXXUIDZI1,A055FXXUIDZI1,A055FOLMIDZI1,SM-A055F,PHONE,,false,VARIANT,No,MT6769V/WY,,SRV
6053883864678400,Vendor,Obsolete,,false,samsung/a05mxx/a05m:15/AP3A.240905.015.A2/A055FXXUIDZI1:user/release-keys,,,nam.dt1@samsung.com,srv.gba@samsung.com,"2026-09-25 11:41:28 KST","2026-10-02 18:01:47 KST","2026-10-01 15:10:44 KST",,,a05mxx,,chuc.tt@samsung.com,SRV,Reviewing,A055FXXUIDZI1,,,SM-A055F,PHONE,"2026-09-25 20:30:00 KST",false,,No,MT6769V/WY,,SRV
6374722904522752,SafetyNet,Approved,,,samsung/gts10fepxx/gts10fep:17/CP2A.260605.016/X626BXXUBDZI7_OXMBDZI7:user/release-keys,,,,srv.gba@samsung.com,"2026-09-25 11:34:38 KST","2026-09-25 11:34:55 KST",,"2026-09-25 11:34:55 KST",,gts10fepxx,2026-09-05,hieu.nm2@samsung.com,SRV,100.0,,,,SM-X626B,,,false,,No,s5e8855,,
6381254593478656,SafetyNet,Approved,,,samsung/gts10fepeea/gts10fep:17/CP2A.260605.016/X626BXXUBDZI7_OXMBDZI7:user/release-keys,,,,srv.gba@samsung.com,"2026-09-25 11:33:42 KST","2026-09-25 11:33:58 KST",,"2026-09-25 11:33:58 KST",,gts10fepeea,2026-09-05,hieu.nm2@samsung.com,SRV,100.0,,,,SM-X626B,,,false,,No,s5e8855,,
5654345068838912,SMR,Approved,SMR,,samsung/xcoverpro2xx/xcoverpro2:16/BP2A.250605.031.A3/G736BXXSCGZI2:user/release-keys,"BRI,TEL,THL,XME,XNZ,XSA,XSP","Taiwan,Australia,Thailand,Malaysia,New Zealand,Singapore",approval.se@samsung.com,srv.gba@samsung.com,"2026-09-25 11:17:58 KST","2026-09-25 17:35:23 KST","2026-09-25 11:39:04 KST","2026-09-25 17:35:23 KST",,xcoverpro2xx,2026-09-05,hoang.vn@samsung.com,SRV,100.0,G736BXXSCGZI2,G736BXXSCGZI2,G736BOLMCGZI2,SM-G736B,PHONE,,false,,Yes,SM7325,,SRV
5906740633927680,SMR,Approved,SMR,,samsung/xcoverpro2tur/xcoverpro2:16/BP2A.250605.031.A3/G736BXXSCGZI2:user/release-keys,TUR,Turkey,approval.se@samsung.com,srv.gba@samsung.com,"2026-09-25 11:17:38 KST","2026-09-25 17:37:17 KST","2026-09-25 11:49:03 KST","2026-09-25 17:37:17 KST",,xcoverpro2tur,2026-09-05,hoang.vn@samsung.com,SRV,100.0,G736BXXSCGZI2,G736BXXSCGZI2,G736BOJMCGZI2,SM-G736B,PHONE,"2026-09-25 19:00:00 KST",false,,Yes,SM7325,,SRV
5256409906413568,SMR,Approved,SMR,,samsung/xcoverpro2xx/xcoverpro2:16/BP2A.250605.031.A3/G736BXXSCGZI2:user/release-keys,"EGY,ILO,ILP,KSA,MID,MWD,XFA,XSG","Egypt,Israel,Palestine,Saudi Arabia,Lebanon,Iraq,Jordan,Morocco,South Africa,Qatar,United Arab Emirates,Kuwait,Bahrain,Oman",approval.se@samsung.com,srv.gba@samsung.com,"2026-09-25 11:17:23 KST","2026-09-25 17:35:23 KST","2026-09-25 11:49:31 KST","2026-09-25 17:35:23 KST",,xcoverpro2xx,2026-09-05,hoang.vn@samsung.com,SRV,100.0,G736BXXSCGZI2,G736BXXSCGZI2,G736BOJMCGZI2,SM-G736B,PHONE,"2026-09-25 19:00:00 KST",false,,Yes,SM7325,,SRV
5081018474430464,SMR,Approved,SMR,,samsung/xcoverpro2xx/xcoverpro2:16/BP2A.250605.031.A3/G736BXXSCGZI2:user/release-keys,"EUY,CAU,MSR,SKZ,TOP","Serbia,Armenia,Azerbaijan,Georgia,Mongolia,Kazakhstan",approval.se@samsung.com,srv.gba@samsung.com,"2026-09-25 11:17:05 KST","2026-09-25 17:35:23 KST","2026-09-25 11:59:05 KST","2026-09-25 17:35:23 KST",,xcoverpro2xx,2026-09-05,hoang.vn@samsung.com,SRV,100.0,G736BXXSCGZI2,G736BXXSCGZI2,G736BOXMCGZI2,SM-G736B,PHONE,"2026-09-25 19:00:00 KST",false,,Yes,SM7325,,SRV
5085607646986240,SMR,Approved,SMR,,samsung/xcoverpro2eea/xcoverpro2:16/BP2A.250605.031.A3/G736BXXSCGZI2:user/release-keys,EUX,Germany,approval.se@samsung.com,srv.gba@samsung.com,"2026-09-25 11:16:48 KST","2026-09-25 17:36:56 KST","2026-09-25 11:59:27 KST","2026-09-25 17:36:56 KST",,xcoverpro2eea,2026-09-05,hoang.vn@samsung.com,SRV,100.0,G736BXXSCGZI2,G736BXXSCGZI2,G736BOXMCGZI2,SM-G736B,PHONE,"2026-09-25 19:00:00 KST",false,,Yes,SM7325,,SRV
5314172586033152,NormalException,Approved,MR,false,samsung/q5qxxx/q5q:17/CP2A.260605.016/F946BXXU7HZIH:user/release-keys,"AFG,SKZ,XTC,STH,VAU,ILP,AFR,MM1,FWD,XFA,OPS,KSA,THL,MBM,XNZ,LYS,XSA,PKD,MID,XFV,DKR,TUN,MSR,XSG,XME,XSP,TOP,CAU,EGY,ECT,SEK,SIN,TEL,GLB,ACR,ILO,MWD,XXV","Afghanistan,Kazakhstan,Philippines,Singapore,Australia,Israel,Gabon,Senegal,Tanzania,Uganda,Democratic Republic of the Congo,Kenya,Morocco,South Africa,Saudi Arabia,Myanmar,Cambodia,Thailand,Laos,Macedonia,Serbia,New Zealand,Libya,Pakistan,Iraq,Tunisia,United Arab Emirates,Malaysia,Armenia,Azerbaijan,Georgia,Egypt,Nigeria,Ukraine,Ghana,Vietnam",nam.dt1@samsung.com,srv.gba@samsung.com,"2026-09-25 10:35:19 KST","2026-09-25 17:14:02 KST","2026-09-25 17:14:02 KST","2026-09-25 17:14:02 KST",,q5qxxx,2026-09-05,ccy2k@samsung.com,SRV,100.0,F946BXXU7HZIH,F946BXXU7HZIH,F946BOXM7HZIH,SM-F946B,PHONE,"2026-09-25 21:30:00 KST",false,FULL,No,SM8550,,SRV
5326137022742528,SMR,On_Hold,SMR,,samsung/a34xub/a34x:16/BP4A.251205.006/A346MUBSHFZI5:user/release-keys,"CGU,CHE,CHL,CHO,CHT,CHX,COB,COL,COO,CRC,DOR,EBE,ECO,EON,GLO,NBS,PEO,PET,PGU,PNT,SAM","Guatemala,Chile,Colombia,Costa Rica,Dominican Republic,Ecuador,Nicaragua,Peru",approval.se@samsung.com,googleapproval.sidia@samsung.com,"2026-09-25 09:04:18 KST","2026-09-25 09:38:43 KST","2026-09-25 09:38:43 KST",,,a34xub,2026-10-05,stefano.serra@samsung.com,SIDIA,100.0,A346MUBSHFZI5,A346MUBSHFZI5,A346MOWBHFZI5,SM-A346M,PHONE,,false,,No,MT6877V/TTZA,,SIDIA
4934260884766720,Regular,Approved,MR,false,samsung/a37xnsxx/a37x:17/CP2A.260605.016/A376BXXU5BZI6_OWB5BZI6:user/release-keys,"CGU,CHE,CHL,CHO,CHT,COB,COL,COM,COO,CRC,DOR,ECO,EON,EUY,GLO,PEO,PET,PGU,PNT,SAM","Guatemala,Chile,Colombia,Costa Rica,Dominican Republic,Ecuador,Kosovo,Ukraine,Macedonia,Serbia,Bosnia and Herzegovina,Montenegro,Albania,Peru",welton.seabra@samsung.com,googleapproval.sidia@samsung.com,"2026-09-25 08:47:04 KST","2026-09-25 22:35:27 KST","2026-09-25 22:19:11 KST","2026-09-25 22:35:27 KST",,a37xnsxx,2026-09-05,orlithon.barbosa@samsung.com,SIDIA,100.0,A376BXXU5BZI6,A376BXXU5BZI6,A376BOWB5BZI6,SM-A376B,PHONE,"2026-09-26 05:00:00 KST",false,VARIANT,Yes,S5E8845(Exynos1480),,SIDIA
4816372085555200,Regular,Rejected,MR,false,samsung/a05mub/a05m:15/AP3A.240905.015.A2/A055MUBUKDZI1:user/release-keys,TPA,Panama,jonathan.g@samsung.com,googleapproval.sidia@samsung.com,"2026-09-25 08:38:49 KST","2026-10-02 07:12:42 KST","2026-10-02 07:12:42 KST",,,a05mub,2026-09-05,matheus.lopes@samsung.com,SIDIA,100.0,A055MUBUKDZI1,A055MUBUKDZI1,A055MOWOKDZI1,SM-A055M,PHONE,"2026-09-26 04:30:00 KST",false,FULL,No,MT6769V/WY,,SIDIA
5342935612915712,Vendor,Rejected,,false,samsung/a05mub/a05m:15/AP3A.240905.015.A2/A055MUBUKDZI1:user/release-keys,,,jonathan.g@samsung.com,googleapproval.sidia@samsung.com,"2026-09-25 07:49:33 KST","2026-10-02 07:14:43 KST","2026-10-02 07:14:43 KST",,,a05mub,,matheus.lopes@samsung.com,SIDIA,100.0,A055MUBUKDZI1,,,SM-A055M,PHONE,"2026-09-26 03:30:00 KST",false,,No,MT6769V/WY,,SIDIA
5486929391124480,SMR,Approved,SMR,,samsung/q6qxxx/q6q:16/BP4A.251205.006/F956BXXS4DZI1:user/release-keys,"ARO,CDR,CGU,CHO,COM,COO,CRC,CTI,ECO,EON,GLO,MXO,PEO,PGU,TCE,UPO,UYO,ZTA,ZTM,ZTO,ZVV","Argentina,Dominican Republic,Guatemala,Chile,Colombia,Costa Rica,Ecuador,Mexico,Peru,Paraguay,Uruguay,Brazil",approval.se@samsung.com,googleapproval.sidia@samsung.com,"2026-09-25 07:28:19 KST","2026-09-25 08:36:40 KST","2026-09-25 08:19:07 KST","2026-09-25 08:36:40 KST",,q6qxxx,2026-09-05,vinicius.souza@samsung.com,SIDIA,100.0,F956BXXS4DZI1,F956BXXS4DZE1,F956BOWO4DZF1,SM-F956B,PHONE,"2026-09-26 02:00:00 KST",false,,Yes,SM8650,,SIDIA
6014517201076224,NormalException,Approved,MR,false,samsung/q5qxxx/q5q:17/CP2A.260605.016/F946BXXU7HZIH:user/release-keys,"UFU,GLO,SAM,PET,COB,PGU,PSN,CGU,UYO,CHT,BVO,ANC,EBE,CDR,TPA,PEO,CHX,ZTA,GTO,EON,ECO,CTU,COO,UFN,CHL,PNT,CHO,COM,CTI,UPO,ZTO,CHE,ZVV,PSP,ZTM,TGP,ARO,TCE,MXO,CRC,DOR","Uruguay,Guatemala,Peru,Colombia,Argentina,Chile,Bolivia,Ecuador,Dominican Republic,Panama,Brazil,Paraguay,Mexico,Costa Rica",dinara.araujo@samsung.com,googleapproval.sidia@samsung.com,"2026-09-25 07:22:28 KST","2026-09-25 23:31:05 KST","2026-09-25 23:31:05 KST","2026-09-25 23:31:05 KST",,q5qxxx,2026-09-05,ccy2k@samsung.com,SIDIA,100.0,F946BXXU7HZIH,F946BXXU7HZIH,"F946BOWO7HZIH,F946BOXM7HZIH",SM-F946B,PHONE,"2026-09-26 04:30:00 KST",false,FULL,No,SM8550,,SIDIA
5581245128114176,Regular,Approved,MR,false,samsung/a37xnsxx/a37x:17/CP2A.260605.016/A376BXXU5BZI6_OWO5BZI6:user/release-keys,"ARO,BVO,CDR,CTI,CTP,CTU,EUY,GTO,IUS,MXO,PSN,PSP,TCE,UFN,UPO,UYO,ZTA,ZTM,ZTO,ZVV","Argentina,Bolivia,Dominican Republic,Paraguay,Uruguay,Kosovo,Ukraine,Macedonia,Serbia,Bosnia and Herzegovina,Montenegro,Albania,Guatemala,Mexico,Brazil",paulo.cunha@samsung.com,googleapproval.sidia@samsung.com,"2026-09-25 06:02:48 KST","2026-09-25 11:36:47 KST","2026-09-25 11:19:59 KST","2026-09-25 11:36:47 KST",,a37xnsxx,2026-09-05,orlithon.barbosa@samsung.com,SIDIA,100.0,A376BXXU5BZI6,A376BXXU5BZI6,A376BOWO5BZI6,SM-A376B,PHONE,"2026-09-26 05:00:00 KST",false,VARIANT,Yes,S5E8845(Exynos1480),,SIDIA
6324909722828800,SMR,Approved,SMR,,samsung/b8sxxx/b8s:17/CP2A.260605.016/F776BXXS2AZIH_OWO2AZIH:user/release-keys,"CDR,CGU,DOR,ECO,EON,GLO,GTO,MXO,PGU,TCE,ZTA,ZTM,ZTO,ZVV","Dominican Republic,Guatemala,Ecuador,Mexico,Brazil",approval.se@samsung.com,googleapproval.sidia@samsung.com,"2026-09-25 05:49:32 KST","2026-09-25 13:01:49 KST","2026-09-25 06:49:03 KST","2026-09-25 13:01:49 KST",,b8sxxx,2026-10-05,a.maewe@samsung.com,SIDIA,100.0,F776BXXS2AZIH,F776BXXU2AZI5,F776BOWO2AZIH,SM-F776B,PHONE,"2026-09-26 02:00:00 KST",false,,Yes,s5e9965,,SIDIA
6044190660362240,Regular,Approved,MR,false,samsung/r13sue/r13s:17/CP2A.260605.016/S731U1UEU9CZIF_OWA9CZIF:user/release-keys,"PCT,XAA,LLA","Puerto Rico,United States",welton.seabra@samsung.com,mauricio.batista@samsung.com,"2026-09-25 05:19:37 KST","2026-09-25 06:36:18 KST","2026-09-25 06:01:42 KST","2026-09-25 06:36:18 KST",,r13sue,2026-09-05,patriane.araujo@samsung.com,SIDIA,100.0,S731U1UEU9CZIF,S731U1UEU9CZIF,S731U1OWA9CZIF,SM-S731U1,PHONE,"2026-09-26 04:30:00 KST",false,VARIANT,Yes,s5e9945,,SIDIA
5181974499295232,SMR,Approved,SMR,,samsung/b8quew/b8q:17/CP2A.260605.016/F776U1UES3AZIJ_OWA3AZIJ:user/release-keys,"LLA,PCT","Puerto Rico",paulo.cunha@samsung.com,googleapproval.sidia@samsung.com,"2026-09-25 04:26:04 KST","2026-09-25 10:36:47 KST","2026-09-25 05:38:39 KST","2026-09-25 10:36:47 KST",,b8quew,2026-10-05,a.maewe@samsung.com,SIDIA,100.0,F776U1UES3AZIJ,F776U1UES3AZIJ,F776U1OWA3AZIJ,SM-F776U1,PHONE,,false,,Yes,SM8850,,SIDIA
6752713966878720,SMR,On_Hold,SMR,,samsung/a34xub/a34x:16/BP4A.251205.006/A346MUBSHFZI5:user/release-keys,"ANC,ARO,BVO,CDR,COM,CTI,CTP,CTU,GTO,IUS,MXO,PSN,PSP,TCE,TGP,TMM,TPA,UFN,UFU,UPO,UYO,ZTA,ZTM,ZTO,ZVV","Uruguay,Argentina,Bolivia,Dominican Republic,Colombia,Paraguay,Guatemala,Mexico,Panama,Brazil",approval.se@samsung.com,googleapproval.sidia@samsung.com,"2026-09-25 04:18:02 KST","2026-09-25 04:48:43 KST","2026-09-25 04:48:43 KST",,,a34xub,2026-10-05,stefano.serra@samsung.com,SIDIA,100.0,A346MUBSHFZI5,A346MUBSHFZI5,A346MOWOHFZI5,SM-A346M,PHONE,"2026-09-26 02:00:00 KST",false,,No,MT6877V/TTZA,,SIDIA
4988659497697280,SMR,Approved,SMR,,samsung/a08ub/a08:17/CP2A.260605.016/A085MUBS2AZI2_OWO2AZI2:user/release-keys,"ARO,BVO,CDR,CGU,CHE,CHL,CHO,CHT,COM,COO,CTI,CTP,CTU,ECO,GTO,IUS,MXO,PEO,PET,PGU,PNT,PSN,SAM,TCE,UFN,UPO,UYO,ZTM,ZTO,ZVV","Argentina,Bolivia,Dominican Republic,Guatemala,Chile,Colombia,Paraguay,Uruguay,Ecuador,Mexico,Peru,Brazil",dinara.araujo@samsung.com,googleapproval.sidia@samsung.com,"2026-09-25 04:04:57 KST","2026-09-25 22:35:42 KST","2026-09-25 22:07:30 KST","2026-09-25 22:35:42 KST",,a08ub,2026-09-05,marcos.pereira@samsung.com,SIDIA,100.0,A085MUBS2AZI2,A085MUBS2AZI2,A085MOWO2AZI2,SM-A085M,PHONE,"2026-09-26 02:00:00 KST",false,,Yes,MT6789V/CD,,SIDIA
6345690217447424,NormalException,Approved,MR,false,samsung/q6qxxx/q6q:17/CP2A.260605.016/F956BXXU4EZIH:user/release-keys,"ARO,CDR,CGU,CHO,COM,COO,CRC,CTI,ECO,EON,GLO,MXO,PEO,PGU,TCE,UPO,UYO,ZTA,ZTM,ZTO,ZVV","Argentina,Dominican Republic,Guatemala,Chile,Colombia,Costa Rica,Ecuador,Mexico,Peru,Paraguay,Uruguay,Brazil",paulo.cunha@samsung.com,googleapproval.sidia@samsung.com,"2026-09-25 04:03:45 KST","2026-09-25 07:26:27 KST","2026-09-25 07:26:27 KST","2026-09-25 07:26:27 KST",,q6qxxx,2026-09-05,mailtolim@samsung.com,SIDIA,100.0,F956BXXU4EZIH,F956BXXU4EZIH,F956BOWO4EZIH,SM-F956B,PHONE,"2026-09-26 04:30:00 KST",false,FULL,No,SM8650,,SIDIA
5090831937830912,SMR,Approved,SMR,,samsung/q8qxxx/q8q:17/CP2A.260605.016/F976BXXS3AZIH_OWO3AZIH:user/release-keys,"CDR,CGU,DOR,ECO,EON,GLO,GTO,MXO,PGU,TCE,ZTA,ZTM,ZTO,ZVV","Dominican Republic,Guatemala,Ecuador,Mexico,Brazil",approval.se@samsung.com,googleapproval.sidia@samsung.com,"2026-09-25 02:20:09 KST","2026-09-25 11:36:13 KST","2026-09-25 03:19:05 KST","2026-09-25 11:36:13 KST",,q8qxxx,2026-10-05,a.maewe@samsung.com,SIDIA,100.0,F976BXXS3AZIH,F976BXXU3AZI5,F976BOWO3AZIH,SM-F976B,PHONE,"2026-09-25 06:00:00 KST",false,,Yes,SM8850,,SIDIA
6406855819788288,SMR,Approved,SMR,,samsung/q8qxxx/q8q:17/CP2A.260605.016/F976BXXS3AZIJ_OWO3AZIJ:user/release-keys,"CDR,CGU,DOR,ECO,EON,GLO,GTO,MXO,PGU,TCE,ZTA,ZTM,ZTO,ZVV","Dominican Republic,Guatemala,Ecuador,Mexico,Brazil",approval.se@samsung.com,googleapproval.sidia@samsung.com,"2026-09-25 01:51:04 KST","2026-09-25 10:35:28 KST","2026-09-25 02:49:03 KST","2026-09-25 10:35:28 KST",,q8qxxx,2026-10-05,a.maewe@samsung.com,SIDIA,100.0,F976BXXS3AZIJ,F976BXXU3AZI5,F976BOWO3AZIJ,SM-F976B,PHONE,"2026-09-25 02:00:00 KST",false,,Yes,SM8850,,SIDIA
4701164419678208,SMR,Approved,SMR,,samsung/h8quew/h8q:17/CP2A.260605.016/F971U1UES3AZIJ_OWA3AZIJ:user/release-keys,"LLA,PCT","Puerto Rico",paulo.cunha@samsung.com,alves.r@samsung.com,"2026-09-25 01:48:45 KST","2026-09-25 08:00:42 KST","2026-09-25 07:23:31 KST","2026-09-25 08:00:42 KST",,h8quew,2026-10-05,a.maewe@samsung.com,SIDIA,100.0,F971U1UES3AZIJ,F971U1UES3AZIJ,F971U1OWA3AZIJ,SM-F971U1,PHONE,"2026-09-25 02:00:00 KST",false,,Yes,SM8850,,SIDIA
4780295132020736,SMR,Approved,SMR,,samsung/h8qxxx/h8q:17/CP2A.260605.016/F971BXXS3AZIJ_OWO3AZIJ:user/release-keys,"CDR,CGU,DOR,ECO,EON,GLO,GTO,MXO,PGU,TCE,ZTA,ZTM,ZTO,ZVV","Dominican Republic,Guatemala,Ecuador,Mexico,Brazil",approval.se@samsung.com,googleapproval.sidia@samsung.com,"2026-09-25 01:46:42 KST","2026-09-25 10:02:11 KST","2026-09-25 02:19:10 KST","2026-09-25 10:02:11 KST",,h8qxxx,2026-10-05,a.maewe@samsung.com,SIDIA,100.0,F971BXXS3AZIJ,F971BXXU3AZI5,F971BOWO3AZIJ,SM-F971B,PHONE,"2026-09-25 02:00:00 KST",false,,Yes,SM8850,,SIDIA
5735217826627584,SMR,Approved,SMR,,samsung/h8qxxx/h8q:17/CP2A.260605.016/F971BXXS3AZIH_OWO3AZIH:user/release-keys,"CDR,CGU,DOR,ECO,EON,GLO,GTO,MXO,PGU,TCE,ZTA,ZTM,ZTO,ZVV","Dominican Republic,Guatemala,Ecuador,Mexico,Brazil",approval.se@samsung.com,googleapproval.sidia@samsung.com,"2026-09-25 01:46:35 KST","2026-09-25 08:36:45 KST","2026-09-25 02:20:03 KST","2026-09-25 08:36:45 KST",,h8qxxx,2026-10-05,a.maewe@samsung.com,SIDIA,100.0,F971BXXS3AZIH,F971BXXU3AZI5,F971BOWO3AZIH,SM-F971B,PHONE,"2026-09-25 02:00:00 KST",false,,Yes,SM8850,,SIDIA
5445525906391040,SMR,Approved,SMR,,samsung/q8quew/q8q:17/CP2A.260605.016/F976U1UES3AZIJ_OWA3AZIJ:user/release-keys,"LLA,PCT","Puerto Rico",paulo.cunha@samsung.com,alves.r@samsung.com,"2026-09-25 01:36:38 KST","2026-09-25 07:36:25 KST","2026-09-25 07:21:35 KST","2026-09-25 07:36:25 KST",,q8quew,2026-10-05,a.maewe@samsung.com,SIDIA,100.0,F976U1UES3AZIJ,F976U1UES3AZIJ,F976U1OWA3AZIJ,SM-F976U1,PHONE,"2026-09-25 02:00:00 KST",false,,Yes,SM8850,,SIDIA
6028623685615616,SMR,Approved,SMR,,samsung/m1sxxx/m1s:17/CP2A.260605.016/S942BXXS4BZIG_OWO4BZIG:user/release-keys,"ARO,BVO,CDR,CGU,CHE,CHL,CHO,CHT,COB,COM,COO,CRC,CTI,CTP,CTU,DOR,ECO,EON,GLO,GTO,IUS,MXO,PEO,PET,PGU,PNT,PSN,PSP,SAM,TCE,TGP,UFN,UPO,UYO,ZTA,ZTM,ZTO,ZVV","Argentina,Bolivia,Dominican Republic,Guatemala,Chile,Colombia,Costa Rica,Paraguay,Uruguay,Ecuador,Mexico,Peru,Brazil",approval.se@samsung.com,googleapproval.sidia@samsung.com,"2026-09-25 00:33:09 KST","2026-09-25 07:35:15 KST","2026-09-25 01:19:11 KST","2026-09-25 07:35:15 KST",,m1sxxx,2026-10-05,elcione.pinheiro@samsung.com,SIDIA,100.0,S942BXXS4BZIG,S942BXXU4BZI6,S942BOWO4BZIG,SM-S942B,PHONE,"2026-09-25 02:00:00 KST",false,,Yes,s5e9965,,SIDIA
5990242045919232,Regular,Approved,LR,false,samsung/a24ub/a24:17/CP2A.260605.016/A245MUBUFGZI4:user/release-keys,TPA,Panama,rene.a@samsung.com,gabriela.pinto@samsung.com,"2026-09-24 23:24:32 KST","2026-09-29 08:36:33 KST","2026-09-26 07:27:50 KST","2026-09-29 08:36:33 KST",,a24ub,2026-09-05,kamila.vasconcelos@samsung.com,SIDIA,100.0,A245MUBUFGZI4,A245MUBUFGZI4,A245MOWOFGZI4,SM-A245M,PHONE,"2026-10-02 09:00:00 KST",false,FULL,Yes,MT6789V/CD,LD,SIDIA
6505367068737536,Regular,Rejected,MR,false,samsung/a27xqins/a27xq:17/CP2A.260605.016/A276BXXU3BZIE_ODM3BZIE:user/release-keys,INS,India,priyanka.l@samsung.com,srin-pregba@samsung.com,"2026-09-24 22:51:01 KST","2026-09-30 17:52:40 KST","2026-09-30 17:52:40 KST",,,a27xqins,2026-09-05,tarun.lohia@samsung.com,SRI-Noida,100.0,A276BXXU3BZIE,A276BXXU3BZIE,A276BODM3BZIE,SM-A276B,PHONE,"2026-09-25 20:00:00 KST",false,VARIANT,No,SM6475,,SRI-N
5491488649904128,SMR,Approved,SMR,,samsung/e3quew/e3q:16/BP4A.251205.006/S928U1UES6DZI2:user/release-keys,"LLA,PCT","Puerto Rico",dinara.araujo@samsung.com,googleapproval.sidia@samsung.com,"2026-09-24 21:40:15 KST","2026-09-25 00:36:24 KST","2026-09-25 00:21:52 KST","2026-09-25 00:36:24 KST",,e3quew,2026-09-05,stefano.serra@samsung.com,SIDIA,100.0,S928U1UES6DZI2,S928U1UES6DZI2,S928U1OWA6DZI2,SM-S928U1,PHONE,"2026-09-25 02:00:00 KST",false,,Yes,SM8650,,SIDIA
5058026574970880,SMR,Approved,SMR,,samsung/m2sxxx/m2s:17/CP2A.260605.016/S947BXXS4BZIG_OWO4BZIG:user/release-keys,"ARO,BVO,CDR,CGU,CHE,CHL,CHO,CHT,COB,COM,COO,CRC,CTI,CTP,CTU,DOR,ECO,EON,GLO,GTO,IUS,MXO,PEO,PET,PGU,PNT,PSN,PSP,SAM,TCE,TGP,UFN,UPO,UYO,ZTA,ZTM,ZTO,ZVV","Argentina,Bolivia,Dominican Republic,Guatemala,Chile,Colombia,Costa Rica,Paraguay,Uruguay,Ecuador,Mexico,Peru,Brazil",approval.se@samsung.com,googleapproval.sidia@samsung.com,"2026-09-24 20:48:28 KST","2026-09-25 03:36:16 KST","2026-09-24 21:19:04 KST","2026-09-25 03:36:16 KST",,m2sxxx,2026-10-05,elcione.pinheiro@samsung.com,SIDIA,100.0,S947BXXS4BZIG,S947BXXU4BZI6,S947BOWO4BZIG,SM-S947B,PHONE,,false,,Yes,s5e9965,,SIDIA
6126131489275904,Regular,Approved,LR,false,samsung/a54xtfn/a54x:17/CP2A.260605.016/S546VLUDUOGZI4:user/release-keys,"TFN,TFV","United States",priyanka.l@samsung.com,srin-pregba@samsung.com,"2026-09-24 20:37:22 KST","2026-10-01 14:36:23 KST","2026-10-01 14:30:38 KST","2026-10-01 14:36:23 KST","2026-09-25 15:14:36 KST",a54xtfn,2026-09-05,rohit.garg@samsung.com,SRI-Noida,100.0,S546VLUDUOGZI4,S546VLUDUOGZI4,S546VLTFNOGZI4,SM-S546VL,PHONE,"2026-10-05 23:30:00 KST",false,FULL,Yes,s5e8835,LD,SRI-N
6303474715459584,Regular,Obsolete,LR,false,samsung/a07ins/a07:17/CP2A.260605.016/A075FXXU7DZI4_ODM7DZI4:user/release-keys,INS,India,akansha.s1@samsung.com,kamakshi.j@samsung.com,"2026-09-24 20:27:03 KST","2026-10-01 11:35:54 KST","2026-09-30 15:33:16 KST",,"2026-09-29 21:05:09 KST",a07ins,2026-07-05,gurmeet.c@samsung.com,SRI-Noida,10.0,A075FXXU7DZI4,A075FXXU7DZI3,A075FODM7DZI4,SM-A075F,PHONE,"2026-09-30 23:30:00 KST",false,VARIANT,No,MT6789V/CD,LV,SRI-N
6656132500422656,SKU,Approved,MR,false,samsung/psqxxx/psq:17/CP2A.260605.016/S937BXXUADZIF_OXMADZIF:user/release-keys,XID,Indonesia,huy.dn@samsung.com,endri.s@samsung.com,"2026-09-24 20:25:57 KST","2026-09-25 15:38:28 KST","2026-09-25 15:38:28 KST","2026-09-25 15:38:28 KST",,psqxxx,2026-09-05,hokyun.choi@samsung.com,SRV,100.0,S937BXXUADZIF,S937BXXUADZIF,S937BOXMADZIF,SM-S937B,PHONE,"2026-09-25 18:00:00 KST",false,VARIANT,No,SM8750,,SRV
6705240955158528,Vendor,Approved,,false,samsung/a54xtfn/a54x:13/TP1A.220624.014/S546VLUDUOGZI4:user/release-keys,,,priyanka.l@samsung.com,srin-pregba@samsung.com,"2026-09-24 20:25:52 KST","2026-10-01 16:00:07 KST","2026-09-25 15:11:13 KST","2026-10-01 16:00:07 KST",,a54xtfn,,rohit.garg@samsung.com,SRI-Noida,100.0,S546VLUDUOGZI4,,,SM-S546VL,PHONE,"2026-09-25 19:00:00 KST",false,,No,s5e8835,,SRI-N
5244859061633024,SKU,Approved,MR,false,samsung/pa2qxxx/pa2q:17/CP2A.260605.016/S936BXXUCDZIF_OXMCDZIF:user/release-keys,XID,Indonesia,yen.dt@samsung.com,endri.s@samsung.com,"2026-09-24 20:25:18 KST","2026-09-25 12:45:30 KST","2026-09-25 12:45:30 KST","2026-09-25 12:45:30 KST",,pa2qxxx,2026-09-05,hokyun.choi@samsung.com,SRV,100.0,S936BXXUCDZIF,S936BXXUCDZIF,S936BOXMCDZIF,SM-S936B,PHONE,"2026-09-25 18:00:00 KST",false,VARIANT,No,SM8750,,SRV
6614558492065792,SMR,Approved,SMR,,samsung/e2sxxx/e2s:16/BP4A.251205.006/S926BXXSHDZI1:user/release-keys,XID,Indonesia,approval.se@samsung.com,endri.s@samsung.com,"2026-09-24 20:22:51 KST","2026-09-24 21:36:40 KST","2026-09-24 21:19:52 KST","2026-09-24 21:36:40 KST",,e2sxxx,2026-09-05,danar.kurnia@samsung.com,SRV,100.0,S926BXXSHDZI1,S926BXXSHDZI1,S926BOLEHDZI1,SM-S926B,PHONE,"2026-09-25 17:00:00 KST",false,,Yes,S5E9945,,SRV
5825578972479488,Regular,Approved,LR,false,samsung/gtactive5cs/gtactive5:17/CP2A.260605.016/X308UVLUEEZH9:user/release-keys,"BMC,CHR,FMC,RWC,TBT,XAC",Canada,priyanka.l@samsung.com,srin-pregba@samsung.com,"2026-09-24 20:15:45 KST","2026-09-25 16:01:29 KST","2026-09-25 15:54:02 KST","2026-09-25 16:01:29 KST",,gtactive5cs,2026-08-05,akash.jindal@samsung.com,SRI-Noida,100.0,X308UVLUEEZH9,X308UVLUEEZH9,X308UOYVEEZH9,SM-X308U,TABLET,"2026-09-30 23:30:00 KST",false,FULL,Yes,s5e8835,SP,SRI-N
6233105971281920,Regular,Approved,MR,false,samsung/a37xxx/a37x:17/CP2A.260605.016/A376EXXU5BZI6_ODM5BZI6:user/release-keys,"BKD,NPB,SLK","Bangladesh,Nepal,Sri Lanka",r1.rawat@samsung.com,srin-pregba@samsung.com,"2026-09-24 20:06:38 KST","2026-09-25 15:36:57 KST","2026-09-25 15:24:54 KST","2026-09-25 15:36:57 KST",,a37xxx,2026-09-05,vivke.s@samsung.com,SRI-Noida,100.0,A376EXXU5BZI6,A376EXXU5BZI6,A376EODM5BZI6,SM-A376E,PHONE,"2026-09-25 20:00:00 KST",false,FULL,Yes,s5e8845,,SRI-N
6154606082260992,SMR,Approved,SMR,,samsung/e3qxxx/e3q:16/BP4A.251205.006/S928BXXS6DZI1:user/release-keys,XID,Indonesia,approval.se@samsung.com,endri.s@samsung.com,"2026-09-24 19:59:37 KST","2026-09-24 21:01:14 KST","2026-09-24 20:39:00 KST","2026-09-24 21:01:14 KST",,e3qxxx,2026-09-05,danar.kurnia@samsung.com,SRV,100.0,S928BXXS6DZI1,S928BXXS6DZI1,S928BOLE6DZI1,SM-S928B,PHONE,"2026-09-25 17:00:00 KST",false,,Yes,SM8650,,SRV
4860915459817472,SKU,Approved,MR,false,samsung/r13sxxx/r13s:17/CP2A.260605.016/S731BXXU9CZIF_OXM9CZIF:user/release-keys,"BKD,NPB,SLK","Bangladesh,Nepal,Sri Lanka",d.khantwal@samsung.com,srin-pregba@samsung.com,"2026-09-24 19:58:58 KST","2026-09-25 13:24:40 KST","2026-09-25 13:24:40 KST","2026-09-25 13:24:40 KST",,r13sxxx,2026-09-05,yen.nh3@samsung.com,SRI-Noida,100.0,S731BXXU9CZIF,S731BXXU9CZIF,S731BOXM9CZIF,SM-S731B,PHONE,"2026-09-25 18:30:00 KST",false,VARIANT,No,s5e9945,,SRI-N
5875686678200320,NormalException,Approved,MR,false,samsung/q5qxeea/q5q:17/CP2A.260605.016/F946BXXU7HZIH:user/release-keys,"O2C,AMO,MAX,VD2,DO2,COS,HTS,VOD,TMH,TPL,ORS,O2U,PRT,VDC,OPV,DRE,VDI,BOG,VIP,DTM,H3G,SFR,FTM,TMZ,VGR,EVR,CRO,MOB,CNX,ORO,3IE,OMN,MOT,TNL,PLS,MEO,SIM,XEC,VDF,TIM,ATL,TMS,TCL,HUI,MET,SWC","Czech Republic,Spain,Austria,Germany,Greece,Sweden,United Kingdom,Hungary,Poland,Slovakia,Ireland,France,Croatia,Slovenia,Romania,Italy,Netherlands,Portugal,Switzerland",vuong.hue@samsung.com,srv.gba@samsung.com,"2026-09-24 19:50:44 KST","2026-09-25 18:47:46 KST","2026-09-25 18:47:46 KST","2026-09-25 18:47:46 KST",,q5qxeea,2026-09-05,dat.tien@samsung.com,SRV,100.0,F946BXXU7HZIH,F946BXXU7HZIH,F946BOXM7HZIH,SM-F946B,PHONE,"2026-09-25 19:30:00 KST",false,VARIANT,No,SM8550,,SRV
5635808392642560,Regular,Approved,MR,false,samsung/a37xins/a37x:17/CP2A.260605.016/A376EXXU5BZI6_ODM5BZI6:user/release-keys,INS,India,deeksha.s@samsung.com,srin-pregba@samsung.com,"2026-09-24 19:48:42 KST","2026-09-25 15:37:04 KST","2026-09-25 15:25:10 KST","2026-09-25 15:37:04 KST",,a37xins,2026-09-05,vivke.s@samsung.com,SRI-Noida,100.0,A376EXXU5BZI6,A376EXXU5BZI6,A376EODM5BZI6,SM-A376E,PHONE,"2026-09-25 20:00:00 KST",false,VARIANT,Yes,s5e8845,,SRI-N
5367908868030464,Regular,Approved,MR,false,samsung/a37xnaxx/a37x:17/CP2A.260605.016/A376BXXU5BZI6_OLM5BZI6:user/release-keys,"XNZ,STH,XTC,XSA,EUY,VAU,MM1,XME,XSP,XXV,BRI,THL,SIN,TEL,GLB,OPS","New Zealand,Singapore,Philippines,Australia,Serbia,Malaysia,Vietnam,Taiwan,Myanmar,Cambodia,Thailand,Laos",tu.nv1@samsung.com,srv.gba@samsung.com,"2026-09-24 19:45:59 KST","2026-09-25 18:36:32 KST","2026-09-25 17:57:20 KST","2026-09-25 18:36:32 KST",,a37xnaxx,2026-09-05,tien.phan@samsung.com,SRV,100.0,A376BXXU5BZI6,A376BXXU5BZI6,A376BOLM5BZI6,SM-A376B,PHONE,"2026-09-25 20:00:00 KST",false,VARIANT,Yes,s5e8845,,SRV
5421011373916160,Regular,Approved,MR,false,samsung/a37xnaxx/a37x:17/CP2A.260605.016/A376BXXU5BZI6_OJM5BZI6:user/release-keys,"AFG,LYS,PKD,EUY,MID,DKR,TKD,ILP,AFR,XSG,ILO,ACR,FWD,XFA,EGY,ECT,KSA,MWD,XFV,TUN","Afghanistan,Libya,Pakistan,Serbia,Lebanon,Iraq,Jordan,Syria,Senegal,Algeria,Palestine,Kenya,Qatar,United Arab Emirates,Kuwait,Bahrain,Oman,Israel,Ghana,Morocco,South Africa,Zambia,Mauritius,Egypt,Nigeria,Saudi Arabia,Tunisia",oanh.lt@samsung.com,srv.gba@samsung.com,"2026-09-24 19:42:01 KST","2026-09-25 12:00:27 KST","2026-09-25 11:32:22 KST","2026-09-25 12:00:14 KST",,a37xnaxx,2026-09-05,tien.phan@samsung.com,SRV,100.0,A376BXXU5BZI6,A376BXXU5BZI6,A376BOJM5BZI6,SM-A376B,PHONE,"2026-09-25 20:00:00 KST",false,VARIANT,Yes,s5e8845,,SRV
4598748944793600,Vendor,Approved,,false,samsung/a16xtfn/a16x:13/TP1A.220624.014/S166VUDUAEZHH:user/release-keys,,,ruchi.joshi@samsung.com,srin-pregba@samsung.com,"2026-09-24 19:31:36 KST","2026-10-02 16:00:04 KST","2026-10-01 15:11:52 KST","2026-10-02 16:00:04 KST",,a16xtfn,,himanshu.a@samsung.com,SRI-Noida,100.0,S166VUDUAEZHH,,,SM-S166V,PHONE,"2026-09-25 19:00:00 KST",false,,No,s5e8835,,SRI-N
5539291887566848,Regular,Approved,MR,false,samsung/b6qxins/b6q:17/CP2A.260605.016/F741BXXU4EZIH:user/release-keys,INS,India,umesh.k@samsung.com,srin-pregba@samsung.com,"2026-09-24 19:30:05 KST","2026-09-25 16:00:20 KST","2026-09-25 15:52:16 KST","2026-09-25 16:00:20 KST",,b6qxins,2026-09-05,arshi.m@samsung.com,SRI-Noida,100.0,F741BXXU4EZIH,F741BXXU4EZIH,F741BOXM4EZIH,SM-F741B,PHONE,"2026-09-25 20:00:00 KST",false,VARIANT,Yes,SM8650,,SRI-N
4923265768488960,Vendor,Approved,,false,samsung/gtactive5cs/gtactive5:13/TP1A.220624.014/X308UVLUEEZH9:user/release-keys,,,priyanka.l@samsung.com,srin-pregba@samsung.com,"2026-09-24 19:21:05 KST","2026-09-26 00:00:03 KST","2026-09-25 15:50:45 KST","2026-09-26 00:00:03 KST",,gtactive5cs,,akash.jindal@samsung.com,SRI-Noida,100.0,X308UVLUEEZH9,,,SM-X308U,TABLET,"2026-09-25 19:00:00 KST",false,,No,s5e8835,,SRI-N
6248620030689280,SKU,Approved,MR,false,samsung/a37xser/a37x:17/CP2A.260605.016/A376EXXU5BZI6_OXE5BZI6:user/release-keys,SKZ,Kazakhstan,thuynga.dt@samsung.com,ha.nguyen@samsung.com,"2026-09-24 18:53:49 KST","2026-09-25 16:37:21 KST","2026-09-25 16:37:21 KST","2026-09-25 16:37:21 KST",,a37xser,2026-09-05,tuan.nm4@samsung.com,SRV,100.0,A376EXXU5BZI6,A376EXXU5BZI6,A376EOXE5BZI6,SM-A376E,PHONE,"2026-09-25 18:00:00 KST",false,VARIANT,No,s5e8845,,SRV
4627819632263168,Regular,Approved,MR,false,samsung/a56xzh/a56x:17/CP2A.260605.016/A5660ZHUEDZIE_OZSEDZIE:user/release-keys,"BRI,TGY","Taiwan,Hong Kong",d2.kumar@samsung.com,ga.srcg@samsung.com,"2026-09-24 18:53:17 KST","2026-09-25 14:01:04 KST","2026-09-25 13:48:30 KST","2026-09-25 14:01:04 KST",,a56xzh,2026-09-05,speng.zheng@samsung.com,SRC-Guangzhou,100.0,A5660ZHUEDZIE,A5660ZCUEDZIE,A5660OZSEDZIE,SM-A5660,PHONE,"2026-09-25 20:00:00 KST",false,FULL,Yes,s5e8855,,SRI-N
6330922677043200,SKU,Approved,MR,false,samsung/a37xxx/a37x:17/CP2A.260605.016/A376EXXU5BZI6_OXE5BZI6:user/release-keys,"CAC,SOZ","Mongolia,Turkmenistan,Kyrgyzstan,Tajikistan,Uzbekistan",ng.thanhtuan@samsung.com,ha.nguyen@samsung.com,"2026-09-24 18:52:59 KST","2026-09-25 18:15:46 KST","2026-09-25 18:15:46 KST","2026-09-25 18:15:46 KST",,a37xxx,2026-09-05,tuan.nm4@samsung.com,SRV,100.0,A376EXXU5BZI6,A376EXXU5BZI6,A376EOXE5BZI6,SM-A376E,PHONE,"2026-09-25 18:00:00 KST",false,VARIANT,No,s5e8845,,SRV
5415846977732608,NormalException,Approved,MR,false,samsung/e2sxxx/e2s:17/CP2A.260605.016/S926BXXUHEZIF:user/release-keys,"ACR,AFG,AFR,CAU,DKR,ECT,EGY,EUY,FWD,GLB,ILO,ILP,KSA,LYS,MBM,MID,MM1,MSR,MWD,OPS,PAK,PKD,SIN,SKZ,STH,TEL,THL,TOP,TUN,VAU,XFA,XFE,XFV,XME,XNZ,XSA,XSG,XSP,XTC,XXV","Ghana,Afghanistan,Gabon,Senegal,Tanzania,Uganda,Democratic Republic of the Congo,Kenya,Armenia,Azerbaijan,Georgia,Nigeria,Egypt,Kosovo,Ukraine,Macedonia,Serbia,Bosnia and Herzegovina,Montenegro,Albania,Morocco,Philippines,Israel,Saudi Arabia,Libya,Iraq,Singapore,Australia,Pakistan,Kazakhstan,Myanmar,Cambodia,Thailand,Laos,Tunisia,South Africa,Malaysia,New Zealand,United Arab Emirates,Vietnam",ducmanh.ng1@samsung.com,srv.gba@samsung.com,"2026-09-24 18:51:45 KST","2026-09-25 16:31:56 KST","2026-09-25 16:31:56 KST","2026-09-25 16:31:56 KST",,e2sxxx,2026-09-05,julia81.lee@samsung.com,SRV,100.0,S926BXXUHEZIF,S926BXXUHEZIF,S926BOXMHEZIF,SM-S926B,PHONE,"2026-09-25 19:30:00 KST",false,FULL,No,S5E9945,,SRV
5275391514378240,Vendor,Approved,,false,samsung/a56xzh/a56x:15/AP3A.240905.015.A2/A5660ZHUEDZIE:user/release-keys,,,d2.kumar@samsung.com,ga.srcg@samsung.com,"2026-09-24 18:45:14 KST","2026-09-25 16:00:03 KST","2026-09-25 13:47:01 KST","2026-09-25 16:00:03 KST",,a56xzh,,speng.zheng@samsung.com,SRC-Guangzhou,100.0,A5660ZHUEDZIE,,,SM-A5660,PHONE,"2026-09-25 19:00:00 KST",false,,No,s5e8855,,SRI-N
6717668745019392,SMR,Approved,SMR,,samsung/gts10uwifizc/gts10uwifi:16/BP4A.251205.006/X920ZCSBDZI2:user/release-keys,CHN,China,approval.se@samsung.com,ga.srcg@samsung.com,"2026-09-24 18:44:23 KST","2026-09-25 01:36:56 KST","2026-09-24 19:19:14 KST","2026-09-25 01:36:56 KST",,gts10uwifizc,2026-08-05,xlan1.zhou@partner.samsung.com,SRC-Guangzhou,100.0,X920ZCSBDZI2,,X920CHNBDZI2,SM-X920,TABLET,,false,,Yes,MT6989,,SRI-N
5538648682659840,NormalException,Approved,MR,false,samsung/e2sxeea/e2s:17/CP2A.260605.016/S926BXXUHEZIF:user/release-keys,"3IE,AMO,ATL,BOG,CNX,COS,CRO,DO2,DRE,DTM,EUX,EVR,FTM,H3G,HTS,HUI,MAX,MEO,MET,MOB,MOT,O2C,O2U,OMN,OPV,ORO,ORS,PLS,PRT,SFR,SIM,SWC,TCL,TIM,TMH,TMS,TMZ,TNL,TPL,VD2,VDC,VDF,VDI,VGR,VIP,VOD,XEC","Ireland,United Kingdom,Spain,France,Romania,Greece,Slovenia,Croatia,Germany,Austria,Portugal,Iceland,Latvia,Netherlands,Sweden,Luxembourg,Poland,Slovakia,Bulgaria,Lithuania,Hungary,Switzerland,Czech Republic,Belgium,Norway,Finland,Denmark,Italy,Estonia",hoai.nt4@samsung.com,srv.gba@samsung.com,"2026-09-24 18:44:10 KST","2026-09-25 11:39:58 KST","2026-09-25 11:39:58 KST","2026-09-25 11:39:58 KST",,e2sxeea,2026-09-05,huy.tb@samsung.com,SRV,100.0,S926BXXUHEZIF,S926BXXUHEZIF,S926BOXMHEZIF,SM-S926B,PHONE,"2026-09-25 19:30:00 KST",false,VARIANT,No,S5E9945,,SRV
6747114503929856,Regular,Approved,MR,false,samsung/b5qzcx/b5q:17/CP2A.260605.016/F7310TBU9HZIH:user/release-keys,CHC,China,ruchi.joshi@samsung.com,ga.srcg@samsung.com,"2026-09-24 18:23:51 KST","2026-09-25 13:02:18 KST","2026-09-25 12:40:11 KST","2026-09-25 13:02:18 KST",,b5qzcx,2026-08-05,junping.yan@samsung.com,SRC-Guangzhou,100.0,F7310TBU9HZIH,F7310ZCU9HZIH,F7310ZAC9HZIH,SM-F7310,PHONE,"2026-09-25 20:00:00 KST",false,FULL,Yes,SM8550,,SRI-N
4862273307017216,Vendor,Approved,,false,samsung/b5qzcx/b5q:13/TP1A.220624.014/F7310TBU9HZIH:user/release-keys,,,ruchi.joshi@samsung.com,ga.srcg@samsung.com,"2026-09-24 18:13:10 KST","2026-09-25 16:00:03 KST","2026-09-25 12:38:04 KST","2026-09-25 16:00:03 KST",,b5qzcx,,junping.yan@samsung.com,SRC-Guangzhou,100.0,F7310TBU9HZIH,,,SM-F7310,PHONE,"2026-09-25 19:00:00 KST",false,,No,SM8550,,SRI-N
4801265645387776,SMR,Approved,SMR,,samsung/gtact5proxxx/gtact5pro:16/BP4A.251205.006/X356BXXSBCZI3_OXMBCZI3:user/release-keys,XID,Indonesia,approval.se@samsung.com,lufti.b@samsung.com,"2026-09-24 17:36:32 KST","2026-09-24 18:35:13 KST","2026-09-24 18:09:04 KST","2026-09-24 18:35:13 KST",,gtact5proxxx,2026-09-05,danar.kurnia@samsung.com,SRV,100.0,X356BXXSBCZI3,X356BXXSBCZI3,X356BOXMBCZI3,SM-X356B,TABLET,"2026-09-24 21:00:00 KST",false,,Yes,SM7635,,SRV
6383197193764864,SMR,Approved,SMR,,samsung/gts10uxxx/gts10u:16/BP4A.251205.006/X926BXXSBDZI2:user/release-keys,"BRI,TGY","Taiwan,Hong Kong",approval.se@samsung.com,ga.srcg@samsung.com,"2026-09-24 17:27:08 KST","2026-09-24 18:36:44 KST","2026-09-24 18:19:05 KST","2026-09-24 18:36:44 KST",,gts10uxxx,2026-09-05,xlan1.zhou@partner.samsung.com,SRC-Guangzhou,100.0,X926BXXSBDZI2,X926BXXSBDZI2,X926BOXMBDZI2,SM-X926B,TABLET,"2026-09-25 17:30:00 KST",false,,Yes,SM8650,,SRI-N
5569885006725120,Regular,Approved,MR,false,samsung/q5qzcx/q5q:17/CP2A.260605.016/F9460TBU9HZIH:user/release-keys,CHC,China,akansha.s1@samsung.com,ga.srcg@samsung.com,"2026-09-24 17:13:02 KST","2026-09-25 01:35:52 KST","2026-09-24 18:50:40 KST","2026-09-25 01:35:52 KST",,q5qzcx,2026-08-05,junping.yan@samsung.com,SRC-Guangzhou,100.0,F9460TBU9HZIH,F9460ZCU9HZIH,F9460ZAC9HZIH,SM-F9460,PHONE,"2026-09-25 20:00:00 KST",false,FULL,Yes,SM8550,,SRI-N
4835304838266880,SMR,Approved,SMR,,samsung/gts10pwifixx/gts10pwifi:16/BP4A.251205.006/X820XXSBDZI2:user/release-keys,"BRI,TGY","Taiwan,Hong Kong",approval.se@samsung.com,ga.srcg@samsung.com,"2026-09-24 17:11:40 KST","2026-09-24 18:01:30 KST","2026-09-24 17:49:08 KST","2026-09-24 18:01:30 KST",,gts10pwifixx,2026-09-05,xlan1.zhou@partner.samsung.com,SRC-Guangzhou,100.0,X820XXSBDZI2,,X820OXMBDZI2,SM-X820,TABLET,,false,,Yes,SM8650,,SRI-N
6473093677842432,SMR,Approved,SMR,,samsung/e1qzhx/e1q:16/BP4A.251205.006/S9210ZHS6DZI1:user/release-keys,"BRI,TGY","Taiwan,Hong Kong",approval.se@samsung.com,ga.srcg@samsung.com,"2026-09-24 17:09:17 KST","2026-09-24 23:02:21 KST","2026-09-24 17:49:36 KST","2026-09-24 23:02:21 KST",,e1qzhx,2026-09-05,m2019.wang@partner.samsung.com,SRC-Guangzhou,100.0,S9210ZHS6DZI1,S9210ZCS6DZI1,S9210OZS6DZI1,SM-S9210,PHONE,"2026-09-25 17:30:00 KST",false,,Yes,SM8650,,SRI-N
5574176652132352,Vendor,Submitted,,false,samsung/gta11puew/gta11p:14/UP1A.231005.007/X238U1UEU8CZI5:user/release-keys,,,vishnu.d@samsung.com,srin-pregba@samsung.com,"2026-09-24 17:09:13 KST","2026-09-24 17:25:56 KST",,,,gta11puew,,prateek1.k@samsung.com,SRI-Noida,,X238U1UEU8CZI5,,,SM-X238U1,TABLET,"2026-09-25 19:00:00 KST",false,,No,MT8775,,SRI-N
5218041285836800,SMR,Approved,SMR,,samsung/gts10uwifixx/gts10uwifi:16/BP4A.251205.006/X920XXSBDZI2:user/release-keys,"BRI,TGY","Taiwan,Hong Kong",approval.se@samsung.com,ga.srcg@samsung.com,"2026-09-24 16:57:11 KST","2026-09-24 18:01:19 KST","2026-09-24 17:59:03 KST","2026-09-24 18:01:19 KST",,gts10uwifixx,2026-09-05,xlan1.zhou@partner.samsung.com,SRC-Guangzhou,100.0,X920XXSBDZI2,,X920OXMBDZI2,SM-X920,TABLET,"2026-09-24 21:30:00 KST",false,,Yes,SM8650,,SRI-N
5260227796795392,Vendor,Approved,,false,samsung/a16xsq/a16x:13/TP1A.220624.014/A166USQU9EZI1:user/release-keys,,,d2.kumar@samsung.com,srin-pregba@samsung.com,"2026-09-24 16:55:03 KST","2026-09-30 00:00:04 KST","2026-09-28 20:09:12 KST","2026-09-30 00:00:04 KST",,a16xsq,,chandan2.das@samsung.com,SRI-Noida,100.0,A166USQU9EZI1,,,SM-A166U,PHONE,"2026-09-24 23:00:00 KST",false,,No,s5e8535,,SRI-N
6742823680606208,Vendor,Approved,,false,samsung/q5qzcx/q5q:13/TP1A.220624.014/F9460TBU9HZIH:user/release-keys,,,akansha.s1@samsung.com,ga.srcg@samsung.com,"2026-09-24 16:26:43 KST","2026-09-25 08:00:03 KST","2026-09-24 18:47:07 KST","2026-09-25 08:00:03 KST",,q5qzcx,,junping.yan@samsung.com,SRC-Guangzhou,100.0,F9460TBU9HZIH,,,SM-F9460,PHONE,"2026-09-24 23:00:00 KST",false,,No,SM8550,,SRI-N
4620739177349120,Regular,Approved,LR,false,samsung/gtactive5tur/gtactive5:17/CP2A.260605.016/X308BJXUEEZI6:user/release-keys,TUR,Turkey,nam.dt1@samsung.com,srv.gba@samsung.com,"2026-09-24 16:21:14 KST","2026-09-28 17:36:06 KST","2026-09-25 16:25:36 KST","2026-09-28 17:36:06 KST",,gtactive5tur,2026-08-05,hieu.luong@samsung.com,SRV,100.0,X308BJXUEEZI6,X308BJXUEEZI6,X308BTUREEZI6,SM-X308B,TABLET,"2026-10-05 23:30:00 KST",false,FULL,Yes,s5e8835,SP,SRV
5057877593292800,Regular,Approved,MR,false,samsung/a56xnsxx/a56x:17/CP2A.260605.016/A566EXXUEDZIE_OXEEDZIE:user/release-keys,CAU,"Armenia,Azerbaijan,Georgia",khanh.toan@samsung.com,srv.gba@samsung.com,"2026-09-24 16:20:58 KST","2026-09-24 20:36:27 KST","2026-09-24 20:08:11 KST","2026-09-24 20:36:27 KST",,a56xnsxx,2026-09-05,tiendung.h@samsung.com,SRV,100.0,A566EXXUEDZIE,A566EXXUEDZIE,A566EOXEEDZIE,SM-A566E,PHONE,"2026-09-24 23:30:00 KST",false,FULL,Yes,s5e8855,,SRV
4714458719191040,Vendor,Approved,,false,samsung/gtactive5tur/gtactive5:13/TP1A.220624.014/X308BJXUEEZI6:user/release-keys,,,nam.dt1@samsung.com,srv.gba@samsung.com,"2026-09-24 15:59:25 KST","2026-09-29 00:00:03 KST","2026-09-25 16:21:24 KST","2026-09-29 00:00:03 KST",,gtactive5tur,,hieu.luong@samsung.com,SRV,100.0,X308BJXUEEZI6,,,SM-X308B,TABLET,"2026-09-24 22:30:00 KST",false,,No,s5e8835,,SRV
4746372205248512,Regular,Approved,MR,false,samsung/b5qxxx/b5q:17/CP2A.260605.016/F731BTBU7HZIH:user/release-keys,EUY,"Kosovo,Macedonia,Serbia,Bosnia and Herzegovina,Montenegro,Albania",nam.dt1@samsung.com,hien.ng1@samsung.com,"2026-09-24 15:45:03 KST","2026-09-25 16:01:32 KST","2026-09-25 15:53:54 KST","2026-09-25 16:01:32 KST",,b5qxxx,2026-09-05,dat.tien@samsung.com,SRV,100.0,F731BTBU7HZIH,F731BXXU7HZIH,F731BOXT7HZIH,SM-F731B,PHONE,"2026-09-24 23:30:00 KST",false,FULL,Yes,SM8550,,SRV
6099169999847424,SMR,Approved,SMR,,samsung/r11qcs/r11q:16/BP4A.251205.006/S711WVLS8FZI5:user/release-keys,"BMC,BWA,CHR,ESK,FIZ,FMC,GLW,KDO,PCM,PMB,RWC,SOL,TBT,TLS,VMC,VTR,XAC",Canada,approval.se@samsung.com,srin-pregba@samsung.com,"2026-09-24 15:44:08 KST","2026-09-25 02:00:53 KST","2026-09-24 16:09:12 KST","2026-09-25 02:00:53 KST",,r11qcs,2026-09-05,harminder.s@samsung.com,SRI-Noida,100.0,S711WVLS8FZI5,S711WVLS8FZI5,S711WOYV8FZI5,SM-S711W,PHONE,,false,,Yes,SM8450,,SRI-N
5320651275763712,NormalException,Approved,MR,false,samsung/a34xdxx/a34x:17/CP2A.260605.016/A346EXXUFGZHA:user/release-keys,"BKD,INS,NPB,SLK","Bangladesh,India,Nepal,Sri Lanka",priyanka.l@samsung.com,srin-pregba@samsung.com,"2026-09-24 15:41:36 KST","2026-09-24 18:01:45 KST","2026-09-24 18:01:45 KST","2026-09-24 18:01:45 KST",,a34xdxx,2026-08-05,thinh.dh@samsung.com,SRI-Noida,100.0,A346EXXUFGZHA,A346EXXUFGZHA,A346EODMFGZI1,SM-A346E,PHONE,"2026-09-24 22:30:00 KST",false,FULL,No,MT6877V/TTZA,,SRI-N
4681454110113792,SMR,Approved,SMR,,samsung/e3qsqw/e3q:16/BP4A.251205.006/S928USQS6DZI1:user/release-keys,"ASR,ATT,CCT,CHA,DSA,DSG,DSH,TMB,TMK,USC,VZW,XAA","United States",approval.se@samsung.com,srin-pregba@samsung.com,"2026-09-24 15:36:46 KST","2026-09-25 02:01:51 KST","2026-09-24 16:19:01 KST","2026-09-25 02:01:51 KST",,e3qsqw,2026-09-05,n.namdev@samsung.com,SRI-Noida,100.0,S928USQS6DZI1,S928USQS6DZI1,S928UOYN6DZI1,SM-S928U,PHONE,"2026-09-24 21:30:00 KST",false,,Yes,SM8650,,SRI-N
5620827546714112,NormalException,Approved,MR,false,samsung/r12sxins/r12s:17/CP2A.260605.016/S721BXXUEEZIF:user/release-keys,INS,India,bhawna.s1@samsung.com,srin-pregba@samsung.com,"2026-09-24 15:36:44 KST","2026-09-24 17:17:38 KST","2026-09-24 17:17:38 KST","2026-09-24 17:17:38 KST",,r12sxins,2026-09-05,amit.rathore@samsung.com,SRI-Noida,100.0,S721BXXUEEZIF,S721BXXUEEZIF,S721BODMEEZIG,SM-S721B,PHONE,"2026-09-24 22:30:00 KST",false,FULL,No,s5e9945,,SRI-N
5385141551890432,NormalException,Approved,MR,false,samsung/r12sxxx/r12s:17/CP2A.260605.016/S721BXXUEEZIF:user/release-keys,"BKD,BNG,NPB,SLK","Bangladesh,Nepal,Sri Lanka",r1.rawat@samsung.com,srin-pregba@samsung.com,"2026-09-24 15:35:48 KST","2026-09-24 17:33:36 KST","2026-09-24 17:33:36 KST","2026-09-24 17:33:36 KST",,r12sxxx,2026-09-05,huy.tb@samsung.com,SRI-Noida,100.0,S721BXXUEEZIF,S721BXXUEEZIF,S721BODMEEZIG,SM-S721B,PHONE,"2026-09-24 22:30:00 KST",false,FULL,No,s5e9945,,SRI-N
5911138680438784,SKU,Approved,MR,false,samsung/pa1qxxx/pa1q:17/CP2A.260605.016/S931BXXUCDZIF_OXMCDZIF:user/release-keys,"NPB,SLK","Nepal,Sri Lanka",d.khantwal@samsung.com,srin-pregba@samsung.com,"2026-09-24 15:25:47 KST","2026-09-24 17:31:09 KST","2026-09-24 17:31:09 KST","2026-09-24 17:31:09 KST",,pa1qxxx,2026-09-05,hokyun.choi@samsung.com,SRI-Noida,100.0,S931BXXUCDZIF,S931BXXUCDZIF,S931BOXMCDZIF,SM-S931B,PHONE,"2026-09-24 22:30:00 KST",false,VARIANT,No,SM8750,,SRI-N
6675403817353216,Regular,Approved,MR,false,samsung/a56xnsser/a56x:17/CP2A.260605.016/A566EXXUEDZIE_OXEEDZIE:user/release-keys,"SER,SKZ","Belarus,Russia,Kazakhstan",yen.dt@samsung.com,srv.gba@samsung.com,"2026-09-24 15:14:46 KST","2026-09-25 10:35:49 KST","2026-09-25 10:01:39 KST","2026-09-25 10:35:49 KST",,a56xnsser,2026-09-05,tiendung.h@samsung.com,SRV,100.0,A566EXXUEDZIE,A566EXXUEDZIE,A566EOXEEDZIE,SM-A566E,PHONE,,false,VARIANT,Yes,s5e8855,,SRV
5382634364731392,Vendor,Approved,,false,samsung/a56xnsxx/a56x:15/AP3A.240905.015.A2/A566EXXUEDZIE:user/release-keys,,,khanh.toan@samsung.com,srv.gba@samsung.com,"2026-09-24 15:09:49 KST","2026-09-25 00:00:03 KST","2026-09-24 20:06:34 KST","2026-09-25 00:00:03 KST",,a56xnsxx,,tiendung.h@samsung.com,SRV,100.0,A566EXXUEDZIE,,,SM-A566E,PHONE,"2026-09-24 22:30:00 KST",false,,No,s5e8855,,SRV
5851872762265600,SMR,On_Hold,SMR,,samsung/r11sxeea/r11s:16/BP4A.251205.006/S711BXXSJGZI6:user/release-keys,"3IE,AMO,ATL,BOG,CNX,COS,CRO,DO2,DRE,DTM,EUX,EVR,FTM,H3G,HTS,HUI,MAX,MEO,MET,MOB,MOT,O2C,O2U,OMN,OPV,ORO,ORS,PLS,PRT,SFR,SIM,SWC,TCL,TIM,TMH,TMS,TMZ,TNL,TPL,VD2,VDC,VDF,VDI,VGR,VIP,VOD,XEC","Ireland,Spain,France,Romania,Greece,Croatia,Germany,Austria,Hungary,United Kingdom,Portugal,Switzerland,Netherlands,Sweden,Czech Republic,Latvia,Belgium,Poland,Italy,Slovakia,Bulgaria,Slovenia",huy.dn@samsung.com,srv.gba@samsung.com,"2026-09-24 14:57:59 KST","2026-09-24 16:35:10 KST","2026-09-24 16:35:10 KST",,,r11sxeea,2026-10-05,tiendung.h@samsung.com,SRV,100.0,S711BXXSJGZI6,S711BXXSJGZI6,S711BOXMJGZI6,SM-S711B,PHONE,"2026-09-24 21:00:00 KST",false,,No,s5e9925,,SRV
5488513898512384,SMR,Approved,SMR,,samsung/r12ssqw/r12s:16/BP4A.251205.006/S721USQSEDZI1:user/release-keys,"AIO,ASR,ATT,CCT,CHA,TMB,TMK,USC,VZW,XAA","United States",approval.se@samsung.com,srin-pregba@samsung.com,"2026-09-24 14:57:44 KST","2026-09-24 22:35:13 KST","2026-09-24 15:49:08 KST","2026-09-24 22:35:13 KST",,r12ssqw,2026-09-05,v.nisheeth@samsung.com,SRI-Noida,100.0,S721USQSEDZI1,S721USQSEDZI1,S721UOYNEDZI1,SM-S721U,PHONE,"2026-09-24 21:30:00 KST",false,,Yes,s5e9945,,SRI-N
6468928968851456,SMR,On_Hold,SMR,,samsung/r11sxtur/r11s:16/BP4A.251205.006/S711BXXSJGZI6:user/release-keys,TUR,Türkiye,ly.ltt@samsung.com,srv.gba@samsung.com,"2026-09-24 14:57:39 KST","2026-09-24 16:47:52 KST","2026-09-24 16:47:52 KST",,,r11sxtur,2026-10-05,tiendung.h@samsung.com,SRV,100.0,S711BXXSJGZI6,S711BXXSJGZI6,S711BOJMJGZI6,SM-S711B,PHONE,"2026-09-24 21:00:00 KST",false,,No,s5e9925,,SRV
5189120318242816,SMR,Approved,SMR,,samsung/e2sxxx/e2s:16/BP4A.251205.006/S926BXXSHDZI1:user/release-keys,"BKD,NPB,SLK","Bangladesh,Nepal,Sri Lanka",approval.se@samsung.com,srin-pregba@samsung.com,"2026-09-24 14:49:09 KST","2026-09-24 16:01:34 KST","2026-09-24 15:59:12 KST","2026-09-24 16:01:34 KST",,e2sxxx,2026-09-05,gurmeet.c@samsung.com,SRI-Noida,100.0,S926BXXSHDZI1,S926BXXSHDZI1,S926BOXMHDZI1,SM-S926B,PHONE,"2026-09-24 21:30:00 KST",false,,Yes,S5E9945,,SRI-N
4971943887634432,SMR,Approved,SMR,,samsung/e2sxins/e2s:16/BP4A.251205.006/S926BXXSHDZI1:user/release-keys,INS,India,approval.se@samsung.com,srin-pregba@samsung.com,"2026-09-24 14:48:45 KST","2026-09-24 16:35:16 KST","2026-09-24 16:00:20 KST","2026-09-24 16:35:16 KST",,e2sxins,2026-09-05,gurmeet.c@samsung.com,SRI-Noida,100.0,S926BXXSHDZI1,S926BXXSHDZI1,S926BOXMHDZI1,SM-S926B,PHONE,"2026-09-24 21:30:00 KST",false,,Yes,S5E9945,,SRI-N
6114916356587520,Regular,Approved,MR,false,samsung/a56xzc/a56x:17/CP2A.260605.016/A5660ZCUEDZIE_CHCEDZIE:user/release-keys,CHC,China,d2.kumar@samsung.com,ga.srcg@samsung.com,"2026-09-24 14:40:17 KST","2026-09-24 16:01:29 KST","2026-09-24 15:23:57 KST","2026-09-24 16:01:29 KST",,a56xzc,2026-08-05,speng.zheng@samsung.com,SRC-Guangzhou,100.0,A5660ZCUEDZIE,A5660ZCUEDZIE,A5660CHCEDZIE,SM-A5660,PHONE,"2026-09-25 00:00:00 KST",false,FULL,Yes,s5e8855,,SRI-N
5296252908732416,Regular,Approved,MR,false,samsung/b5qxeea/b5q:17/CP2A.260605.016/F731BTCU7HZIH:user/release-keys,EUX,"Portugal,Iceland,Greece,Austria,Sweden,Netherlands,Latvia,Luxembourg,Poland,Slovakia,Slovenia,France,Bulgaria,Lithuania,Croatia,Romania,Hungary,United Kingdom,Switzerland,Spain,Czech Republic,Norway,Finland,Denmark,Italy,Germany,Estonia",vuong.hue@samsung.com,srv.gba@samsung.com,"2026-09-24 14:39:12 KST","2026-09-25 15:36:16 KST","2026-09-25 15:26:35 KST","2026-09-25 15:36:16 KST",,b5qxeea,2026-09-05,duy.dao@samsung.com,SRV,100.0,F731BTCU7HZIH,F731BXXU7HZIH,F731BOSW7HZIH,SM-F731B,PHONE,"2026-09-24 23:30:00 KST",false,VARIANT,Yes,SM8550,,SRV
4837276597354496,SMR,Approved,SMR,,samsung/gts10fepwifixx/gts10fepwifi:16/BP4A.251205.006/X620XXSBCZI2_OXMBCZI2:user/release-keys,"XAC,XAR","Canada,United States",approval.se@samsung.com,srin-pregba@samsung.com,"2026-09-24 14:36:22 KST","2026-09-24 15:35:50 KST","2026-09-24 15:09:17 KST","2026-09-24 15:35:50 KST",,gts10fepwifixx,2026-09-05,naven.kumar@samsung.com,SRI-Noida,100.0,X620XXSBCZI2,,X620OXMBCZI2,SM-X620,TABLET,,false,,Yes,s5e8855,,SRI-N
5746658612871168,SMR,Approved,SMR,,samsung/h8quew/h8q:17/CP2A.260605.016/F971U1UES3AZIJ_OYM3AZIJ:user/release-keys,"ACG,AIO,ATC,ATT,CCT,CHA,DSA,DSG,DSH,FKR,LRA,SPT,TFN,TMB,TMK,VZW,XAA,XAG,XAR,XMT","United States",approval.se@samsung.com,ga1.sec@samsung.com,"2026-09-24 14:20:53 KST","2026-09-24 21:37:06 KST","2026-09-24 15:29:07 KST","2026-09-24 21:37:06 KST",,h8quew,2026-10-05,cmoh@samsung.com,HQ-Suwon,100.0,F971U1UES3AZIJ,F971U1UES3AZIJ,F971U1OYM3AZIJ,SM-F971U1,PHONE,"2026-09-24 21:30:00 KST",false,,Yes,SM8850,,SRI-N
4620758706028544,SMR,Approved,SMR,,samsung/h8qcsx/h8q:17/CP2A.260605.016/F971WVLS3AZIJ_OYV3AZIJ:user/release-keys,"BMC,BWA,CHR,ESK,FIZ,FMC,GLW,KDO,PCM,PMB,RWC,SOL,TBT,TLS,VMC,VTR,XAC",Canada,approval.se@samsung.com,ga1.sec@samsung.com,"2026-09-24 14:20:25 KST","2026-09-24 21:36:47 KST","2026-09-24 15:29:42 KST","2026-09-24 21:36:47 KST",,h8qcsx,2026-10-05,kdh8926@samsung.com,HQ-Suwon,100.0,F971WVLS3AZIJ,F971WVLS3AZIJ,F971WOYV3AZIJ,SM-F971W,PHONE,"2026-09-24 21:30:00 KST",false,,Yes,SM8850,,SRI-N
6358174110318592,Vendor,Approved,,false,samsung/b5qxxx/b5q:13/TP1A.220624.014/F731BTBU7HZIH:user/release-keys,,,nam.dt1@samsung.com,srv.gba@samsung.com,"2026-09-24 14:06:14 KST","2026-09-26 00:00:03 KST","2026-09-25 15:39:42 KST","2026-09-26 00:00:03 KST",,b5qxxx,,dat.tien@samsung.com,SRV,100.0,F731BTBU7HZIH,,,SM-F731B,PHONE,"2026-09-24 22:30:00 KST",false,,No,SM8550,,SRV
4723801615237120,NormalException,Approved,MR,false,samsung/b6qxxx/b6q:17/CP2A.260605.016/F741BXXU4EZIH:user/release-keys,"BNG,NPB,SLK","Bangladesh,Nepal,Sri Lanka",ruchi.joshi@samsung.com,srin-pregba@samsung.com,"2026-09-24 13:31:04 KST","2026-09-24 13:45:56 KST","2026-09-24 13:45:56 KST","2026-09-24 13:45:56 KST",,b6qxxx,2026-09-05,yhkim90@samsung.com,SRI-Noida,100.0,F741BXXU4EZIH,F741BXXU4EZIH,F741BOXM4EZIH,SM-F741B,PHONE,,false,FULL,No,SM8650,,SRI-N
6021544052785152,SafetyNet,Approved,,,samsung/m35xxx/m35x:17/CP2A.260605.016/M356BXXU9EZI4:user/release-keys,,,,srv.gba@samsung.com,"2026-09-24 13:30:07 KST","2026-09-24 13:30:24 KST",,"2026-09-24 13:30:24 KST",,m35xxx,2026-09-05,manh.ns@samsung.com,SRV,100.0,,,,SM-M356B,,,false,,No,s5e8835,,
4688828736733184,SMR,Approved,SMR,,samsung/e2qzhx/e2q:16/BP4A.251205.006/S9260ZHS6DZI1:user/release-keys,"BRI,TGY","Taiwan,Hong Kong",approval.se@samsung.com,ga.srcg@samsung.com,"2026-09-24 13:21:31 KST","2026-09-24 20:36:38 KST","2026-09-24 14:09:03 KST","2026-09-24 20:36:38 KST",,e2qzhx,2026-09-05,m2019.wang@partner.samsung.com,SRC-Guangzhou,100.0,S9260ZHS6DZI1,S9260ZCS6DZI1,S9260OZS6DZI1,SM-S9260,PHONE,"2026-09-24 19:30:00 KST",false,,Yes,SM8650,,SRI-N
5862166121152512,Regular,Pending,MR,false,samsung/a14xmeea/a14xm:15/AP3A.240905.015.A2/A146PXXUKEZI1:user/release-keys,EUX,Austria,tu.nv1@samsung.com,srv.gba@samsung.com,"2026-09-24 13:08:44 KST","2026-09-24 15:31:11 KST",,,,a14xmeea,2026-09-05,chuc.tt@samsung.com,SRV,Reviewing,A146PXXUKEZI1,A146PXXUKEZI1,A146POLMKEZI1,SM-A146P,PHONE,"2026-09-24 21:30:00 KST",false,VARIANT,No,MT6833V/NZA,,SRV
4515997742792704,NormalException,Approved,MR,false,samsung/q6qxeea/q6q:17/CP2A.260605.016/F956BXXU4EZIH:user/release-keys,"3IE,ATL,BOG,CNX,COS,CRO,DO2,DRE,DTM,EVR,FTM,H3G,HTS,HUI,MEO,MET,MOB,MOT,O2U,OMN,OPV,ORO,PLS,PRT,SFR,SIM,SWC,TCL,TIM,TMH,TMS,TMZ,TPL,VD2,VDC,VDF,VDI,VIP,VOD,XEC,ORS,VGR,MAX,AMO","Ireland,United Kingdom,Spain,France,Romania,Greece,Slovenia,Croatia,Germany,Austria,Sweden,Italy,Portugal,Poland,Switzerland,Hungary,Slovakia,Czech Republic,Netherlands",oanh.lt@samsung.com,srv.gba@samsung.com,"2026-09-24 13:01:40 KST","2026-09-25 16:41:33 KST","2026-09-25 16:41:33 KST","2026-09-25 16:41:33 KST",,q6qxeea,2026-09-05,duy.th1@samsung.com,SRV,100.0,F956BXXU4EZIH,F956BXXU4EZIH,F956BOXM4EZIH,SM-F956B,PHONE,"2026-09-24 21:30:00 KST",false,VARIANT,No,SM8650,,SRV
6625889957969920,Regular,Approved,MR,false,samsung/gta9pcsx/gta9p:16/BP2A.250605.031.A3/X218UVLUDEZI3:user/release-keys,"BMC,CHR,FIZ,FMC,GLW,KDO,RWC,TBT,TLS,VMC,VTR,XAC",Canada,priyanka.l@samsung.com,srin-pregba@samsung.com,"2026-09-24 12:59:56 KST","2026-09-24 18:35:48 KST","2026-09-24 14:34:43 KST","2026-09-24 18:35:48 KST",,gta9pcsx,2026-08-05,prem.bhatt@samsung.com,SRI-Noida,100.0,X218UVLUDEZI3,X218UVLUDEZI3,X218UOYVDEZI3,SM-X218U,TABLET,"2026-09-24 22:30:00 KST",false,FULL,Yes,SM6375,,SRI-N
5999208528347136,SMR,Approved,SMR,,samsung/gts10pwifixx/gts10pwifi:16/BP4A.251205.006/X820XXSBDZI2:user/release-keys,"XAC,XAR","Canada,United States",approval.se@samsung.com,srin-pregba@samsung.com,"2026-09-24 12:53:36 KST","2026-09-24 14:07:19 KST","2026-09-24 13:39:07 KST","2026-09-24 14:07:19 KST",,gts10pwifixx,2026-09-05,himanshu.a@samsung.com,SRI-Noida,100.0,X820XXSBDZI2,,X820OXMBDZI2,SM-X820,TABLET,"2026-09-24 19:30:00 KST",false,,Yes,SM8650,,SRI-N
5143690637213696,SafetyNet,Approved,,,samsung/m35xeea/m35x:17/CP2A.260605.016/M356BXXU9EZI4:user/release-keys,,,,srv.gba@samsung.com,"2026-09-24 12:41:57 KST","2026-09-24 12:42:09 KST",,"2026-09-24 12:42:09 KST",,m35xeea,2026-09-05,manh.ns@samsung.com,SRV,100.0,,,,SM-M356B,,,false,,No,s5e8835,,
5053068974751744,Regular,Approved,MR,false,samsung/b5qxxx/b5q:17/CP2A.260605.016/F731BTCU7HZIH:user/release-keys,EUY,"Kosovo,Macedonia,Serbia,Bosnia and Herzegovina,Montenegro,Albania",ducmanh.ng1@samsung.com,ngoc.vta@samsung.com,"2026-09-24 12:25:43 KST","2026-09-25 15:35:39 KST","2026-09-25 15:26:15 KST","2026-09-25 15:35:39 KST",,b5qxxx,2026-09-05,duy.dao@samsung.com,SRV,100.0,F731BTCU7HZIH,F731BXXU7HZIH,F731BOSW7HZIH,SM-F731B,PHONE,"2026-09-24 21:30:00 KST",false,FULL,Yes,SM8550,,SRV
5458828963610624,Vendor,Approved,,false,samsung/b5qxxx/b5q:13/TP1A.220624.014/F731BTCU7HZIH:user/release-keys,,,ducmanh.ng1@samsung.com,srv.gba@samsung.com,"2026-09-24 12:24:01 KST","2026-09-25 16:00:03 KST","2026-09-25 15:13:23 KST","2026-09-25 16:00:03 KST",,b5qxxx,,duy.dao@samsung.com,SRV,100.0,F731BTCU7HZIH,,,SM-F731B,PHONE,"2026-09-24 20:30:00 KST",false,,No,SM8550,,SRV
6235855387885568,Vendor,Approved,,false,samsung/a56xzc/a56x:15/AP3A.240905.015.A2/A5660ZCUEDZIE:user/release-keys,,,d2.kumar@samsung.com,ga.srcg@samsung.com,"2026-09-24 12:02:54 KST","2026-09-25 00:00:03 KST","2026-09-24 15:22:28 KST","2026-09-25 00:00:03 KST",,a56xzc,,speng.zheng@samsung.com,SRC-Guangzhou,100.0,A5660ZCUEDZIE,,,SM-A5660,PHONE,"2026-09-24 21:00:00 KST",false,,No,s5e8855,,SRI-N
4887335917584384,SMR,On_Hold,SMR,,samsung/a34xxx/a34x:16/BP4A.251205.006/A346BXXSHFZI5:user/release-keys,"MBM,MSR,TOP","Macedonia,Serbia",ng.thanhtuan@samsung.com,huy.leu@samsung.com,"2026-09-24 11:52:53 KST","2026-09-25 13:33:14 KST","2026-09-25 13:33:14 KST",,,a34xxx,2026-10-05,kieu.hung@samsung.com,SRV,100.0,A346BXXSHFZI5,A346BXXSHFZI5,A346BOXMHFZI5,SM-A346B,PHONE,"2026-09-24 19:00:00 KST",false,,No,MT6877V/TTZA,,SRV
4998332166701056,NormalException,Approved,MR,false,samsung/b6qxxx/b6q:17/CP2A.260605.016/F741BXXU4EZIH:user/release-keys,"ACR,AFG,AFR,CAU,DKR,ECT,EGY,GLB,ILO,ILP,KSA,LYS,MBM,MID,MM1,MSR,MWD,OPS,PAK,PKD,SEK,SIN,SKZ,STH,TEL,THL,TOP,TUN,VAU,XFA,XFV,XME,XNZ,XSA,XSG,XSP,XTC,FWD,XXV","Ghana,Afghanistan,Gabon,Senegal,Tanzania,Uganda,Democratic Republic of the Congo,Kenya,Armenia,Azerbaijan,Georgia,Nigeria,Egypt,Philippines,Israel,Saudi Arabia,Libya,Macedonia,Serbia,Iraq,Singapore,Morocco,Australia,Pakistan,Ukraine,Kazakhstan,Myanmar,Cambodia,Thailand,Laos,Tunisia,South Africa,Malaysia,New Zealand,United Arab Emirates,Vietnam",hoai.nt4@samsung.com,srv.gba@samsung.com,"2026-09-24 11:51:38 KST","2026-09-24 15:02:01 KST","2026-09-24 15:02:01 KST","2026-09-24 15:02:01 KST",,b6qxxx,2026-09-05,yhkim90@samsung.com,SRV,100.0,F741BXXU4EZIH,F741BXXU4EZIH,F741BOXM4EZIH,SM-F741B,PHONE,"2026-09-24 21:30:00 KST",false,FULL,No,SM8650,,SRV
5438119235289088,SKU,Approved,MR,false,samsung/a56xnaeea/a56x:17/CP2A.260605.016/A566BXXUEDZIE_OXMEDZIE:user/release-keys,"3IE,AMO,CNX,COS,CRO,DO2,DRE,DTM,EUX,FTM,H3G,HTS,HUI,MAX,O2U,OMN,OPV,ORO,ORS,TCL,TMH,TMS,TMZ,TPL,VD2,VDC,VDF,VDI,VGR,VOD,XEC","Ireland,United Kingdom,Spain,Romania,Greece,Slovenia,Croatia,Germany,Austria,Portugal,Iceland,Latvia,Netherlands,Sweden,Luxembourg,Poland,Slovakia,Bulgaria,France,Lithuania,Hungary,Switzerland,Czech Republic,Belgium,Norway,Finland,Denmark,Italy,Estonia",khanh.toan@samsung.com,srv.gba@samsung.com,"2026-09-24 11:51:24 KST","2026-09-24 19:07:30 KST","2026-09-24 19:07:30 KST","2026-09-24 19:07:30 KST",,a56xnaeea,2026-09-05,kaeby@samsung.com,SRV,100.0,A566BXXUEDZIE,A566BXXUEDZIE,A566BOXMEDZIE,SM-A566B,PHONE,"2026-09-24 21:30:00 KST",false,VARIANT,No,s5e8855,,SRV
6323050471751680,SMR,On_Hold,SMR,,samsung/a34xeea/a34x:16/BP4A.251205.006/A346BXXSHFZI5:user/release-keys,"AMO,ATL,BOG,BTB,BTE,CNX,COS,CRO,DO2,DRE,DTM,EVR,FTM,HTS,HUI,MAX,MEO,MET,MOB,MOT,O2C,O2U,OMN,OPV,ORO,ORS,PLS,PRT,SFR,SIM,SWC,TCL,TIM,TMH,TMS,TMZ,TNL,TPL,VD2,VDC,VDF,VDI,VGR,VIP,VOD,XEC","Spain,France,United Kingdom,Romania,Greece,Croatia,Germany,Austria,Sweden,Italy,Portugal,Ireland,Slovenia,Czech Republic,Poland,Slovakia,Switzerland,Hungary,Netherlands",thuynga.dt@samsung.com,huy.leu@samsung.com,"2026-09-24 11:50:46 KST","2026-09-25 13:15:07 KST","2026-09-25 13:15:07 KST",,,a34xeea,2026-10-05,kieu.hung@samsung.com,SRV,100.0,A346BXXSHFZI5,A346BXXSHFZI5,A346BOXMHFZI5,SM-A346B,PHONE,"2026-09-24 19:00:00 KST",false,,No,MT6877V/TTZA,,SRV
5531170439954432,SMR,Approved,SMR,,samsung/gts10pwifizc/gts10pwifi:16/BP4A.251205.006/X820ZCSBDZI2:user/release-keys,CHN,China,approval.se@samsung.com,ga.srcg@samsung.com,"2026-09-24 11:38:03 KST","2026-09-24 17:35:48 KST","2026-09-24 12:19:01 KST","2026-09-24 17:35:48 KST",,gts10pwifizc,2026-08-05,xlan1.zhou@partner.samsung.com,SRC-Guangzhou,100.0,X820ZCSBDZI2,,X820CHNBDZI2,SM-X820,TABLET,"2026-09-24 19:30:00 KST",false,,Yes,MT6989,,SRI-N
5999323955593216,NormalException,Approved,MR,false,samsung/b6qxeea/b6q:17/CP2A.260605.016/F741BXXU4EZIH:user/release-keys,"3IE,AMO,ATL,BOG,CNX,COS,CRO,DO2,DRE,DTM,EVR,FTM,H3G,HTS,HUI,MAX,MEO,MET,MOB,MOT,O2U,OMN,OPV,ORO,ORS,PLS,PRT,SFR,SIM,SWC,TCL,TIM,TMH,TMS,TMZ,TPL,VD2,VDC,VDF,VDI,VGR,VIP,VOD,XEC","Ireland,United Kingdom,Spain,France,Romania,Greece,Slovenia,Croatia,Germany,Austria,Sweden,Italy,Portugal,Poland,Slovakia,Switzerland,Hungary,Czech Republic,Netherlands",ly.ltt@samsung.com,srv.gba@samsung.com,"2026-09-24 11:36:50 KST","2026-09-28 09:26:19 KST","2026-09-28 09:26:19 KST","2026-09-28 09:26:19 KST",,b6qxeea,2026-09-05,duy.th1@samsung.com,SRV,100.0,F741BXXU4EZIH,F741BXXU4EZIH,F741BOXM4EZIH,SM-F741B,PHONE,,false,VARIANT,No,SM8650,,SRV
5183273055813632,SKU,Approved,MR,false,samsung/a56xnaeea/a56x:17/CP2A.260605.016/A566BXXUEDZIE_OXMEDZIE:user/release-keys,"ATL,BOG,EUX,EVR,MEO,MET,MOB,MOT,PLS,PRT,SFR,SIM,SWC,TIM,VIP","Spain,France,Portugal,Iceland,Greece,Netherlands,Sweden,Austria,Latvia,Luxembourg,Poland,Slovakia,Slovenia,Bulgaria,Lithuania,Croatia,Romania,Hungary,United Kingdom,Switzerland,Czech Republic,Belgium,Norway,Finland,Denmark,Italy,Germany,Estonia,Ireland",nam.dt1@samsung.com,srv.gba@samsung.com,"2026-09-24 11:18:15 KST","2026-09-24 12:37:28 KST","2026-09-24 12:37:28 KST","2026-09-24 12:37:28 KST",,a56xnaeea,2026-09-05,kaeby@samsung.com,SRV,100.0,A566BXXUEDZIE,A566BXXUEDZIE,A566BOXMEDZIE,SM-A566B,PHONE,"2026-09-24 21:30:00 KST",false,VARIANT,No,s5e8855,,SRV
6541664307118080,Regular,Approved,MR,false,samsung/a56xnaxx/a56x:17/CP2A.260605.016/A566BXXUEDZIE_OJMEDZIE:user/release-keys,"ACR,AFG,AFR,DKR,ECT,EGY,EUY,FWD,ILO,ILP,KSA,LYS,MID,MWD,PAK,PKD,TUN,XFA,XFV,XSG","Ghana,Afghanistan,Kenya,Senegal,Nigeria,Egypt,Serbia,Morocco,Israel,Palestine,Saudi Arabia,Libya,Lebanon,Iraq,Jordan,Pakistan,Tunisia,South Africa,Zambia,Mauritius,Qatar,United Arab Emirates,Kuwait,Bahrain,Oman",huy.dn@samsung.com,srv.gba@samsung.com,"2026-09-24 11:17:28 KST","2026-09-24 16:01:38 KST","2026-09-24 12:13:37 KST","2026-09-24 16:01:38 KST",,a56xnaxx,2026-09-05,vanviet.do@samsung.com,SRV,100.0,A566BXXUEDZIE,A566BXXUEDZIE,A566BOJMEDZIE,SM-A566B,PHONE,"2026-09-24 22:00:00 KST",false,VARIANT,Yes,s5e8855,,SRV
5188108920553472,Regular,Approved,MR,false,samsung/a56xnaxx/a56x:17/CP2A.260605.016/A566BXXUEDZIE_OLMEDZIE:user/release-keys,"EUY,GLB,MM1,OPS,SIN,STH,TEL,THL,VAU,XME,XNZ,XSA,XSP,XTC,XXV","Serbia,Philippines,Singapore,Australia,Myanmar,Cambodia,Thailand,Laos,Malaysia,New Zealand,Vietnam",yen.dt@samsung.com,srv.gba@samsung.com,"2026-09-24 11:17:16 KST","2026-09-24 16:01:06 KST","2026-09-24 11:51:46 KST","2026-09-24 16:01:06 KST",,a56xnaxx,2026-09-05,vanviet.do@samsung.com,SRV,100.0,A566BXXUEDZIE,A566BXXUEDZIE,A566BOLMEDZIE,SM-A566B,PHONE,"2026-09-24 22:00:00 KST",false,VARIANT,Yes,s5e8855,,SRV
5404368375644160,SMR,Approved,SMR,,samsung/h8qsqw/h8q:17/CP2A.260605.016/F971USQS3AZIJ_OYN3AZIJ:user/release-keys,"AIO,ATT,CCT,CHA,SPT,TMB,TMK,VZW,XAA,XMT","United States",bhawna.s1@samsung.com,ga1.sec@samsung.com,"2026-09-24 10:43:48 KST","2026-09-25 13:01:06 KST","2026-09-25 12:55:52 KST","2026-09-25 13:01:06 KST",,h8qsqw,2026-10-05,bansuk.choi@samsung.com,HQ-Suwon,100.0,F971USQS3AZIJ,F971USQS3AZIJ,F971UOYN3AZIJ,SM-F971U,PHONE,"2026-09-24 19:30:00 KST",false,,Yes,SM8850,,SRI-N
5386702034305024,SKU,Approved,MR,false,samsung/a56xnaxx/a56x:17/CP2A.260605.016/A566BXXUEDZIE_OXMEDZIE:user/release-keys,"EUY,MBM,MSR,TOP","Ukraine,Macedonia,Serbia",vuong.hue@samsung.com,srv.gba@samsung.com,"2026-09-24 10:41:34 KST","2026-09-24 11:23:41 KST","2026-09-24 11:23:41 KST","2026-09-24 11:23:41 KST",,a56xnaxx,2026-09-05,kaeby@samsung.com,SRV,100.0,A566BXXUEDZIE,A566BXXUEDZIE,A566BOXMEDZIE,SM-A566B,PHONE,"2026-09-24 20:00:00 KST",false,VARIANT,No,s5e8855,,SRV
4966165948661760,SMR,Approved,SMR,,samsung/e3qzhx/e3q:16/BP4A.251205.006/S9280ZHS6DZI1:user/release-keys,"BRI,TGY","Taiwan,Hong Kong",approval.se@samsung.com,ga.srcg@samsung.com,"2026-09-24 10:29:00 KST","2026-09-24 17:01:58 KST","2026-09-24 11:19:06 KST","2026-09-24 17:01:58 KST",,e3qzhx,2026-09-05,m2019.wang@partner.samsung.com,SRC-Guangzhou,100.0,S9280ZHS6DZI1,S9280ZCS6DZI1,S9280OZS6DZI1,SM-S9280,PHONE,"2026-09-24 19:30:00 KST",false,,Yes,SM8650,,SRI-N
4573260998246400,SMR,Approved,SMR,,samsung/q6qxxx/q6q:16/BP4A.251205.006/F956BXXS4DZI1:user/release-keys,"ACR,AFG,AFR,CAU,DKR,ECT,EGY,FWD,GLB,ILO,ILP,KSA,LYS,MBM,MID,MM1,MSR,MWD,OPS,PAK,PKD,SEK,SIN,SKZ,STH,TEL,THL,TOP,TUN,VAU,XFA,XFV,XME,XNZ,XSA,XSG,XSP,XTC,XXV","Ghana,Afghanistan,Gabon,Senegal,Tanzania,Uganda,Democratic Republic of the Congo,Kenya,Armenia,Azerbaijan,Georgia,Nigeria,Egypt,Morocco,Philippines,Israel,Saudi Arabia,Libya,Macedonia,Serbia,Iraq,Singapore,Australia,Pakistan,Ukraine,Kazakhstan,Myanmar,Cambodia,Thailand,Laos,Tunisia,South Africa,Malaysia,New Zealand,United Arab Emirates,Vietnam",approval.se@samsung.com,srv.gba@samsung.com,"2026-09-24 10:01:08 KST","2026-09-24 11:02:06 KST","2026-09-24 10:49:16 KST","2026-09-24 11:02:06 KST",,q6qxxx,2026-09-05,dung.ttt@samsung.com,SRV,100.0,F956BXXS4DZI1,F956BXXS4DZE1,F956BOXM4DZE1,SM-F956B,PHONE,"2026-09-24 19:00:00 KST",false,,Yes,SM8650,,SRV
4811768652365824,SMR,Approved,SMR,,samsung/q8qcsx/q8q:17/CP2A.260605.016/F976WVLS3AZIJ_OYV3AZIJ:user/release-keys,"BMC,BWA,CHR,ESK,FIZ,FMC,GLW,KDO,PCM,PMB,RWC,SOL,TBT,TLS,VMC,VTR,XAC",Canada,approval.se@samsung.com,ga1.sec@samsung.com,"2026-09-24 09:56:47 KST","2026-09-24 16:36:51 KST","2026-09-24 13:45:43 KST","2026-09-24 16:36:51 KST",,q8qcsx,2026-10-05,kdh8926@samsung.com,HQ-Suwon,100.0,F976WVLS3AZIJ,F976WVLS3AZIJ,F976WOYV3AZIJ,SM-F976W,PHONE,"2026-09-24 19:30:00 KST",false,,Yes,SM8850,,SRI-N
5076540635480064,SMR,Approved,SMR,,samsung/b8qcsx/b8q:17/CP2A.260605.016/F776WVLS3AZIJ_OYV3AZIJ:user/release-keys,"BMC,BWA,CHR,ESK,FIZ,FMC,GLW,KDO,PCM,PMB,RWC,SOL,TBT,TLS,VMC,VTR,XAC",Canada,approval.se@samsung.com,ga1.sec@samsung.com,"2026-09-24 09:55:12 KST","2026-09-24 16:35:58 KST","2026-09-24 13:49:55 KST","2026-09-24 16:35:58 KST",,b8qcsx,2026-10-05,kdh8926@samsung.com,HQ-Suwon,100.0,F776WVLS3AZIJ,F776WVLS3AZIJ,F776WOYV3AZIJ,SM-F776W,PHONE,"2026-09-24 19:30:00 KST",false,,Yes,SM8850,,SRI-N
5740113082712064,NormalException,Approved,MR,false,samsung/b5qxxx/b5q:17/CP2A.260605.016/F731BXXU7HZIH:user/release-keys,"COM,COB,CHO,EON,CHL,ZTO,TPA,PNT,COL,TCE,ZVV,CDR,CTP,COO,TGP,CHT,GLO,EBE,PSP,ARO,CGU,CTU,UFU,PEO,CRC,ANC,PET,SAM,BVO,PSN,MXO,ECO,GTO,CHX,UPO,CTI,PGU,UYO,CHE,DOR,ZTM,UFN,ZTA","Colombia,Chile,Ecuador,Brazil,Panama,Peru,Mexico,Dominican Republic,Paraguay,Guatemala,Argentina,Uruguay,Costa Rica,Bolivia",paulo.cunha@samsung.com,anderson.s@samsung.com,"2026-09-24 09:42:16 KST","2026-09-26 04:39:12 KST","2026-09-26 04:39:12 KST","2026-09-26 04:39:12 KST",,b5qxxx,2026-09-05,yong_jin.kim@samsung.com,SIDIA,100.0,F731BXXU7HZIH,F731BXXU7HZIH,"F731BOWO7HZIH,F731BOXM7HZIH",SM-F731B,PHONE,"2026-09-25 04:30:00 KST",false,FULL,No,SM8550,,SIDIA
5865781879635968,SMR,Approved,SMR,,samsung/m3qxxx/m3q:17/CP2A.260605.016/S948BXXS4BZIG_OWO4BZIG:user/release-keys,"ARO,BVO,CDR,CGU,CHE,CHL,CHO,CHT,COB,COM,COO,CRC,CTI,CTP,CTU,DOR,ECO,EON,GLO,GTO,IUS,MXO,PEO,PET,PGU,PNT,PSN,PSP,SAM,TCE,TGP,UFN,UPO,UYO,ZTA,ZTM,ZTO,ZVV","Argentina,Bolivia,Dominican Republic,Guatemala,Chile,Colombia,Costa Rica,Paraguay,Uruguay,Ecuador,Mexico,Peru,Brazil",approval.se@samsung.com,googleapproval.sidia@samsung.com,"2026-09-24 09:36:30 KST","2026-09-24 15:35:53 KST","2026-09-24 14:04:08 KST","2026-09-24 15:35:53 KST",,m3qxxx,2026-10-05,elcione.pinheiro@samsung.com,SIDIA,100.0,S948BXXS4BZIG,S948BXXU4BZI9,S948BOWO4BZIG,SM-S948B,PHONE,"2026-09-25 02:00:00 KST",false,,Yes,SM8850,,SIDIA
6430968638603264,Regular,Rejected,MR,false,samsung/a14ub/a14:15/AP3A.240905.015.A2/A145MUBUFDZI2:user/release-keys,GTO,Guatemala,welton.seabra@samsung.com,googleapproval.sidia@samsung.com,"2026-09-24 09:13:22 KST","2026-09-25 00:32:06 KST","2026-09-25 00:32:06 KST",,,a14ub,2026-08-05,cristiano.mendes@samsung.com,SIDIA,100.0,A145MUBUFDZI2,A145MUBUFDZI2,A145MOWOFDZI2,SM-A145M,PHONE,"2026-09-25 04:30:00 KST",false,FULL,No,"Exynos 850",,SIDIA
4963604101332992,SMR,Approved,SMR,,samsung/e1quew/e1q:16/BP4A.251205.006/S921U1UES6DZI2:user/release-keys,"LLA,PCT","Puerto Rico",approval.se@samsung.com,googleapproval.sidia@samsung.com,"2026-09-24 06:50:34 KST","2026-09-24 08:00:43 KST","2026-09-24 07:39:08 KST","2026-09-24 08:00:43 KST",,e1quew,2026-09-05,stefano.serra@samsung.com,SIDIA,100.0,S921U1UES6DZI2,S921U1UES6DZI2,S921U1OWA6DZI2,SM-S921U1,PHONE,"2026-09-25 02:00:00 KST",false,,Yes,SM8650,,SIDIA
5685526934061056,Regular,Approved,MR,false,samsung/pa1quew/pa1q:17/CP2A.260605.016/S931U1UEUCDZIF_OWACDZIF:user/release-keys,"LLA,PCT,XAA","Puerto Rico,United States",paulo.cunha@samsung.com,googleapproval.sidia@samsung.com,"2026-09-24 06:33:50 KST","2026-09-24 13:35:29 KST","2026-09-24 07:20:22 KST","2026-09-24 13:35:29 KST",,pa1quew,2026-09-05,augusto.borba@samsung.com,SIDIA,100.0,S931U1UEUCDZIF,S931U1UEUCDZIF,S931U1OWACDZIF,SM-S931U1,PHONE,"2026-09-25 04:30:00 KST",false,VARIANT,Yes,SM8750,,SIDIA
6473129195208704,Vendor,Approved,,false,samsung/a24ub/a24:16/BP2A.250605.031.A3/A245MUBUFGZI4:user/release-keys,,,rene.a@samsung.com,googleapproval.sidia@samsung.com,"2026-09-24 06:04:20 KST","2026-09-29 16:00:04 KST","2026-09-26 07:25:08 KST","2026-09-29 16:00:04 KST",,a24ub,,kamila.vasconcelos@samsung.com,SIDIA,100.0,A245MUBUFGZI4,,,SM-A245M,PHONE,"2026-09-25 03:30:00 KST",false,,No,MT6789V/CD,,SIDIA
6725984506347520,SMR,Approved,SMR,,samsung/e2quew/e2q:16/BP4A.251205.006/S926U1UES6DZI2:user/release-keys,"LLA,PCT","Puerto Rico",approval.se@samsung.com,googleapproval.sidia@samsung.com,"2026-09-24 06:02:10 KST","2026-09-24 07:01:44 KST","2026-09-24 06:39:12 KST","2026-09-24 07:01:44 KST",,e2quew,2026-09-05,stefano.serra@samsung.com,SIDIA,100.0,S926U1UES6DZI2,S926U1UES6DZI2,S926U1OWA6DZI2,SM-S926U1,PHONE,,false,,Yes,SM8650,,SIDIA
4577219213262848,NormalException,Approved,MR,false,samsung/q6qxxx/q6q:17/CP2A.260605.016/F956BXXU4EZIH:user/release-keys,"GTO,TPA","Guatemala,Panama",dinara.araujo@samsung.com,googleapproval.sidia@samsung.com,"2026-09-24 05:44:18 KST","2026-09-24 06:59:45 KST","2026-09-24 06:59:45 KST","2026-09-24 06:59:45 KST",,q6qxxx,2026-09-05,mailtolim@samsung.com,SIDIA,100.0,F956BXXU4EZIH,F956BXXU4EZIH,F956BOXM4EZIH,SM-F956B,PHONE,"2026-09-25 03:00:00 KST",false,FULL,No,SM8650,,SIDIA
5307106727297024,Regular,Approved,MR,false,samsung/pa2quew/pa2q:17/CP2A.260605.016/S936U1UEUCDZIF_OWACDZIF:user/release-keys,"LLA,PCT,XAA","Puerto Rico,United States",paulo.cunha@samsung.com,googleapproval.sidia@samsung.com,"2026-09-24 04:39:01 KST","2026-09-24 21:00:41 KST","2026-09-24 14:34:06 KST","2026-09-24 21:00:41 KST",,pa2quew,2026-09-05,augusto.borba@samsung.com,SIDIA,100.0,S936U1UEUCDZIF,S936U1UEUCDZIF,S936U1OWACDZIF,SM-S936U1,PHONE,"2026-09-25 04:30:00 KST",false,VARIANT,Yes,SM8750,,SIDIA
5823951850962944,Regular,Approved,MR,false,samsung/b7suew/b7s:17/CP2A.260605.016/F766U1UEUCCZIH_OWACCZIH:user/release-keys,"LLA,PCT,XAA","Puerto Rico,United States",paulo.cunha@samsung.com,googleapproval.sidia@samsung.com,"2026-09-24 03:47:35 KST","2026-09-24 09:36:19 KST","2026-09-24 05:08:09 KST","2026-09-24 09:36:19 KST",,b7suew,2026-09-05,fabio.sousa@samsung.com,SIDIA,100.0,F766U1UEUCCZIH,F766U1UEUCCZIH,F766U1OWACCZIH,SM-F766U1,PHONE,"2026-09-24 08:30:00 KST",false,VARIANT,Yes,s5e9955,,SIDIA
4504967864123392,SMR,On_Hold,SMR,,samsung/r11sxxx/r11s:16/BP4A.251205.006/S711BXXSJGZI6:user/release-keys,XID,Indonesia,tu.nv1@samsung.com,endri.s@samsung.com,"2026-09-24 03:15:33 KST","2026-09-25 15:15:06 KST","2026-09-25 15:15:06 KST",,,r11sxxx,2026-10-05,danar.kurnia@samsung.com,SRV,100.0,S711BXXSJGZI6,S711BXXSJGZI6,S711BOLEJGZI6,SM-S711B,PHONE,"2026-09-24 17:00:00 KST",false,,No,s5e9925,,SRV
5134144099319808,SMR,Approved,SMR,,samsung/q8quew/q8q:17/CP2A.260605.016/F976U1UES3AZIJ_OYM3AZIJ:user/release-keys,"ACG,AIO,ATC,ATT,CCT,CHA,DSA,DSG,DSH,FKR,LRA,SPT,TFN,TMB,TMK,VZW,XAA,XAG,XAR,XMT","United States",approval.se@samsung.com,ga1.sec@samsung.com,"2026-09-24 01:35:03 KST","2026-09-24 14:04:52 KST","2026-09-24 13:51:51 KST","2026-09-24 14:04:52 KST",,q8quew,2026-10-05,cmoh@samsung.com,HQ-Suwon,100.0,F976U1UES3AZIJ,F976U1UES3AZIJ,F976U1OYM3AZIJ,SM-F976U1,PHONE,"2026-09-24 17:30:00 KST",false,,Yes,SM8850,,SRI-N
4537988730322944,SMR,Approved,SMR,,samsung/b8quew/b8q:17/CP2A.260605.016/F776U1UES3AZIJ_OYM3AZIJ:user/release-keys,"ACG,AIO,ATC,ATT,CCT,CHA,DSA,DSG,DSH,FKR,LRA,SPT,TFN,TMB,TMK,VZW,XAA,XAG,XAR,XMT","United States",approval.se@samsung.com,ga1.sec@samsung.com,"2026-09-24 01:21:56 KST","2026-09-24 14:05:10 KST","2026-09-24 13:37:42 KST","2026-09-24 14:05:10 KST",,b8quew,2026-10-05,cmoh@samsung.com,HQ-Suwon,100.0,F776U1UES3AZIJ,F776U1UES3AZIJ,F776U1OYM3AZIJ,SM-F776U1,PHONE,"2026-09-24 17:30:00 KST",false,,Yes,SM8850,,SRI-N
4919483747794944,SMR,Approved,SMR,,samsung/b8quew/b8q:17/CP2A.260605.016/F776U1UES3AZIH_OWA3AZIH:user/release-keys,"LLA,PCT","Puerto Rico",rene.a@samsung.com,googleapproval.sidia@samsung.com,"2026-09-24 01:10:20 KST","2026-09-24 14:04:19 KST","2026-09-24 13:47:20 KST","2026-09-24 14:00:51 KST",,b8quew,2026-10-05,a.maewe@samsung.com,SIDIA,100.0,F776U1UES3AZIH,F776U1UES3AZIH,F776U1OWA3AZIH,SM-F776U1,PHONE,"2026-09-24 02:00:00 KST",false,,Yes,SM8850,,SIDIA
6726273711996928,SMR,Approved,SMR,,samsung/a06ub/a06:16/BP2A.250605.031.A3/A065MUBSGCZI3:user/release-keys,"TPA,ARO,BVO,CTI,CTP,CTU,IUS,MXO,PSN,PSP,TCE,TGP,TMM,UFN,UFU,UPO,UYO,ZTA,ZTM,ZTO,ZVV","Panama,Argentina,Bolivia,Paraguay,Uruguay,Mexico,Brazil",approval.se@samsung.com,googleapproval.sidia@samsung.com,"2026-09-24 00:40:36 KST","2026-09-24 01:36:20 KST","2026-09-24 01:09:04 KST","2026-09-24 01:36:20 KST",,a06ub,2026-09-05,matheus.lopes@samsung.com,SIDIA,100.0,A065MUBSGCZI3,A065MUBSGCZI2,A065MOWOGCZI3,SM-A065M,PHONE,"2026-09-24 02:00:00 KST",false,,Yes,MT6769V/CZ,,SIDIA
6307850515382272,NormalException,Approved,MR,false,samsung/a53xnsxx/a53x:16/BP2A.250605.031.A3/A536EXXUOGZI3:user/release-keys,"ARO,BAT,BVO,CDR,CGU,CHE,CHL,CHO,CHT,CHX,COB,COL,COM,COO,CRC,CTI,CTP,CTU,CWW,DOR,EBE,ECO,EON,GTO,IUS,MXO,PEO,PET,PGU,PNT,PSN,PSP,SAM,TCE,TGP,TMM,TPA,UFN,UFU,UPO,UYO,ZTA,ZTM,ZTO,ZVV","Argentina,Bahamas,Bolivia,Dominican Republic,Guatemala,Chile,Colombia,Costa Rica,Paraguay,Uruguay,Jamaica,Ecuador,Mexico,Peru,Panama,Brazil",dinara.araujo@samsung.com,googleapproval.sidia@samsung.com,"2026-09-24 00:33:54 KST","2026-09-24 03:06:22 KST","2026-09-24 03:06:22 KST","2026-09-24 03:06:22 KST",,a53xnsxx,2026-08-05,thang.ho@samsung.com,SIDIA,100.0,A536EXXUOGZI3,A536EXXUOGZI3,"A536EOWOOGZI3,A536EOWAOGZI3,A536EOWEOGZI3",SM-A536E,PHONE,"2026-09-24 04:30:00 KST",false,FULL,No,S5E8825,,SIDIA
6444928288948224,Regular,Approved,MR,false,samsung/r13scs/r13s:17/CP2A.260605.016/S731WVLU9CZIF_OYV9CZIF:user/release-keys,"VTR,BWA,TBT,TLS,KDO,BMC,PMB,VMC,SOL,CHR,FMC,RWC,ESK,GLW,FIZ,PCM,XAC",Canada,deeksha.s@samsung.com,srin-pregba@samsung.com,"2026-09-24 00:05:35 KST","2026-09-24 19:35:38 KST","2026-09-24 19:09:39 KST","2026-09-24 19:35:38 KST",,r13scs,2026-09-05,n1.kaushik@samsung.com,SRI-Noida,100.0,S731WVLU9CZIF,S731WVLU9CZIF,S731WOYV9CZIF,SM-S731W,PHONE,"2026-09-24 20:30:00 KST",false,FULL,Yes,s5e9945,,SRI-N
4509910230630400,Regular,Approved,MR,false,samsung/q5qxxx/q5q:17/CP2A.260605.016/F946BTBU7HZIH:user/release-keys,XXV,Vietnam,oanh.lt@samsung.com,manhdat.ng@samsung.com,"2026-09-23 23:30:01 KST","2026-09-24 18:36:28 KST","2026-09-24 18:26:27 KST","2026-09-24 18:36:28 KST",,q5qxxx,2026-09-05,dat.tien@samsung.com,SRV,100.0,F946BTBU7HZIH,F946BXXU7HZIH,F946BOXT7HZIH,SM-F946B,PHONE,"2026-09-24 19:30:00 KST",false,FULL,Yes,SM8550,,SRV
4776165453856768,SMR,Approved,SMR,,samsung/h8qxins/h8q:17/CP2A.260605.016/F971BXXS3AZIJ_OXM3AZIJ:user/release-keys,INS,India,approval.se@samsung.com,gumi.ga0.sec@samsung.com,"2026-09-23 23:28:13 KST","2026-09-24 14:04:58 KST","2026-09-24 13:45:17 KST","2026-09-24 14:04:58 KST",,h8qxins,2026-10-05,sue46.yang@samsung.com,HQ-Gumi,100.0,F971BXXS3AZIJ,F971BXXU3AZI5,F971BOXM3AZIJ,SM-F971B,PHONE,"2026-09-24 17:30:00 KST",false,,Yes,SM8850,,SRI-N
4987386174111744,NormalException,Approved,MR,false,samsung/e3qxxx/e3q:17/CP2A.260605.016/S928BXXU6EZIF:user/release-keys,"ANC,ARO,BVO,CDR,CGU,CHE,CHL,CHO,CHT,CHX,COB,COL,COM,COO,CRC,CTI,CTP,CTU,DOR,EBE,ECO,EON,GLO,GTO,IUS,MXO,PEO,PET,PGU,PNT,PSN,PSP,SAM,TCE,TGP,TMM,TPA,UFN,UFU,UPO,UYO,ZTA,ZTM,ZTO,ZVV","Uruguay,Argentina,Bolivia,Dominican Republic,Guatemala,Chile,Colombia,Costa Rica,Paraguay,Ecuador,Mexico,Peru,Panama,Brazil",rene.a@samsung.com,googleapproval.sidia@samsung.com,"2026-09-23 23:18:23 KST","2026-09-24 02:05:33 KST","2026-09-24 02:05:33 KST","2026-09-24 02:05:33 KST",,e3qxxx,2026-09-05,hyunah45.lee@samsung.com,SIDIA,100.0,S928BXXU6EZIF,S928BXXU6EZIF,S928BOWO6EZIF,SM-S928B,PHONE,"2026-09-24 04:30:00 KST",false,FULL,No,SM8650,,SIDIA
4626237003923456,SMR,Approved,SMR,,samsung/q8qsqw/q8q:17/CP2A.260605.016/F976USQS3AZIJ_OYN3AZIJ:user/release-keys,"ATT,CCT,CHA,SPT,TMB,TMK,VZW,XAA,XMT","United States",approval.se@samsung.com,ga1.sec@samsung.com,"2026-09-23 23:17:49 KST","2026-09-24 14:41:46 KST","2026-09-24 13:42:31 KST","2026-09-24 14:41:46 KST",,q8qsqw,2026-10-05,sb81.park@samsung.com,HQ-Suwon,100.0,F976USQS3AZIJ,F976USQS3AZIJ,F976UOYN3AZIJ,SM-F976U,PHONE,,false,,Yes,SM8850,,SRI-N
4590538242392064,SMR,Approved,SMR,,samsung/h8qxeea/h8q:17/CP2A.260605.016/F971BXXS3AZIJ_OXM3AZIJ:user/release-keys,"EUX,3IE,AMO,ATL,BOG,CNX,DO2,DRE,EVR,FTM,H3G,HTS,HUI,MEO,MOB,O2U,OMN,OPV,ORO,ORS,PLS,PRT,SFR,SIM,TCL,TIM,VD2,VDC,VDF,VDI,VGR,VOD,XEC","Portugal,Iceland,Greece,Austria,Sweden,Netherlands,Latvia,Luxembourg,Poland,Slovakia,Slovenia,Bulgaria,Lithuania,France,Croatia,Romania,Hungary,United Kingdom,Switzerland,Spain,Czech Republic,Norway,Finland,Denmark,Italy,Germany,Estonia,Ireland",approval.se@samsung.com,gumi.ga0.sec@samsung.com,"2026-09-23 23:17:26 KST","2026-09-24 14:05:17 KST","2026-09-24 13:40:38 KST","2026-09-24 14:05:17 KST",,h8qxeea,2026-10-05,sue46.yang@samsung.com,HQ-Gumi,100.0,F971BXXS3AZIJ,F971BXXU3AZI5,F971BOXM3AZIJ,SM-F971B,PHONE,,false,,Yes,SM8850,,SRV
5346988350767104,SMR,Approved,SMR,,samsung/q8qxtur/q8q:17/CP2A.260605.016/F976BXXS3AZIJ_OXM3AZIJ:user/release-keys,TUR,Türkiye,approval.se@samsung.com,gumi.ga0.sec@samsung.com,"2026-09-23 23:17:13 KST","2026-09-24 14:01:10 KST","2026-09-24 13:55:10 KST","2026-09-24 14:01:10 KST",,q8qxtur,2026-10-05,sue46.yang@samsung.com,HQ-Gumi,100.0,F976BXXS3AZIJ,F976BXXU3AZI5,F976BOXM3AZIJ,SM-F976B,PHONE,,false,,Yes,SM8850,,SRV
6513739771936768,SMR,Approved,SMR,,samsung/q8qxeea/q8q:17/CP2A.260605.016/F976BXXS3AZIJ_OXM3AZIJ:user/release-keys,"EUX,3IE,AMO,ATL,BOG,CNX,DO2,DRE,EVR,FTM,H3G,HTS,HUI,MEO,MOB,O2U,OMN,OPV,ORO,ORS,PLS,PRT,SFR,SIM,TCL,TIM,VD2,VDC,VDF,VDI,VGR,VOD,XEC","Portugal,Iceland,Greece,Austria,Sweden,Netherlands,Latvia,Luxembourg,Poland,Slovakia,Slovenia,Bulgaria,Lithuania,France,Croatia,Romania,Hungary,United Kingdom,Switzerland,Spain,Czech Republic,Norway,Finland,Denmark,Italy,Germany,Estonia,Ireland",approval.se@samsung.com,gumi.ga0.sec@samsung.com,"2026-09-23 23:11:44 KST","2026-09-24 14:40:23 KST","2026-09-24 14:16:57 KST","2026-09-24 14:40:23 KST",,q8qxeea,2026-10-05,sue46.yang@samsung.com,HQ-Gumi,100.0,F976BXXS3AZIJ,F976BXXU3AZI5,F976BOXM3AZIJ,SM-F976B,PHONE,"2026-09-24 17:30:00 KST",false,,Yes,SM8850,,SRV
5531394851995648,SMR,Approved,SMR,,samsung/h8qxser/h8q:17/CP2A.260605.016/F971BXXS3AZIJ_OXM3AZIJ:user/release-keys,"SER,SKZ","Belarus,Russia,Kazakhstan",approval.se@samsung.com,gumi.ga0.sec@samsung.com,"2026-09-23 23:10:28 KST","2026-09-24 14:05:33 KST","2026-09-24 13:58:39 KST","2026-09-24 14:05:33 KST",,h8qxser,2026-10-05,sue46.yang@samsung.com,HQ-Gumi,100.0,F971BXXS3AZIJ,F971BXXU3AZI5,F971BOXM3AZIJ,SM-F971B,PHONE,"2026-09-24 17:30:00 KST",false,,Yes,SM8850,,SRV
5597183818858496,SMR,Approved,SMR,,samsung/q8qxins/q8q:17/CP2A.260605.016/F976BXXS3AZIJ_OXM3AZIJ:user/release-keys,INS,India,approval.se@samsung.com,gumi.ga0.sec@samsung.com,"2026-09-23 23:04:57 KST","2026-09-24 14:40:11 KST","2026-09-24 14:00:31 KST","2026-09-24 14:40:11 KST",,q8qxins,2026-10-05,sue46.yang@samsung.com,HQ-Gumi,100.0,F976BXXS3AZIJ,F976BXXU3AZI5,F976BOXM3AZIJ,SM-F976B,PHONE,"2026-09-24 17:30:00 KST",false,,Yes,SM8850,,SRI-N
6608333608058880,SMR,Approved,SMR,,samsung/q8qxser/q8q:17/CP2A.260605.016/F976BXXS3AZIJ_OXM3AZIJ:user/release-keys,"SER,SKZ","Belarus,Russia,Kazakhstan",approval.se@samsung.com,gumi.ga0.sec@samsung.com,"2026-09-23 23:04:48 KST","2026-09-24 14:36:29 KST","2026-09-24 14:18:59 KST","2026-09-24 14:36:29 KST",,q8qxser,2026-10-05,sue46.yang@samsung.com,HQ-Gumi,100.0,F976BXXS3AZIJ,F976BXXU3AZI5,F976BOXM3AZIJ,SM-F976B,PHONE,"2026-09-24 17:30:00 KST",false,,Yes,SM8850,,SRV
6516557270482944,SMR,Approved,SMR,,samsung/b8qsqw/b8q:17/CP2A.260605.016/F776USQS3AZIJ_OYN3AZIJ:user/release-keys,"ATT,CCT,CHA,SPT,TMB,TMK,VZW,XAA,XMT","United States",approval.se@samsung.com,ga1.sec@samsung.com,"2026-09-23 23:03:27 KST","2026-09-25 05:01:43 KST","2026-09-24 14:17:20 KST","2026-09-25 05:01:43 KST",,b8qsqw,2026-10-05,ys.lee@samsung.com,HQ-Suwon,100.0,F776USQS3AZIJ,F776USQS3AZIJ,F776UOYN3AZIJ,SM-F776U,PHONE,"2026-09-24 17:30:00 KST",false,,Yes,SM8850,,SRI-N
4546232433508352,SMR,Approved,SMR,,samsung/h8qxtur/h8q:17/CP2A.260605.016/F971BXXS3AZIJ_OXM3AZIJ:user/release-keys,TUR,Türkiye,approval.se@samsung.com,gumi.ga0.sec@samsung.com,"2026-09-23 22:59:57 KST","2026-09-24 14:05:23 KST","2026-09-24 13:39:19 KST","2026-09-24 14:05:23 KST",,h8qxtur,2026-10-05,sue46.yang@samsung.com,HQ-Gumi,100.0,F971BXXS3AZIJ,F971BXXU3AZI5,F971BOXM3AZIJ,SM-F971B,PHONE,"2026-09-24 17:30:00 KST",false,,Yes,SM8850,,SRV
5788881027072000,SMR,Approved,SMR,,samsung/gts10pxxx/gts10p:16/BP4A.251205.006/X826BXXSBDZI2:user/release-keys,"BRI,TGY","Taiwan,Hong Kong",approval.se@samsung.com,ga.srcg@samsung.com,"2026-09-23 22:59:53 KST","2026-09-24 01:01:42 KST","2026-09-24 00:39:05 KST","2026-09-24 01:01:42 KST",,gts10pxxx,2026-09-05,xlan1.zhou@partner.samsung.com,SRC-Guangzhou,100.0,X826BXXSBDZI2,X826BXXSBDZI2,X826BOXMBDZI2,SM-X826B,TABLET,"2026-09-24 17:30:00 KST",false,,Yes,SM8650,,SRI-N
4872527608545280,SMR,Approved,SMR,,samsung/a23xqsqw/a23xq:15/AP3A.240905.015.A2/A236VSQSFEZI6:user/release-keys,PCT,"Puerto Rico",approval.se@samsung.com,googleapproval.sidia@samsung.com,"2026-09-23 22:55:26 KST","2026-09-24 00:36:13 KST","2026-09-24 00:29:10 KST","2026-09-24 00:36:13 KST",,a23xqsqw,2026-09-05,davi.barbosa@samsung.com,SIDIA,100.0,A236VSQSFEZI6,A236VSQSFEZI6,A236VOWAFEZI6,SM-A236V,PHONE,"2026-09-24 02:00:00 KST",false,,Yes,SM6375,,SIDIA
6395979016437760,SMR,On_Hold,SMR,,samsung/r11sxxx/r11s:16/BP4A.251205.006/S711BXXSJGZI6:user/release-keys,"CGU,CHE,CHL,CHO,CHT,CHX,COB,COL,COM,COO,CRC,DOR,EBE,ECO,EON,GLO,GTO,PEO,PET,PGU,PNT,SAM","Guatemala,Chile,Colombia,Costa Rica,Dominican Republic,Ecuador,Peru",welton.seabra@samsung.com,alves.r@samsung.com,"2026-09-23 22:34:00 KST","2026-09-25 04:47:31 KST","2026-09-25 04:47:31 KST",,,r11sxxx,2026-10-05,jose.medeiros@samsung.com,SIDIA,100.0,S711BXXSJGZI6,S711BXXSJGZI6,S711BOWBJGZI6,SM-S711B,PHONE,"2026-09-24 02:00:00 KST",false,,No,s5e9925,,SIDIA
6625720373870592,SMR,On_Hold,SMR,,samsung/r11sxxx/r11s:16/BP4A.251205.006/S711BXXSJGZI6:user/release-keys,"ANC,ARO,BVO,CTI,CTP,CTU,IUS,MXO,PSN,PSP,TCE,TGP,TMM,TPA,UFN,UFU,UPO,UYO,ZTA,ZTM,ZTO,ZVV","Uruguay,Argentina,Bolivia,Paraguay,Mexico,Panama,Brazil",paulo.cunha@samsung.com,alves.r@samsung.com,"2026-09-23 22:33:59 KST","2026-09-25 04:46:19 KST","2026-09-25 04:46:19 KST",,,r11sxxx,2026-10-05,jose.medeiros@samsung.com,SIDIA,100.0,S711BXXSJGZI6,S711BXXSJGZI6,S711BOWOJGZI6,SM-S711B,PHONE,"2026-09-24 02:00:00 KST",false,,No,s5e9925,,SIDIA
5994313674915840,Regular,Approved,MR,false,samsung/psqcsx/psq:17/CP2A.260605.016/S937WVLU9DZIF_OYV9DZIF:user/release-keys,"BMC,BWA,CHR,ESK,FIZ,FMC,GLW,KDO,PMB,RWC,VTR,VMC,TBT,TLS,XAC",Canada,umesh.k@samsung.com,srin-pregba@samsung.com,"2026-09-23 22:25:19 KST","2026-09-24 19:36:05 KST","2026-09-24 19:13:52 KST","2026-09-24 19:36:05 KST",,psqcsx,2026-09-05,k.sushil@samsung.com,SRI-Noida,100.0,S937WVLU9DZIF,S937WVLU9DZIF,S937WOYV9DZIF,SM-S937W,PHONE,"2026-09-24 20:30:00 KST",false,FULL,Yes,SM8750,,SRI-N
6587562676453376,SMR,Approved,SMR,,samsung/m1sxeea/m1s:17/CP2A.260605.016/S942BXXS4BZIG_OXM4BZIG:user/release-keys,"3IE,AMO,ATL,BOG,CNX,COS,CRO,DO2,DRE,DTM,EUX,EVR,FTM,H3G,HTS,HUI,MAX,MEO,MOB,O2U,OMN,OPV,ORO,ORS,PLS,PRT,SFR,SIM,SWC,TCL,TIM,TMH,TMS,TMZ,TPL,VD2,VDC,VDF,VDI,VGR,VOD,XEC","Ireland,United Kingdom,Spain,France,Romania,Greece,Slovenia,Croatia,Germany,Austria,Portugal,Iceland,Latvia,Netherlands,Sweden,Luxembourg,Poland,Slovakia,Bulgaria,Lithuania,Hungary,Switzerland,Czech Republic,Belgium,Norway,Finland,Denmark,Italy,Estonia",approval.se@samsung.com,gumi.ga0.sec@samsung.com,"2026-09-23 22:17:25 KST","2026-09-24 14:35:54 KST","2026-09-24 14:18:35 KST","2026-09-24 14:35:54 KST",,m1sxeea,2026-10-05,hyunah45.lee@samsung.com,HQ-Gumi,100.0,S942BXXS4BZIG,S942BXXU4BZI6,S942BOXM4BZIG,SM-S942B,PHONE,,false,,Yes,s5e9965,,SRV
6022586270220288,SMR,Approved,SMR,,samsung/m1sxser/m1s:17/CP2A.260605.016/S942BXXS4BZIG_OXM4BZIG:user/release-keys,"SER,SKZ","Belarus,Russia,Kazakhstan",approval.se@samsung.com,gumi.ga0.sec@samsung.com,"2026-09-23 22:15:32 KST","2026-09-24 14:41:57 KST","2026-09-24 14:08:20 KST","2026-09-24 14:41:57 KST",,m1sxser,2026-10-05,hyunah45.lee@samsung.com,HQ-Gumi,100.0,S942BXXS4BZIG,S942BXXU4BZI6,S942BOXM4BZIG,SM-S942B,PHONE,,false,,Yes,s5e9965,,SRV
4896686363377664,SMR,Approved,SMR,,samsung/m1sxtur/m1s:17/CP2A.260605.016/S942BXXS4BZIG_OXM4BZIG:user/release-keys,TUR,Türkiye,approval.se@samsung.com,gumi.ga0.sec@samsung.com,"2026-09-23 22:13:36 KST","2026-09-24 14:04:08 KST","2026-09-24 13:46:32 KST","2026-09-24 14:03:23 KST",,m1sxtur,2026-10-05,hyunah45.lee@samsung.com,HQ-Gumi,100.0,S942BXXS4BZIG,S942BXXU4BZI6,S942BOXM4BZIG,SM-S942B,PHONE,,false,,Yes,s5e9965,,SRV
5289813410578432,SMR,Approved,SMR,,samsung/m1sxins/m1s:17/CP2A.260605.016/S942BXXS4BZIG_OXM4BZIG:user/release-keys,INS,India,approval.se@samsung.com,gumi.ga0.sec@samsung.com,"2026-09-23 22:13:33 KST","2026-09-24 14:03:34 KST","2026-09-24 13:53:20 KST","2026-09-24 14:03:34 KST",,m1sxins,2026-10-05,hyunah45.lee@samsung.com,HQ-Gumi,100.0,S942BXXS4BZIG,S942BXXU4BZI6,S942BOXM4BZIG,SM-S942B,PHONE,"2026-09-24 17:30:00 KST",false,,Yes,s5e9965,,SRI-N
5888687225438208,SMR,Approved,SMR,,samsung/m1sxxx/m1s:17/CP2A.260605.016/S942BXXS4BZIG_OXM4BZIG:user/release-keys,"ACR,AFG,AFR,BKD,CAC,CAU,DKR,ECT,EGY,EUY,FWD,GLB,ILO,ILP,KSA,LYS,MBM,MID,MM1,MWD,NPB,OPS,PAK,PKD,SIN,SLK,SOZ,STH,TEL,THL,TUN,VAU,XFA,XFV,XME,XNZ,XSA,XSG,XSP,XTC,XXV","Ghana,Afghanistan,Gabon,Senegal,Tanzania,Uganda,Democratic Republic of the Congo,Kenya,Bangladesh,Mongolia,Turkmenistan,Kyrgyzstan,Tajikistan,Armenia,Azerbaijan,Georgia,Nigeria,Egypt,Kosovo,Ukraine,Macedonia,Serbia,Bosnia and Herzegovina,Montenegro,Albania,Morocco,Philippines,Israel,Saudi Arabia,Libya,Iraq,Singapore,Nepal,Australia,Pakistan,Sri Lanka,Uzbekistan,Myanmar,Cambodia,Thailand,Laos,Tunisia,South Africa,Malaysia,New Zealand,United Arab Emirates,Vietnam",approval.se@samsung.com,gumi.ga0.sec@samsung.com,"2026-09-23 22:11:11 KST","2026-09-24 14:35:14 KST","2026-09-24 14:04:28 KST","2026-09-24 14:35:14 KST",,m1sxxx,2026-10-05,hyunah45.lee@samsung.com,HQ-Gumi,100.0,S942BXXS4BZIG,S942BXXU4BZI6,S942BOXM4BZIG,SM-S942B,PHONE,"2026-09-24 17:30:00 KST",false,,Yes,s5e9965,,SRV
5655429548081152,SMR,Approved,SMR,,samsung/gts10uzcx/gts10u:16/BP4A.251205.006/X926CZCSBDZI2:user/release-keys,CHC,China,r1.rawat@samsung.com,ga.srcg@samsung.com,"2026-09-23 22:11:00 KST","2026-09-24 19:01:23 KST","2026-09-24 18:54:51 KST","2026-09-24 19:01:23 KST",,gts10uzcx,2026-08-05,xlan1.zhou@partner.samsung.com,SRC-Guangzhou,100.0,X926CZCSBDZI2,X926CZCSBDZI2,X926CCHCBDZI2,SM-X926C,TABLET,"2026-09-24 17:30:00 KST",false,,Yes,MT6989,,SRI-N
5088635263385600,Regular,Approved,LR,false,samsung/a35xtfn/a35x:17/CP2A.260605.016/S356VUDUDEZHA:user/release-keys,TFN,"United States",ruchi.joshi@samsung.com,srin-pregba@samsung.com,"2026-09-23 22:09:05 KST","2026-09-24 21:02:18 KST","2026-09-24 20:39:17 KST","2026-09-24 21:02:18 KST",,a35xtfn,2026-08-05,kanav.sareen@samsung.com,SRI-Noida,100.0,S356VUDUDEZHA,S356VUDUDEZHA,S356VTFNDEZHA,SM-S356V,PHONE,"2026-10-02 23:30:00 KST",false,FULL,Yes,s5e8835,SP,SRI-N
5128009174745088,SMR,Approved,SMR,,samsung/m3qxins/m3q:17/CP2A.260605.016/S948BXXS4BZIG_OXM4BZIG:user/release-keys,INS,India,approval.se@samsung.com,gumi.ga0.sec@samsung.com,"2026-09-23 21:56:08 KST","2026-09-24 14:02:38 KST","2026-09-24 13:51:26 KST","2026-09-24 14:02:38 KST",,m3qxins,2026-10-05,niceguy.lee@samsung.com,HQ-Gumi,100.0,S948BXXS4BZIG,S948BXXU4BZI9,S948BOXM4BZIG,SM-S948B,PHONE,"2026-09-24 17:30:00 KST",false,,Yes,SM8850,,SRI-N
6257072526327808,SMR,Approved,SMR,,samsung/m3qxser/m3q:17/CP2A.260605.016/S948BXXS4BZIG_OXM4BZIG:user/release-keys,"SER,SKZ","Belarus,Russia,Kazakhstan",approval.se@samsung.com,gumi.ga0.sec@samsung.com,"2026-09-23 21:48:56 KST","2026-09-24 14:36:21 KST","2026-09-24 14:11:40 KST","2026-09-24 14:36:21 KST",,m3qxser,2026-10-05,niceguy.lee@samsung.com,HQ-Gumi,100.0,S948BXXS4BZIG,S948BXXU4BZI9,S948BOXM4BZIG,SM-S948B,PHONE,"2026-09-24 17:30:00 KST",false,,Yes,SM8850,,SRV
6421900117147648,Regular,Approved,MR,false,samsung/pa3quew/pa3q:17/CP2A.260605.016/S938U1UEUCDZIF_OWACDZIF:user/release-keys,"LLA,PCT,XAA","Puerto Rico,United States",dinara.araujo@samsung.com,googleapproval.sidia@samsung.com,"2026-09-23 21:47:47 KST","2026-09-24 04:36:24 KST","2026-09-24 00:56:19 KST","2026-09-24 04:36:24 KST",,pa3quew,2026-09-05,augusto.borba@samsung.com,SIDIA,100.0,S938U1UEUCDZIF,S938U1UEUCDZIF,S938U1OWACDZIF,SM-S938U1,PHONE,"2026-09-24 04:30:00 KST",false,VARIANT,Yes,SM8750,,SIDIA
4994604906840064,NormalException,Approved,MR,false,samsung/a33xnsdxx/a33x:16/BP2A.250605.031.A3/A336EDXUKGZI3:user/release-keys,XID,Indonesia,thuynga.dt@samsung.com,endri.s@samsung.com,"2026-09-23 21:47:32 KST","2026-09-30 10:51:33 KST","2026-09-30 10:51:33 KST","2026-09-30 10:51:33 KST",,a33xnsdxx,2026-08-05,tuan.dung.ng@samsung.com,SRV,100.0,A336EDXUKGZI3,A336EDXUKGZI3,A336EOLEKGZI3,SM-A336E,PHONE,"2026-09-24 18:00:00 KST",false,FULL,No,S5E8825,,SRV
6130165839298560,SMR,Approved,SMR,,samsung/m3qxeea/m3q:17/CP2A.260605.016/S948BXXS4BZIG_OXM4BZIG:user/release-keys,"3IE,AMO,ATL,BOG,CNX,COS,CRO,DO2,DRE,DTM,EUX,EVR,FTM,H3G,HTS,HUI,MAX,MEO,MOB,O2U,OMN,OPV,ORO,ORS,PLS,PRT,SFR,SIM,SWC,TCL,TIM,TMH,TMS,TMZ,TPL,VD2,VDC,VDF,VDI,VGR,VOD,XEC","Ireland,United Kingdom,Spain,France,Romania,Greece,Slovenia,Croatia,Germany,Austria,Portugal,Iceland,Latvia,Netherlands,Sweden,Luxembourg,Poland,Slovakia,Bulgaria,Lithuania,Hungary,Switzerland,Czech Republic,Belgium,Norway,Finland,Denmark,Italy,Estonia",approval.se@samsung.com,gumi.ga0.sec@samsung.com,"2026-09-23 21:46:57 KST","2026-09-24 14:37:04 KST","2026-09-24 14:08:44 KST","2026-09-24 14:37:04 KST",,m3qxeea,2026-10-05,niceguy.lee@samsung.com,HQ-Gumi,100.0,S948BXXS4BZIG,S948BXXU4BZI9,S948BOXM4BZIG,SM-S948B,PHONE,,false,,Yes,SM8850,,SRV
5194022419431424,SMR,Approved,SMR,,samsung/m3qxtur/m3q:17/CP2A.260605.016/S948BXXS4BZIG_OXM4BZIG:user/release-keys,TUR,Türkiye,approval.se@samsung.com,gumi.ga0.sec@samsung.com,"2026-09-23 21:45:36 KST","2026-09-24 14:00:16 KST","2026-09-24 13:52:32 KST","2026-09-24 14:00:16 KST",,m3qxtur,2026-10-05,niceguy.lee@samsung.com,HQ-Gumi,100.0,S948BXXS4BZIG,S948BXXU4BZI9,S948BOXM4BZIG,SM-S948B,PHONE,,false,,Yes,SM8850,,SRV
6349035292327936,SMR,Approved,SMR,,samsung/m2sksx/m2s:17/CP2A.260605.016/S947NKSS4BZIG_OKR4BZIG:user/release-keys,"KOO,KTC,LUC,SKC",Korea,approval.se@samsung.com,gumi.ga0.sec@samsung.com,"2026-09-23 21:45:26 KST","2026-09-24 14:39:57 KST","2026-09-24 14:13:27 KST","2026-09-24 14:39:57 KST",,m2sksx,2026-10-05,jc7.bae@samsung.com,HQ-Gumi,100.0,S947NKSS4BZIG,S947NKSU4BZHO,S947NOKR4BZIG,SM-S947N,PHONE,,false,,Yes,s5e9965,,SRI-N
4703982622867456,Regular,Approved,MR,false,samsung/pa1qcsx/pa1q:17/CP2A.260605.016/S931WVLUCDZIF_OYVCDZIF:user/release-keys,"BMC,BWA,CHR,ESK,FIZ,FMC,GLW,KDO,PCM,PMB,RWC,SOL,TBT,TLS,VMC,VTR,XAC",Canada,d2.kumar@samsung.com,srin-pregba@samsung.com,"2026-09-23 21:43:04 KST","2026-09-24 14:07:08 KST","2026-09-24 13:59:41 KST","2026-09-24 14:07:08 KST",,pa1qcsx,2026-09-05,k.sushil@samsung.com,SRI-Noida,100.0,S931WVLUCDZIF,S931WVLUCDZIF,S931WOYVCDZIF,SM-S931W,PHONE,"2026-09-24 20:30:00 KST",false,FULL,Yes,SM8750,,SRI-N
6041705686237184,Regular,Approved,MR,false,samsung/pa2qsqw/pa2q:17/CP2A.260605.016/S936USQUCDZIF_OYNCDZIF:user/release-keys,"SPT,ATT,CCT,USC,DSH,XAA,CHA,TMB,VZW,DSA,XMT,DSG,TMK","United States",umesh.k@samsung.com,srin-pregba@samsung.com,"2026-09-23 21:35:28 KST","2026-09-24 19:00:35 KST","2026-09-24 18:43:48 KST","2026-09-24 19:00:25 KST",,pa2qsqw,2026-09-05,sunil.y@samsung.com,SRI-Noida,100.0,S936USQUCDZIF,S936USQUCDZIF,S936UOYNCDZIF,SM-S936U,PHONE,"2026-09-24 20:30:00 KST",false,FULL,Yes,SM8750,,SRI-N
5092429934100480,SMR,Approved,SMR,,samsung/m2sxins/m2s:17/CP2A.260605.016/S947BXXS4BZIG_OXM4BZIG:user/release-keys,INS,India,approval.se@samsung.com,gumi.ga0.sec@samsung.com,"2026-09-23 21:25:03 KST","2026-09-24 14:02:06 KST","2026-09-24 13:50:17 KST","2026-09-24 14:02:06 KST",,m2sxins,2026-10-05,julia81.lee@samsung.com,HQ-Gumi,100.0,S947BXXS4BZIG,S947BXXU4BZI6,S947BOXM4BZIG,SM-S947B,PHONE,"2026-09-24 17:30:00 KST",false,,Yes,s5e9965,,SRI-N
5811140634607616,Regular,Approved,MR,false,samsung/pa3qcsx/pa3q:17/CP2A.260605.016/S938WVLUCDZIF_OYVCDZIF:user/release-keys,"BWA,CHR,FIZ,FMC,GLW,KDO,PCM,PMB,RWC,SOL,TBT,TLS,VTR,XAC,VMC,ESK,BMC",Canada,ruchi.joshi@samsung.com,srin-pregba@samsung.com,"2026-09-23 21:23:22 KST","2026-09-24 17:36:42 KST","2026-09-24 17:32:07 KST","2026-09-24 17:36:42 KST",,pa3qcsx,2026-09-05,k.sushil@samsung.com,SRI-Noida,100.0,S938WVLUCDZIF,S938WVLUCDZIF,S938WOYVCDZIF,SM-S938W,PHONE,"2026-09-24 20:30:00 KST",false,FULL,Yes,SM8750,,SRI-N
6186377364635648,SMR,Approved,SMR,,samsung/m2sxser/m2s:17/CP2A.260605.016/S947BXXS4BZIG_OXM4BZIG:user/release-keys,"SER,SKZ","Belarus,Russia,Kazakhstan",approval.se@samsung.com,gumi.ga0.sec@samsung.com,"2026-09-23 21:21:12 KST","2026-09-24 14:39:20 KST","2026-09-24 14:10:20 KST","2026-09-24 14:39:20 KST",,m2sxser,2026-10-05,julia81.lee@samsung.com,HQ-Gumi,100.0,S947BXXS4BZIG,S947BXXU4BZI6,S947BOXM4BZIG,SM-S947B,PHONE,"2026-09-24 17:30:00 KST",false,,Yes,s5e9965,,SRV
5299575535697920,SMR,Approved,SMR,,samsung/m2sxtur/m2s:17/CP2A.260605.016/S947BXXS4BZIG_OXM4BZIG:user/release-keys,TUR,Türkiye,approval.se@samsung.com,gumi.ga0.sec@samsung.com,"2026-09-23 21:19:58 KST","2026-09-24 14:05:53 KST","2026-09-24 13:54:07 KST","2026-09-24 14:05:53 KST",,m2sxtur,2026-10-05,julia81.lee@samsung.com,HQ-Gumi,100.0,S947BXXS4BZIG,S947BXXU4BZI6,S947BOXM4BZIG,SM-S947B,PHONE,"2026-09-24 17:30:00 KST",false,,Yes,s5e9965,,SRV
4521944024350720,SMR,Approved,SMR,,samsung/m2sxeea/m2s:17/CP2A.260605.016/S947BXXS4BZIG_OXM4BZIG:user/release-keys,"3IE,AMO,ATL,BOG,CNX,COS,CRO,DO2,DRE,DTM,EUX,EVR,FTM,H3G,HTS,HUI,MAX,MEO,MOB,O2U,OMN,OPV,ORO,ORS,PLS,PRT,SFR,SIM,SWC,TCL,TIM,TMH,TMS,TMZ,TPL,VD2,VDC,VDF,VDI,VGR,VOD,XEC","Ireland,United Kingdom,Spain,France,Romania,Greece,Slovenia,Croatia,Germany,Austria,Portugal,Iceland,Latvia,Netherlands,Sweden,Luxembourg,Poland,Slovakia,Bulgaria,Lithuania,Hungary,Switzerland,Czech Republic,Belgium,Norway,Finland,Denmark,Italy,Estonia",approval.se@samsung.com,gumi.ga0.sec@samsung.com,"2026-09-23 21:19:58 KST","2026-09-24 14:03:13 KST","2026-09-24 13:36:53 KST","2026-09-24 14:02:22 KST",,m2sxeea,2026-10-05,julia81.lee@samsung.com,HQ-Gumi,100.0,S947BXXS4BZIG,S947BXXU4BZI6,S947BOXM4BZIG,SM-S947B,PHONE,"2026-09-24 17:30:00 KST",false,,Yes,s5e9965,,SRV
6362625642594304,Regular,Approved,MR,false,samsung/pa2qcsx/pa2q:17/CP2A.260605.016/S936WVLUCDZIF_OYVCDZIF:user/release-keys,"BMC,TBT,VMC,PCM,BWA,CHR,ESK,FMC,GLW,KDO,FIZ,PMB,TLS,VTR,XAC,RWC,SOL",Canada,akansha.s1@samsung.com,srin-pregba@samsung.com,"2026-09-23 21:15:37 KST","2026-09-24 21:02:42 KST","2026-09-24 15:52:53 KST","2026-09-24 21:02:42 KST",,pa2qcsx,2026-09-05,k.sushil@samsung.com,SRI-Noida,100.0,S936WVLUCDZIF,S936WVLUCDZIF,S936WOYVCDZIF,SM-S936W,PHONE,"2026-09-24 20:30:00 KST",false,FULL,Yes,SM8750,,SRI-N
5657379463233536,Regular,Approved,MR,false,samsung/q5qzhx/q5q:17/CP2A.260605.016/F9460ZSU9HZIH:user/release-keys,"BRI,TGY","Taiwan,Hong Kong",d.khantwal@samsung.com,ga.srcg@samsung.com,"2026-09-23 21:14:11 KST","2026-09-24 15:37:24 KST","2026-09-24 15:18:36 KST","2026-09-24 15:37:24 KST",,q5qzhx,2026-09-05,junping.yan@samsung.com,SRC-Guangzhou,100.0,F9460ZSU9HZIH,F9460ZCU9HZIH,F9460OZS9HZIH,SM-F9460,PHONE,"2026-09-24 20:00:00 KST",false,FULL,Yes,SM8550,,SRI-N
6636581675073536,SMR,Approved,SMR,,samsung/q8qksx/q8q:17/CP2A.260605.016/F976NKSS3AZIJ_OKR3AZIJ:user/release-keys,"KOO,KTC,LUC,SKC",Korea,approval.se@samsung.com,gumi.ga0.sec@samsung.com,"2026-09-23 21:13:58 KST","2026-09-24 14:37:30 KST","2026-09-24 14:19:19 KST","2026-09-24 14:37:30 KST",,q8qksx,2026-10-05,mingkid.jeon@samsung.com,HQ-Gumi,100.0,F976NKSS3AZIJ,F976NKSU3AZI1,F976NOKR3AZIJ,SM-F976N,PHONE,,false,,Yes,SM8850,,SRI-N
5570394631438336,SMR,Approved,SMR,,samsung/h8qksx/h8q:17/CP2A.260605.016/F971NKSS3AZIJ_OKR3AZIJ:user/release-keys,"KOO,KTC,LUC,SKC",Korea,approval.se@samsung.com,gumi.ga0.sec@samsung.com,"2026-09-23 21:13:40 KST","2026-09-24 14:05:40 KST","2026-09-24 13:59:24 KST","2026-09-24 14:05:40 KST",,h8qksx,2026-10-05,mingkid.jeon@samsung.com,HQ-Gumi,100.0,F971NKSS3AZIJ,F971NKSU3AZI1,F971NOKR3AZIJ,SM-F971N,PHONE,,false,,Yes,SM8850,,SRI-N
6167552858521600,SKU,Approved,MR,false,samsung/pa3qxxx/pa3q:17/CP2A.260605.016/S938BXXUCDZIF_OXMCDZIF:user/release-keys,"BNG,NPB,SLK","Bangladesh,Nepal,Sri Lanka",priyanka.l@samsung.com,srin-pregba@samsung.com,"2026-09-23 21:13:20 KST","2026-09-24 18:11:16 KST","2026-09-24 18:11:16 KST","2026-09-24 18:11:16 KST",,pa3qxxx,2026-09-05,hokyun.choi@samsung.com,SRI-Noida,100.0,S938BXXUCDZIF,S938BXXUCDZIF,S938BOXMCDZIF,SM-S938B,PHONE,"2026-09-24 18:30:00 KST",false,VARIANT,No,SM8750,,SRI-N
5049948412575744,SMR,Approved,SMR,,samsung/h8qxxx/h8q:17/CP2A.260605.016/F971BXXS3AZIJ_OXM3AZIJ:user/release-keys,"EUY,ACR,AFR,CAC,CAU,DKR,ECT,GLB,ILO,ILP,KSA,MM1,OPS,SEK,SIN,STH,TEL,THL,VAU,XFA,XFV,XME,XNZ,XSA,XSG,XSP,XTC,XXV","Kosovo,Macedonia,Serbia,Bosnia and Herzegovina,Montenegro,Albania,Ghana,Gabon,Senegal,Tanzania,Uganda,Democratic Republic of the Congo,Kenya,Mongolia,Turkmenistan,Kyrgyzstan,Tajikistan,Armenia,Azerbaijan,Georgia,Nigeria,Philippines,Israel,Saudi Arabia,Singapore,Australia,Ukraine,Myanmar,Cambodia,Thailand,Laos,South Africa,Malaysia,New Zealand,United Arab Emirates,Vietnam",approval.se@samsung.com,gumi.ga0.sec@samsung.com,"2026-09-23 20:57:42 KST","2026-09-24 14:03:08 KST","2026-09-24 13:49:30 KST","2026-09-24 14:02:57 KST",,h8qxxx,2026-10-05,sue46.yang@samsung.com,HQ-Gumi,100.0,F971BXXS3AZIJ,F971BXXU3AZI5,F971BOXM3AZIJ,SM-F971B,PHONE,"2026-09-24 17:30:00 KST",false,,Yes,SM8850,,SRV
5331423389286400,SKU,Rejected,MR,false,samsung/gts11uwifixx/gts11uwifi:17/CP2A.260605.016/X930XXU9CZH9_OXM9CZH9:user/release-keys,BRI,Taiwan,bhawna.s1@samsung.com,ga.srcg@samsung.com,"2026-09-23 20:56:34 KST","2026-09-28 17:56:51 KST",,,,gts11uwifixx,2026-09-05,hung.nguyen1@samsung.com,SRC-Guangzhou,100.0,X930XXU9CZH9,,X930OXM9CZH9,SM-X930,TABLET,"2026-09-24 18:30:00 KST",false,VARIANT,No,MT6991,,SRI-N
4570557182115840,SMR,Approved,SMR,,samsung/q8qxxx/q8q:17/CP2A.260605.016/F976BXXS3AZIJ_OXM3AZIJ:user/release-keys,"EUY,ACR,AFR,CAC,CAU,DKR,ECT,GLB,ILO,ILP,KSA,MM1,OPS,SEK,SIN,STH,TEL,THL,VAU,XFA,XFV,XME,XNZ,XSA,XSG,XSP,XTC,XXV","Kosovo,Macedonia,Serbia,Bosnia and Herzegovina,Montenegro,Albania,Ghana,Gabon,Senegal,Tanzania,Uganda,Democratic Republic of the Congo,Kenya,Mongolia,Turkmenistan,Kyrgyzstan,Tajikistan,Armenia,Azerbaijan,Georgia,Nigeria,Philippines,Israel,Saudi Arabia,Singapore,Australia,Ukraine,Myanmar,Cambodia,Thailand,Laos,South Africa,Malaysia,New Zealand,United Arab Emirates,Vietnam",approval.se@samsung.com,gumi.ga0.sec@samsung.com,"2026-09-23 20:56:08 KST","2026-09-24 14:03:04 KST","2026-09-24 13:40:10 KST","2026-09-24 14:00:30 KST",,q8qxxx,2026-10-05,sue46.yang@samsung.com,HQ-Gumi,100.0,F976BXXS3AZIJ,F976BXXU3AZI5,F976BOXM3AZIJ,SM-F976B,PHONE,"2026-09-24 17:30:00 KST",false,,Yes,SM8850,,SRV
6565246898798592,SKU,Rejected,MR,false,samsung/gts11uwifixx/gts11uwifi:17/CP2A.260605.016/X930XXU9CZH9_OXM9CZH9:user/release-keys,TGY,"Hong Kong",deeksha.s@samsung.com,ga.srcg@samsung.com,"2026-09-23 20:56:01 KST","2026-09-28 18:29:49 KST",,,,gts11uwifixx,2026-09-05,hung.nguyen1@samsung.com,SRC-Guangzhou,100.0,X930XXU9CZH9,,X930OXM9CZH9,SM-X930,TABLET,"2026-09-24 18:30:00 KST",false,VARIANT,No,MT6991,,SRI-N
5301269866741760,Regular,Approved,MR,false,samsung/b5qzcx/b5q:17/CP2A.260605.016/F7310ZCU9HZIH:user/release-keys,CHC,China,r1.rawat@samsung.com,ga.srcg@samsung.com,"2026-09-23 20:55:28 KST","2026-09-24 14:42:40 KST","2026-09-24 14:03:45 KST","2026-09-24 14:42:40 KST",,b5qzcx,2026-08-05,junping.yan@samsung.com,SRC-Guangzhou,100.0,F7310ZCU9HZIH,F7310ZCU9HZIH,F7310CHC9HZIH,SM-F7310,PHONE,"2026-09-24 20:00:00 KST",false,FULL,Yes,SM8550,,SRI-N
4505695189991424,SMR,Approved,SMR,,samsung/e1qsqw/e1q:16/BP4A.251205.006/S921USQS6DZI1:user/release-keys,"AIO,ASR,ATT,CCT,CHA,DSA,DSG,DSH,TMB,TMK,USC,VZW,XAA","United States",approval.se@samsung.com,srin-pregba@samsung.com,"2026-09-23 20:42:12 KST","2026-09-23 21:36:52 KST","2026-09-23 21:09:12 KST","2026-09-23 21:36:52 KST",,e1qsqw,2026-09-05,n.namdev@samsung.com,SRI-Noida,100.0,S921USQS6DZI1,S921USQS6DZI1,S921UOYN6DZI1,SM-S921U,PHONE,,false,,Yes,SM8650,,SRI-N
5478499041411072,NormalException,Approved,MR,false,samsung/gts10pwifixx/gts10pwifi:17/CP2A.260605.016/X820XXUBEZIA:user/release-keys,"BRI,TGY","Taiwan,Hong Kong",umesh.k@samsung.com,ga.srcg@samsung.com,"2026-09-23 20:40:54 KST","2026-09-24 15:55:33 KST","2026-09-24 15:55:33 KST","2026-09-24 15:55:33 KST",,gts10pwifixx,2026-08-05,duy.th1@samsung.com,SRC-Guangzhou,100.0,X820XXUBEZIA,,X820OXMBEZIA,SM-X820,TABLET,"2026-09-24 18:30:00 KST",false,FULL,No,SM8650,,SRI-N
6161439442337792,SMR,Approved,SMR,,samsung/e2qsqw/e2q:16/BP4A.251205.006/S926USQS6DZI1:user/release-keys,"ASR,ATT,CCT,CHA,DSA,DSG,DSH,TMB,TMK,USC,VZW,XAA","United States",approval.se@samsung.com,srin-pregba@samsung.com,"2026-09-23 20:32:01 KST","2026-09-23 21:36:34 KST","2026-09-23 21:19:05 KST","2026-09-23 21:36:34 KST",,e2qsqw,2026-09-05,n.namdev@samsung.com,SRI-Noida,100.0,S926USQS6DZI1,S926USQS6DZI1,S926UOYN6DZI1,SM-S926U,PHONE,"2026-09-24 17:30:00 KST",false,,Yes,SM8650,,SRI-N
5753635854352384,Vendor,Approved,,false,samsung/b5qzcx/b5q:13/TP1A.220624.014/F7310ZCU9HZIH:user/release-keys,,,r1.rawat@samsung.com,ga.srcg@samsung.com,"2026-09-23 20:30:38 KST","2026-09-24 16:00:02 KST","2026-09-24 14:01:44 KST","2026-09-24 16:00:02 KST",,b5qzcx,,junping.yan@samsung.com,SRC-Guangzhou,100.0,F7310ZCU9HZIH,,,SM-F7310,PHONE,"2026-09-24 19:00:00 KST",false,,No,SM8550,,SRI-N
5615728481009664,Regular,Approved,MR,false,samsung/r12szhx/r12s:17/CP2A.260605.016/S7210ZHUEEZIF:user/release-keys,"BRI,TGY","Taiwan,Hong Kong",d2.kumar@samsung.com,ga.srcg@samsung.com,"2026-09-23 20:15:59 KST","2026-09-24 14:02:32 KST","2026-09-24 13:55:56 KST","2026-09-24 14:02:32 KST",,r12szhx,2026-09-05,lcai.chen@partner.samsung.com,SRC-Guangzhou,100.0,S7210ZHUEEZIF,S7210ZHUEEZIF,S7210OZSEEZIF,SM-S7210,PHONE,"2026-09-24 20:00:00 KST",false,FULL,Yes,s5e9945,,SRI-N
6745978719961088,SMR,Approved,SMR,,samsung/gts10fewifixx/gts10fewifi:16/BP4A.251205.006/X520XXSBCZI2_OXMBCZI2:user/release-keys,XAR,"United States",approval.se@samsung.com,srin-pregba@samsung.com,"2026-09-23 20:12:52 KST","2026-09-23 21:01:48 KST","2026-09-23 20:39:00 KST","2026-09-23 21:01:48 KST",,gts10fewifixx,2026-09-05,naven.kumar@samsung.com,SRI-Noida,100.0,X520XXSBCZI2,,X520OXMBCZI2,SM-X520,TABLET,,false,,Yes,s5e8855,,SRI-N
5971080250654720,SMR,Approved,SMR,,samsung/gts10fewifixx/gts10fewifi:16/BP4A.251205.006/X520XXSBCZI2_OXMBCZI2:user/release-keys,XAC,Canada,approval.se@samsung.com,srin-pregba@samsung.com,"2026-09-23 20:12:11 KST","2026-09-23 21:01:48 KST","2026-09-23 20:49:01 KST","2026-09-23 21:01:48 KST",,gts10fewifixx,2026-09-05,naven.kumar@samsung.com,SRI-Noida,100.0,X520XXSBCZI2,,X520OXMBCZI2,SM-X520,TABLET,,false,,Yes,s5e8855,,SRI-N
5474990992654336,SMR,Approved,SMR,,samsung/m3qksx/m3q:17/CP2A.260605.016/S948NKSS4BZIG_OKR4BZIG:user/release-keys,"KOO,KTC,LUC,SKC",Korea,approval.se@samsung.com,gumi.ga0.sec@samsung.com,"2026-09-23 20:10:15 KST","2026-09-24 14:07:38 KST","2026-09-24 13:57:51 KST","2026-09-24 14:07:38 KST",,m3qksx,2026-10-05,jc7.bae@samsung.com,HQ-Gumi,100.0,S948NKSS4BZIG,S948NKSU4BZI9,S948NOKR4BZIG,SM-S948N,PHONE,"2026-09-24 17:30:00 KST",false,,Yes,SM8850,,SRI-N
6654020651581440,SMR,Approved,SMR,,samsung/m3qxxx/m3q:17/CP2A.260605.016/S948BXXS4BZIG_OXM4BZIG:user/release-keys,"ACR,AFG,AFR,BKD,CAC,CAU,DKR,ECT,EGY,EUY,FWD,GLB,ILO,ILP,KSA,LYS,MBM,MID,MM1,MWD,NPB,OPS,PAK,PKD,SIN,SLK,SOZ,STH,TEL,THL,TUN,VAU,XFA,XFV,XME,XNZ,XSA,XSG,XSP,XTC,XXV","Ghana,Afghanistan,Gabon,Senegal,Tanzania,Uganda,Democratic Republic of the Congo,Kenya,Bangladesh,Mongolia,Turkmenistan,Kyrgyzstan,Tajikistan,Armenia,Azerbaijan,Georgia,Nigeria,Egypt,Kosovo,Ukraine,Macedonia,Serbia,Bosnia and Herzegovina,Montenegro,Albania,Morocco,Philippines,Israel,Saudi Arabia,Libya,Iraq,Singapore,Nepal,Australia,Pakistan,Sri Lanka,Uzbekistan,Myanmar,Cambodia,Thailand,Laos,Tunisia,South Africa,Malaysia,New Zealand,United Arab Emirates,Vietnam",approval.se@samsung.com,gumi.ga0.sec@samsung.com,"2026-09-23 20:09:57 KST","2026-09-24 14:41:17 KST","2026-09-24 14:20:06 KST","2026-09-24 14:41:17 KST",,m3qxxx,2026-10-05,niceguy.lee@samsung.com,HQ-Gumi,100.0,S948BXXS4BZIG,S948BXXU4BZI9,S948BOXM4BZIG,SM-S948B,PHONE,"2026-09-24 17:30:00 KST",false,,Yes,SM8850,,SRV
6219059448512512,NormalException,Approved,MR,false,samsung/e2sxxx/e2s:17/CP2A.260605.016/S926BXXUHEZIF:user/release-keys,"ZVV,ZTO,ZTM,ZTA,UYO,UPO,UFU,UFN,TPA,TMM,TGP,TCE,SAM,PSP,PSN,PNT,PGU,PET,PEO,MXO,IUS,GTO,GLO,EON,EBE,DOR,CTU,CTP,CTI,CRC,COO,COM,COL,COB,CHX,CHT,CHO,CHL,CHE,CGU,CDR,BVO,ARO,ANC,ECO","Brazil,Uruguay,Paraguay,Argentina,Panama,Mexico,Peru,Guatemala,Ecuador,Dominican Republic,Costa Rica,Colombia,Chile,Bolivia",paulo.cunha@samsung.com,googleapproval.sidia@samsung.com,"2026-09-23 20:01:22 KST","2026-09-24 04:11:09 KST","2026-09-24 04:11:09 KST","2026-09-24 04:11:09 KST",,e2sxxx,2026-09-05,julia81.lee@samsung.com,SIDIA,100.0,S926BXXUHEZIF,S926BXXUHEZIF,S926BOWOHEZIF,SM-S926B,PHONE,"2026-09-24 04:30:00 KST",false,FULL,No,S5E9945,,SIDIA
4803657807953920,Vendor,Approved,,false,samsung/r12szhx/r12s:14/UP1A.231005.007/S7210ZHUEEZIF:user/release-keys,,,d2.kumar@samsung.com,ga.srcg@samsung.com,"2026-09-23 19:53:29 KST","2026-09-24 16:00:02 KST","2026-09-24 13:53:21 KST","2026-09-24 16:00:02 KST",,r12szhx,,lcai.chen@partner.samsung.com,SRC-Guangzhou,100.0,S7210ZHUEEZIF,,,SM-S7210,PHONE,"2026-09-24 19:00:00 KST",false,,No,s5e9945,,SRI-N
5118339257204736,Regular,Approved,MR,false,samsung/q5qzcx/q5q:17/CP2A.260605.016/F9460ZCU9HZIH:user/release-keys,CHC,China,a2.rajput@samsung.com,ga.srcg@samsung.com,"2026-09-23 19:52:21 KST","2026-09-25 13:36:06 KST","2026-09-25 13:05:27 KST","2026-09-25 13:36:06 KST",,q5qzcx,2026-08-05,junping.yan@samsung.com,SRC-Guangzhou,100.0,F9460ZCU9HZIH,F9460ZCU9HZIH,F9460CHC9HZIH,SM-F9460,PHONE,"2026-09-24 20:00:00 KST",false,FULL,Yes,SM8550,,SRI-N
5808782898888704,Vendor,Approved,,false,samsung/q5qzhx/q5q:13/TP1A.220624.014/F9460ZSU9HZIH:user/release-keys,,,d.khantwal@samsung.com,ga.srcg@samsung.com,"2026-09-23 19:50:38 KST","2026-09-24 16:00:02 KST","2026-09-24 14:52:14 KST","2026-09-24 16:00:02 KST",,q5qzhx,,junping.yan@samsung.com,SRC-Guangzhou,100.0,F9460ZSU9HZIH,,,SM-F9460,PHONE,"2026-09-24 19:00:00 KST",false,,No,SM8550,,SRI-N
6636075271585792,Vendor,Approved,,false,samsung/q5qzcx/q5q:13/TP1A.220624.014/F9460ZCU9HZIH:user/release-keys,,,a2.rajput@samsung.com,ga.srcg@samsung.com,"2026-09-23 19:45:39 KST","2026-09-25 16:00:03 KST","2026-09-25 13:00:04 KST","2026-09-25 16:00:03 KST",,q5qzcx,,junping.yan@samsung.com,SRC-Guangzhou,100.0,F9460ZCU9HZIH,,,SM-F9460,PHONE,"2026-09-24 19:00:00 KST",false,,No,SM8550,,SRI-N
6653947318370304,NormalException,Approved,MR,false,samsung/gts10uwifixx/gts10uwifi:17/CP2A.260605.016/X920XXUBEZIA:user/release-keys,"BRI,TGY","Taiwan,Hong Kong",ruchi.joshi@samsung.com,ga.srcg@samsung.com,"2026-09-23 19:43:55 KST","2026-09-24 13:03:31 KST","2026-09-24 13:03:31 KST","2026-09-24 13:03:31 KST",,gts10uwifixx,2026-08-05,duy.th1@samsung.com,SRC-Guangzhou,100.0,X920XXUBEZIA,,X920OXMBEZIA,SM-X920,TABLET,"2026-09-24 18:30:00 KST",false,FULL,No,SM8650,,SRI-N
6055073503510528,SMR,Approved,SMR,,samsung/r12suew/r12s:16/BP4A.251205.006/S721U1UESEDZI1:user/release-keys,"ACG,AIO,ATC,ATT,CCT,CHA,DSA,DSG,DSH,FKR,LRA,TFN,TMB,TMK,USC,VZW,XAA,XAG,XAR","United States",priyanka.l@samsung.com,srin-pregba@samsung.com,"2026-09-23 19:38:51 KST","2026-09-24 13:36:11 KST","2026-09-24 13:01:17 KST","2026-09-24 13:36:11 KST",,r12suew,2026-09-05,punit.pathak@samsung.com,SRI-Noida,100.0,S721U1UESEDZI1,S721U1UESEDZI1,S721U1OYMEDZI1,SM-S721U1,PHONE,,false,,Yes,s5e9945,,SRI-N
6288977422450688,Regular,Approved,MR,false,samsung/a37xnaxx/a37x:17/CP2A.260605.016/A376BXXU5BZI6_OXM5BZI6:user/release-keys,EUY,"Ukraine,Macedonia,Serbia",ducmanh.ng1@samsung.com,ga1.sec@samsung.com,"2026-09-23 19:37:30 KST","2026-09-24 11:36:20 KST","2026-09-24 11:30:04 KST","2026-09-24 11:36:20 KST",,a37xnaxx,2026-09-05,dh4447.kim@samsung.com,HQ-Suwon,100.0,A376BXXU5BZI6,A376BXXU5BZI6,A376BOXM5BZI6,SM-A376B,PHONE,"2026-09-24 20:00:00 KST",false,FULL,Yes,s5e8845,,SRV
5729095082311680,Regular,Approved,MR,false,samsung/a37xnaeea/a37x:17/CP2A.260605.016/A376BXXU5BZI6_OXM5BZI6:user/release-keys,EUX,"Portugal,Iceland,Greece,Netherlands,Sweden,Austria,Latvia,Luxembourg,Poland,Slovakia,Slovenia,Bulgaria,France,Lithuania,Croatia,Romania,Hungary,United Kingdom,Switzerland,Spain,Czech Republic,Belgium,Norway,Finland,Denmark,Italy,Germany,Estonia",hoai.nt4@samsung.com,ga1.sec@samsung.com,"2026-09-23 19:36:19 KST","2026-09-24 12:01:21 KST","2026-09-24 11:30:21 KST","2026-09-24 12:01:21 KST",,a37xnaeea,2026-09-05,dh4447.kim@samsung.com,HQ-Suwon,100.0,A376BXXU5BZI6,A376BXXU5BZI6,A376BOXM5BZI6,SM-A376B,PHONE,"2026-09-24 20:00:00 KST",false,VARIANT,Yes,s5e8845,,SRV
6293491500187648,Vendor,Approved,,false,samsung/a37xnaxx/a37x:14/UP1A.231005.007/A376BXXU5BZI6:user/release-keys,,,ducmanh.ng1@samsung.com,ga1.sec@samsung.com,"2026-09-23 19:36:08 KST","2026-09-24 16:00:03 KST","2026-09-24 11:01:16 KST","2026-09-24 16:00:03 KST",,a37xnaxx,,dh4447.kim@samsung.com,HQ-Suwon,100.0,A376BXXU5BZI6,,,SM-A376B,PHONE,"2026-09-24 19:00:00 KST",false,,No,s5e8845,,SRV
6692359878475776,SMR,Approved,SMR,,samsung/m2sxxx/m2s:17/CP2A.260605.016/S947BXXS4BZIG_OXM4BZIG:user/release-keys,"ACR,AFG,AFR,BKD,CAC,CAU,DKR,ECT,EGY,EUY,FWD,GLB,ILO,ILP,KSA,LYS,MBM,MID,MM1,MWD,NPB,OPS,PAK,PKD,SIN,SLK,SOZ,STH,TEL,THL,TUN,VAU,XFA,XFV,XME,XNZ,XSA,XSG,XSP,XTC,XXV","Ghana,Afghanistan,Gabon,Senegal,Tanzania,Uganda,Democratic Republic of the Congo,Kenya,Bangladesh,Mongolia,Turkmenistan,Kyrgyzstan,Tajikistan,Armenia,Azerbaijan,Georgia,Nigeria,Egypt,Kosovo,Ukraine,Macedonia,Serbia,Bosnia and Herzegovina,Montenegro,Albania,Morocco,Philippines,Israel,Saudi Arabia,Libya,Iraq,Singapore,Nepal,Australia,Pakistan,Sri Lanka,Uzbekistan,Myanmar,Cambodia,Thailand,Laos,Tunisia,South Africa,Malaysia,New Zealand,United Arab Emirates,Vietnam",approval.se@samsung.com,gumi.ga0.sec@samsung.com,"2026-09-23 19:34:50 KST","2026-09-24 14:38:34 KST","2026-09-24 14:20:29 KST","2026-09-24 14:38:34 KST",,m2sxxx,2026-10-05,julia81.lee@samsung.com,HQ-Gumi,100.0,S947BXXS4BZIG,S947BXXU4BZI6,S947BOXM4BZIG,SM-S947B,PHONE,"2026-09-24 17:30:00 KST",false,,Yes,s5e9965,,SRV
5413199986032640,Regular,Approved,MR,false,samsung/r13sue/r13s:17/CP2A.260605.016/S731U1UEU9CZIF_OYM9CZIF:user/release-keys,"VZW,DSH,XAA,TMK,XAR,XAG,USC,TMB,LRA,TFN,FKR,ACG,ATC,CHA,DSA,DSG,CCT,AIO,ATT","United States",bhawna.s1@samsung.com,srin-pregba@samsung.com,"2026-09-23 19:34:12 KST","2026-09-24 14:05:08 KST","2026-09-24 13:36:04 KST","2026-09-24 14:05:08 KST",,r13sue,2026-09-05,aditya.bhatt@samsung.com,SRI-Noida,100.0,S731U1UEU9CZIF,S731U1UEU9CZIF,S731U1OYM9CZIF,SM-S731U1,PHONE,"2026-09-24 20:30:00 KST",false,FULL,Yes,s5e9945,,SRI-N
5660172802588672,SMR,Approved,SMR,,samsung/e3quew/e3q:16/BP4A.251205.006/S928U1UES6DZI2:user/release-keys,"ACG,AIO,ATC,ATT,CCT,CHA,DSA,DSG,DSH,FKR,LRA,TFN,TMB,TMK,USC,VZW,XAA,XAG,XAR","United States",approval.se@samsung.com,srin-pregba@samsung.com,"2026-09-23 19:16:39 KST","2026-09-24 02:36:05 KST","2026-09-23 19:39:01 KST","2026-09-24 02:36:05 KST",,e3quew,2026-09-05,punit.pathak@samsung.com,SRI-Noida,100.0,S928U1UES6DZI2,S928U1UES6DZI2,S928U1OYM6DZI2,SM-S928U1,PHONE,,false,,Yes,SM8650,,SRI-N
4786754762833920,Regular,Approved,MR,false,samsung/e5qzc/e5q:17/CP2A.260605.016/W7024ZCU9HZIH:user/release-keys,CHC,China,akansha.s1@samsung.com,ga.srcg@samsung.com,"2026-09-23 19:07:27 KST","2026-09-24 16:02:02 KST","2026-09-24 15:25:01 KST","2026-09-24 16:02:02 KST",,e5qzc,2026-08-05,junping.yan@samsung.com,SRC-Guangzhou,100.0,W7024ZCU9HZIH,W7024ZCU9HZIH,W7024CHC9HZIH,SM-W7024,PHONE,"2026-09-24 20:00:00 KST",false,FULL,Yes,SM8550,,SRI-N
6416333839532032,Vendor,Approved,,false,samsung/e5qzc/e5q:13/TP1A.220624.014/W7024ZCU9HZIH:user/release-keys,,,akansha.s1@samsung.com,ga.srcg@samsung.com,"2026-09-23 19:05:10 KST","2026-09-25 00:00:03 KST","2026-09-24 15:22:00 KST","2026-09-25 00:00:03 KST",,e5qzc,,junping.yan@samsung.com,SRC-Guangzhou,100.0,W7024ZCU9HZIH,,,SM-W7024,PHONE,"2026-09-24 19:00:00 KST",false,,No,SM8550,,SRI-N
5746319645999104,Vendor,Approved,,false,samsung/q5qsqw/q5q:13/TP1A.220624.014/F946USQU8HZIH:user/release-keys,,,akansha.s1@samsung.com,srin-pregba@samsung.com,"2026-09-23 19:03:45 KST","2026-09-29 00:00:04 KST","2026-09-28 19:09:22 KST","2026-09-29 00:00:04 KST",,q5qsqw,,mittal.atul@samsung.com,SRI-Noida,100.0,F946USQU8HZIH,,,SM-F946U,PHONE,"2026-09-24 19:00:00 KST",false,,No,SM8550,,SRI-N
4586746490912768,SKU,Approved,MR,false,samsung/pa1qxxx/pa1q:17/CP2A.260605.016/S931BXXUCDZIF_OXMCDZIF:user/release-keys,XID,Indonesia,ly.ltt@samsung.com,apta.p@samsung.com,"2026-09-23 19:00:29 KST","2026-09-24 09:31:59 KST","2026-09-24 09:31:59 KST","2026-09-24 09:31:59 KST",,pa1qxxx,2026-09-05,hokyun.choi@samsung.com,SRV,100.0,S931BXXUCDZIF,S931BXXUCDZIF,S931BOXMCDZIF,SM-S931B,PHONE,"2026-09-24 18:00:00 KST",false,VARIANT,No,SM8750,,SRV
6259271549583360,Regular,Approved,MR,false,samsung/b5qzhx/b5q:17/CP2A.260605.016/F7310ZSU9HZIH:user/release-keys,"BRI,TGY","Taiwan,Hong Kong",d.khantwal@samsung.com,ga.srcg@samsung.com,"2026-09-23 18:57:15 KST","2026-09-24 14:43:04 KST","2026-09-24 14:12:06 KST","2026-09-24 14:43:04 KST",,b5qzhx,2026-09-05,junping.yan@samsung.com,SRC-Guangzhou,100.0,F7310ZSU9HZIH,F7310ZCU9HZIH,F7310OZS9HZIH,SM-F7310,PHONE,"2026-09-24 20:00:00 KST",false,FULL,Yes,SM8550,,SRI-N
5254629374033920,Vendor,Approved,,false,samsung/b5qzhx/b5q:13/TP1A.220624.014/F7310ZSU9HZIH:user/release-keys,,,d.khantwal@samsung.com,ga.srcg@samsung.com,"2026-09-23 18:51:38 KST","2026-09-24 16:00:03 KST","2026-09-24 14:06:25 KST","2026-09-24 16:00:03 KST",,b5qzhx,,junping.yan@samsung.com,SRC-Guangzhou,100.0,F7310ZSU9HZIH,,,SM-F7310,PHONE,"2026-09-24 19:00:00 KST",false,,No,SM8550,,SRI-N
5580330367188992,Regular,Approved,MR,false,samsung/a57xcs/a57x:17/CP2A.260605.016/A576WVLU6BZIE_OYV6BZIE:user/release-keys,"BMC,BWA,CHR,ESK,FIZ,FMC,GLW,KDO,PCM,PMB,RWC,SOL,TBT,TLS,VMC,VTR,XAC",Canada,deeksha.s@samsung.com,srin-pregba@samsung.com,"2026-09-23 18:50:28 KST","2026-09-24 18:00:18 KST","2026-09-24 17:54:04 KST","2026-09-24 18:00:18 KST",,a57xcs,2026-09-05,k.sushil@samsung.com,SRI-Noida,100.0,A576WVLU6BZIE,A576WVLU6BZIE,A576WOYV6BZIE,SM-A576W,PHONE,"2026-09-24 20:30:00 KST",false,FULL,Yes,s5e8865,,SRI-N
4991185341120512,SKU,Approved,MR,false,samsung/gta11pwifixx/gta11pwifi:17/CP2A.260605.016/X230XXU7CZI2_OXM7CZI2:user/release-keys,XID,Indonesia,nam.dt1@samsung.com,apta.p@samsung.com,"2026-09-23 18:49:57 KST","2026-09-24 17:58:50 KST","2026-09-24 17:58:50 KST","2026-09-24 17:58:50 KST",,gta11pwifixx,2026-09-05,bich.giap@samsung.com,SRV,100.0,X230XXU7CZI2,,X230OXM7CZI2,SM-X230,TABLET,"2026-09-24 18:00:00 KST",false,VARIANT,No,MT8775,,SRV
6177328204087296,SafetyNet,Approved,,,samsung/m15xnsjeea/m15x:17/CP2A.260605.016/M156BXXUBEZI2:user/release-keys,,,,srv.gba@samsung.com,"2026-09-23 18:48:08 KST","2026-09-23 18:48:23 KST",,"2026-09-23 18:48:23 KST",,m15xnsjeea,2026-09-05,vantan.t@samsung.com,SRV,100.0,,,,SM-M156B,,,false,,No,MT6835V/ZA,,
5123308165267456,NormalException,Approved,MR,false,samsung/a53xnsxx/a53x:16/BP2A.250605.031.A3/A536EXXUOGZI3:user/release-keys,XID,Indonesia,huy.dn@samsung.com,apta.p@samsung.com,"2026-09-23 18:47:54 KST","2026-09-24 10:57:33 KST","2026-09-24 10:57:33 KST","2026-09-24 10:57:33 KST",,a53xnsxx,2026-08-05,thang.ho@samsung.com,SRV,100.0,A536EXXUOGZI3,A536EXXUOGZI3,A536EOLEOGZI3,SM-A536E,PHONE,"2026-09-24 18:00:00 KST",false,FULL,No,S5E8825,,SRV
4987579313422336,Regular,Approved,MR,false,samsung/pa2quew/pa2q:17/CP2A.260605.016/S936U1UEUCDZIF_OYMCDZIF:user/release-keys,"ACG,AIO,ATC,ATT,CCT,CHA,DSA,DSG,DSH,FKR,LRA,TFN,TMB,TMK,USC,VZW,XAA,XAG,XAR","United States",r1.rawat@samsung.com,srin-pregba@samsung.com,"2026-09-23 18:47:20 KST","2026-09-24 21:00:48 KST","2026-09-24 14:33:18 KST","2026-09-24 21:00:48 KST",,pa2quew,2026-09-05,akash.gupta@samsung.com,SRI-Noida,100.0,S936U1UEUCDZIF,S936U1UEUCDZIF,S936U1OYMCDZIF,SM-S936U1,PHONE,"2026-09-24 20:30:00 KST",false,FULL,Yes,SM8750,,SRI-N
6498043209973760,Regular,Approved,MR,false,samsung/psquew/psq:17/CP2A.260605.016/S937U1UEU9DZIF_OYM9DZIF:user/release-keys,"ATT,USC,ACG,AIO,TMB,XAR,FKR,ATC,VZW,DSA,TMK,CCT,DSH,DSG,XAA,LRA,CHA,TFN,XAG","United States",umesh.k@samsung.com,srin-pregba@samsung.com,"2026-09-23 18:46:08 KST","2026-09-24 15:36:53 KST","2026-09-24 15:27:39 KST","2026-09-24 15:36:53 KST",,psquew,2026-09-05,akash.gupta@samsung.com,SRI-Noida,100.0,S937U1UEU9DZIF,S937U1UEU9DZIF,S937U1OYM9DZIF,SM-S937U1,PHONE,"2026-09-24 20:30:00 KST",false,FULL,Yes,SM8750,,SRI-N
5895853227376640,SMR,Approved,SMR,,samsung/r12sxser/r12s:16/BP4A.251205.006/S721BXXSEDZI1:user/release-keys,SKZ,Kazakhstan,approval.se@samsung.com,srv.gba@samsung.com,"2026-09-23 18:45:52 KST","2026-09-23 19:36:45 KST","2026-09-23 19:09:04 KST","2026-09-23 19:36:45 KST",,r12sxser,2026-09-05,huy.tb@samsung.com,SRV,100.0,S721BXXSEDZI1,S721BXXSEDZI1,S721BOXEEDZI1,SM-S721B,PHONE,,false,,Yes,s5e9945,,SRV
6160872506654720,SMR,Approved,SMR,,samsung/m14xnsxx/m14x:15/AP3A.240905.015.A2/M146BXXSFDZI1:user/release-keys,XID,Indonesia,approval.se@samsung.com,apta.p@samsung.com,"2026-09-23 18:42:59 KST","2026-09-23 19:37:27 KST","2026-09-23 19:19:02 KST","2026-09-23 19:37:27 KST",,m14xnsxx,2026-09-05,danar.kurnia@samsung.com,SRV,100.0,M146BXXSFDZI1,M146BXXSFDZI1,M146BOLEFDZI1,SM-M146B,PHONE,,false,,Yes,s5e8535,,SRV
5819466898472960,Regular,Approved,MR,true,samsung/q6qsqw/q6q:17/CP2A.260605.016/F956USQU4EZIH:user/release-keys,"ASR,ATT,VZW,TMK,USC,CCT,TMB,XAA,CHA","United States",bhawna.s1@samsung.com,ga1.sec@samsung.com,"2026-09-23 18:39:09 KST","2026-09-23 19:37:08 KST","2026-09-23 19:25:04 KST","2026-09-23 19:37:08 KST",,q6qsqw,2026-09-05,bk.k@samsung.com,HQ-Suwon,100.0,F956USQU4EZIH,F956USQU4EZIH,F956UOYN4EZIH,SM-F956U,PHONE,"2026-09-24 20:00:00 KST",false,FULL,Yes,SM8650,,SRI-N
5641657467011072,SMR,Approved,SMR,,samsung/a23xqsqw/a23xq:15/AP3A.240905.015.A2/A236VSQSFEZI6:user/release-keys,VZW,"United States",approval.se@samsung.com,srin-pregba@samsung.com,"2026-09-23 18:38:39 KST","2026-09-23 19:36:53 KST","2026-09-23 19:19:28 KST","2026-09-23 19:36:53 KST",,a23xqsqw,2026-09-05,rohit.anand@samsung.com,SRI-Noida,100.0,A236VSQSFEZI6,A236VSQSFEZI6,A236VOYNFEZI6,SM-A236V,PHONE,,false,,Yes,SM6375,,SRI-N
6662443015340032,Regular,Approved,MR,false,samsung/r13sxins/r13s:17/CP2A.260605.016/S731BXXU9CZIF_OXM9CZIF:user/release-keys,INS,India,d2.kumar@samsung.com,srin-pregba@samsung.com,"2026-09-23 18:38:38 KST","2026-09-24 14:05:46 KST","2026-09-24 13:52:58 KST","2026-09-24 14:05:46 KST",,r13sxins,2026-09-05,tarun.lohia@samsung.com,SRI-Noida,100.0,S731BXXU9CZIF,S731BXXU9CZIF,S731BOXM9CZIF,SM-S731B,PHONE,"2026-09-24 20:00:00 KST",false,VARIANT,Yes,s5e9945,,SRI-N
5896744164655104,SMR,Approved,SMR,,samsung/e1sxins/e1s:16/BP4A.251205.006/S921BXXSHDZI1:user/release-keys,INS,India,approval.se@samsung.com,srin-pregba@samsung.com,"2026-09-23 18:36:36 KST","2026-09-23 19:35:08 KST","2026-09-23 19:29:03 KST","2026-09-23 19:35:08 KST",,e1sxins,2026-09-05,gurmeet.c@samsung.com,SRI-Noida,100.0,S921BXXSHDZI1,S921BXXSHDZI1,S921BOXMHDZI1,SM-S921B,PHONE,"2026-09-24 17:30:00 KST",false,,Yes,S5E9945,,SRI-N
5950140909355008,SMR,Approved,SMR,,samsung/q6qxeea/q6q:16/BP4A.251205.006/F956BXXS4DZI1:user/release-keys,"3IE,AMO,ATL,BOG,CNX,COS,CRO,DO2,DRE,DTM,EUX,EVR,FTM,H3G,HTS,HUI,MAX,MEO,MET,MOB,MOT,O2U,OMN,OPV,ORO,ORS,PLS,PRT,SFR,SIM,SWC,TCL,TIM,TMH,TMS,TMZ,TPL,VD2,VDC,VDF,VDI,VGR,VIP,VOD,XEC","Ireland,United Kingdom,Spain,France,Romania,Greece,Slovenia,Croatia,Germany,Austria,Portugal,Iceland,Sweden,Netherlands,Latvia,Luxembourg,Poland,Slovakia,Bulgaria,Lithuania,Hungary,Switzerland,Czech Republic,Norway,Finland,Denmark,Italy,Estonia",khanh.toan@samsung.com,dat.le.tien@samsung.com,"2026-09-23 18:29:03 KST","2026-09-24 15:36:37 KST","2026-09-24 15:01:27 KST","2026-09-24 15:36:37 KST",,q6qxeea,2026-09-05,dung.ttt@samsung.com,SRV,100.0,F956BXXS4DZI1,F956BXXS4DZE1,F956BOXM4DZE1,SM-F956B,PHONE,"2026-09-23 21:00:00 KST",false,,Yes,SM8650,,SRV
4622871829938176,Vendor,Approved,,false,samsung/e1qxxx/e1q:14/UP1A.231005.007/S921EXXU3DZIF:user/release-keys,,,umesh.k@samsung.com,srin-pregba@samsung.com,"2026-09-23 18:22:12 KST","2026-10-01 00:00:07 KST","2026-09-30 18:04:27 KST","2026-10-01 00:00:07 KST",,e1qxxx,,tarun.lohia@samsung.com,SRI-Noida,100.0,S921EXXU3DZIF,,,SM-S921E,PHONE,"2026-09-24 19:00:00 KST",false,,No,SM8650,,SRI-N
6159919292350464,SMR,Approved,SMR,,samsung/q6qxtur/q6q:16/BP4A.251205.006/F956BXXS4DZI1:user/release-keys,TUR,Türkiye,ng.thanhtuan@samsung.com,thuy.ntm2@samsung.com,"2026-09-23 18:20:34 KST","2026-09-24 12:02:13 KST","2026-09-24 11:36:43 KST","2026-09-24 12:02:13 KST",,q6qxtur,2026-09-05,dung.ttt@samsung.com,SRV,100.0,F956BXXS4DZI1,F956BXXS4DZE1,F956BOXM4DZE1,SM-F956B,PHONE,"2026-09-23 21:00:00 KST",false,,Yes,SM8650,,SRV
5421755141455872,Regular,Approved,MR,false,samsung/e3qksx/e3q:17/CP2A.260605.016/S928NKSU6EZIF:user/release-keys,"KTC,LUC,KOO,SKC",Korea,priyanka.l@samsung.com,gumi.ga2.sec@samsung.com,"2026-09-23 18:09:34 KST","2026-09-28 12:35:07 KST","2026-09-28 12:23:35 KST","2026-09-28 12:35:07 KST",,e3qksx,2026-09-05,hh.roh@samsung.com,HQ-Gumi,100.0,S928NKSU6EZIF,S928NKSU6EZIA,S928NOKR6EZIF,SM-S928N,PHONE,"2026-09-24 20:00:00 KST",false,FULL,Yes,SM8650,,SRI-N
5715483122991104,Regular,Approved,MR,false,samsung/e3qxser/e3q:17/CP2A.260605.016/S928BXXU6EZIF:user/release-keys,SER,Russia,yen.dt@samsung.com,srv.gba@samsung.com,"2026-09-23 18:09:21 KST","2026-09-24 10:36:40 KST","2026-09-24 10:12:12 KST","2026-09-24 10:36:40 KST",,e3qxser,2026-09-05,huy.tb@samsung.com,SRV,100.0,S928BXXU6EZIF,S928BXXU6EZIF,S928BOXM6EZIF,SM-S928B,PHONE,"2026-09-23 23:30:00 KST",false,VARIANT,Yes,SM8650,,SRV
5617482102734848,Regular,Approved,MR,false,samsung/e3qxtur/e3q:17/CP2A.260605.016/S928BXXU6EZIF:user/release-keys,TUR,Türkiye,vuong.hue@samsung.com,srv.gba@samsung.com,"2026-09-23 18:09:15 KST","2026-09-24 11:00:35 KST","2026-09-24 10:51:29 KST","2026-09-24 11:00:35 KST",,e3qxtur,2026-09-05,huy.tb@samsung.com,SRV,100.0,S928BXXU6EZIF,S928BXXU6EZIF,S928BOXM6EZIF,SM-S928B,PHONE,"2026-09-23 23:30:00 KST",false,VARIANT,Yes,SM8650,,SRV
5450587995111424,Regular,Approved,MR,false,samsung/e3qxeea/e3q:17/CP2A.260605.016/S928BXXU6EZIF:user/release-keys,EUX,"Portugal,Iceland,Greece,Austria,Latvia,Netherlands,Sweden,Luxembourg,Poland,Slovakia,Slovenia,Bulgaria,France,Lithuania,Croatia,Romania,Hungary,United Kingdom,Switzerland,Spain,Czech Republic,Belgium,Norway,Finland,Denmark,Italy,Germany,Estonia",tu.nv1@samsung.com,srv.gba@samsung.com,"2026-09-23 18:09:06 KST","2026-09-24 11:35:09 KST","2026-09-24 11:26:23 KST","2026-09-24 11:35:09 KST",,e3qxeea,2026-09-05,huy.tb@samsung.com,SRV,100.0,S928BXXU6EZIF,S928BXXU6EZIF,S928BOXM6EZIF,SM-S928B,PHONE,"2026-09-23 23:30:00 KST",false,VARIANT,Yes,SM8650,,SRV
5662068862877696,Regular,Approved,MR,false,samsung/q6aqzcx/q6aq:17/CP2A.260605.016/W9025ZCU4EZIH:user/release-keys,CHC,China,d.khantwal@samsung.com,ga.srcg@samsung.com,"2026-09-23 18:06:34 KST","2026-09-24 20:35:11 KST","2026-09-24 20:15:42 KST","2026-09-24 20:35:11 KST",,q6aqzcx,2026-08-05,w.xia@samsung.com,SRC-Guangzhou,100.0,W9025ZCU4EZIH,W9025ZCU4EZIH,W9025CHC4EZIH,SM-W9025,PHONE,"2026-09-24 20:00:00 KST",false,FULL,Yes,SM8650,,SRI-N
4536168956035072,SafetyNet,Approved,,,samsung/m15xnsjxx/m15x:17/CP2A.260605.016/M156BXXUBEZI2:user/release-keys,,,,srv.gba@samsung.com,"2026-09-23 18:05:58 KST","2026-09-23 18:06:13 KST",,"2026-09-23 18:06:13 KST",,m15xnsjxx,2026-09-05,vantan.t@samsung.com,SRV,100.0,,,,SM-M156B,,,false,,No,MT6835V/ZA,,
6734817576353792,Vendor,Approved,,false,samsung/q6aqzcx/q6aq:14/UP1A.231005.007/W9025ZCU4EZIH:user/release-keys,,,d.khantwal@samsung.com,ga.srcg@samsung.com,"2026-09-23 18:00:37 KST","2026-09-25 00:00:03 KST","2026-09-24 20:13:01 KST","2026-09-25 00:00:03 KST",,q6aqzcx,,w.xia@samsung.com,SRC-Guangzhou,100.0,W9025ZCU4EZIH,,,SM-W9025,PHONE,"2026-09-24 19:00:00 KST",false,,No,SM8650,,SRI-N
5218211675242496,Regular,Approved,MR,false,samsung/a57xue/a57x:17/CP2A.260605.016/A576U1UEU6BZIE_OYM6BZIE:user/release-keys,"ATT,ACG,TFV,AIO,TMB,XAR,FKR,ATC,VZW,DSA,TMK,CCT,DSH,DSG,XAA,LRA,CHA,XAG","United States",ruchi.joshi@samsung.com,srin-pregba@samsung.com,"2026-09-23 17:58:17 KST","2026-09-24 17:01:45 KST","2026-09-24 16:37:21 KST","2026-09-24 17:01:45 KST",,a57xue,2026-09-05,k.mittal@samsung.com,SRI-Noida,100.0,A576U1UEU6BZIE,A576U1UEU6BZIE,A576U1OYM6BZIE,SM-A576U1,PHONE,"2026-09-24 20:30:00 KST",false,FULL,Yes,s5e8865,,SRI-N
5142167735762944,Regular,Approved,MR,false,samsung/b6qxxx/b6q:17/CP2A.260605.016/F741BXXU4EZIH:user/release-keys,EUY,"Kosovo,Macedonia,Serbia,Bosnia and Herzegovina,Montenegro,Albania",oanh.lt@samsung.com,gumi.ga2.sec@samsung.com,"2026-09-23 17:56:20 KST","2026-09-24 11:36:37 KST","2026-09-24 11:15:48 KST","2026-09-24 11:36:37 KST",,b6qxxx,2026-09-05,yhkim90@samsung.com,HQ-Gumi,100.0,F741BXXU4EZIH,F741BXXU4EZIH,F741BOXM4EZIH,SM-F741B,PHONE,"2026-09-24 20:00:00 KST",false,FULL,Yes,SM8650,,SRV
6425253513527296,NormalException,Approved,MR,false,samsung/r12sxxx/r12s:17/CP2A.260605.016/S721BXXUEEZIF:user/release-keys,"ACR,AFG,AFR,ECT,EGY,FWD,ILO,ILP,KSA,LYS,MID,MWD,PAK,PKD,TUN,XFA,XFV,XSG,DKR","Ghana,Afghanistan,Kenya,Nigeria,Egypt,Morocco,Israel,Palestine,Saudi Arabia,Libya,Jordan,Pakistan,Tunisia,South Africa,Zambia,Mauritius,United Arab Emirates,Senegal",thuynga.dt@samsung.com,srv.gba@samsung.com,"2026-09-23 17:55:29 KST","2026-09-24 11:34:11 KST","2026-09-24 11:34:11 KST","2026-09-24 11:34:11 KST",,r12sxxx,2026-09-05,huy.tb@samsung.com,SRV,100.0,S721BXXUEEZIF,S721BXXUEEZIF,S721BOJMEEZIF,SM-S721B,PHONE,"2026-09-23 23:30:00 KST",false,FULL,No,s5e9945,,SRV
5623634576277504,Regular,Approved,MR,false,samsung/v5qzc/v5q:17/CP2A.260605.016/W9024ZCU9HZIH:user/release-keys,CHC,China,akansha.s1@samsung.com,ga.srcg@samsung.com,"2026-09-23 17:49:58 KST","2026-09-24 15:36:16 KST","2026-09-24 14:47:45 KST","2026-09-24 15:36:16 KST",,v5qzc,2026-08-05,junping.yan@samsung.com,SRC-Guangzhou,100.0,W9024ZCU9HZIH,W9024ZCU9HZIH,W9024CHC9HZIH,SM-W9024,PHONE,"2026-09-24 20:00:00 KST",false,FULL,Yes,SM8550,,SRI-N
5274420247789568,Regular,Approved,MR,false,samsung/b6qzcx/b6q:17/CP2A.260605.016/F7410ZCU4EZIH:user/release-keys,CHC,China,ruchi.joshi@samsung.com,ga.srcg@samsung.com,"2026-09-23 17:44:26 KST","2026-09-24 13:36:35 KST","2026-09-24 13:02:28 KST","2026-09-24 13:36:35 KST",,b6qzcx,2026-08-05,peng.zhou@samsung.com,SRC-Guangzhou,100.0,F7410ZCU4EZIH,F7410ZCU4EZIH,F7410CHC4EZIH,SM-F7410,PHONE,"2026-09-24 20:00:00 KST",false,FULL,Yes,SM8650,,SRI-N
5325239055810560,Vendor,Approved,,false,samsung/v5qzc/v5q:13/TP1A.220624.014/W9024ZCU9HZIH:user/release-keys,,,akansha.s1@samsung.com,ga.srcg@samsung.com,"2026-09-23 17:43:10 KST","2026-09-24 16:00:03 KST","2026-09-24 14:44:13 KST","2026-09-24 16:00:03 KST",,v5qzc,,junping.yan@samsung.com,SRC-Guangzhou,100.0,W9024ZCU9HZIH,,,SM-W9024,PHONE,"2026-09-24 19:00:00 KST",false,,No,SM8550,,SRI-N
5767740946382848,Vendor,Approved,,false,samsung/e3qksx/e3q:14/UP1A.231005.007/S928NKSU6EZIF:user/release-keys,,,priyanka.l@samsung.com,gumi.ga2.sec@samsung.com,"2026-09-23 17:43:08 KST","2026-09-28 16:00:03 KST","2026-09-28 12:21:59 KST","2026-09-28 16:00:03 KST",,e3qksx,,hh.roh@samsung.com,HQ-Gumi,100.0,S928NKSU6EZIF,,,SM-S928N,PHONE,"2026-09-24 19:00:00 KST",false,,No,SM8650,,SRI-N
5610737326358528,NormalException,Approved,MR,false,samsung/b5qxxx/b5q:17/CP2A.260605.016/F731BTCU7HZIB:user/release-keys,XSA,Australia,hoai.nt4@samsung.com,srv.gba@samsung.com,"2026-09-23 17:36:37 KST","2026-09-24 10:29:56 KST","2026-09-24 10:29:56 KST","2026-09-24 10:29:56 KST",,b5qxxx,2026-09-05,duy.dao@samsung.com,SRV,100.0,F731BTCU7HZIB,F731BXXU7HZIB,F731BOSW7HZIB,SM-F731B,PHONE,"2026-09-23 22:00:00 KST",false,FULL,No,SM8550,,SRV
6695450610761728,Regular,Approved,MR,false,samsung/q6qzcx/q6q:17/CP2A.260605.016/F9560ZCU4EZIH:user/release-keys,CHC,China,akansha.s1@samsung.com,ga.srcg@samsung.com,"2026-09-23 17:25:20 KST","2026-09-24 00:02:18 KST","2026-09-23 18:48:44 KST","2026-09-24 00:02:18 KST",,q6qzcx,2026-08-05,w.xia@samsung.com,SRC-Guangzhou,100.0,F9560ZCU4EZIH,F9560ZCU4EZIH,F9560CHC4EZIH,SM-F9560,PHONE,"2026-09-24 20:00:00 KST",false,FULL,Yes,SM8650,,SRI-N
5291305106407424,Vendor,Approved,,false,samsung/q6qzcx/q6q:14/UP1A.231005.007/F9560ZCU4EZIH:user/release-keys,,,akansha.s1@samsung.com,ga.srcg@samsung.com,"2026-09-23 17:23:36 KST","2026-09-24 08:00:03 KST","2026-09-23 18:46:42 KST","2026-09-24 08:00:03 KST",,q6qzcx,,w.xia@samsung.com,SRC-Guangzhou,100.0,F9560ZCU4EZIH,,,SM-F9560,PHONE,"2026-09-24 19:00:00 KST",false,,No,SM8650,,SRI-N
6743613669376000,Regular,Approved,MR,true,samsung/a17xeea/a17x:17/CP2A.260605.016/A176BXXU8DZIC_OXM8DZIC:user/release-keys,EUX,"Portugal,Iceland,Greece,Austria,Latvia,Netherlands,Sweden,Luxembourg,Ireland,Poland,Slovakia,Slovenia,Bulgaria,France,Lithuania,Croatia,Romania,Hungary,United Kingdom,Switzerland,Spain,Czech Republic,Belgium,Norway,Finland,Denmark,Italy,Germany",ly.ltt@samsung.com,suwonga2.sec@samsung.com,"2026-09-23 17:21:55 KST","2026-09-28 15:35:07 KST","2026-09-28 15:03:39 KST","2026-09-28 15:35:07 KST",,a17xeea,2026-09-05,kaeby@samsung.com,HQ-Suwon2,100.0,A176BXXU8DZIC,A176BXXU8DZIC,A176BOXM8DZIC,SM-A176B,PHONE,"2026-09-24 20:00:00 KST",false,VARIANT,Yes,s5e8535,,SRV
5732448042483712,SMR,Approved,SMR,,samsung/a16xtfn/a16x:16/BP4A.251205.006/S166VUDSADZI2:user/release-keys,"TFN,TFV","United States",approval.se@samsung.com,srin-pregba@samsung.com,"2026-09-23 17:21:17 KST","2026-09-23 22:36:23 KST","2026-09-23 18:09:06 KST","2026-09-23 22:36:23 KST",,a16xtfn,2026-09-05,naven.kumar@samsung.com,SRI-Noida,100.0,S166VUDSADZI2,S166VUDSADZI2,S166VTFNADZI2,SM-S166V,PHONE,"2026-09-24 17:30:00 KST",false,,Yes,s5e8835,,SRI-N
6408940623757312,NormalException,Approved,MR,false,samsung/q6qxxx/q6q:17/CP2A.260605.016/F956BXXU4EZIH:user/release-keys,"ACR,AFG,AFR,CAU,DKR,ECT,EGY,FWD,GLB,ILO,ILP,KSA,LYS,MBM,MID,MM1,MSR,MWD,OPS,PAK,PKD,SEK,SIN,SKZ,STH,TEL,THL,TOP,TUN,VAU,XFA,XFV,XME,XNZ,XSA,XSG,XSP,XTC,XXV","Ghana,Afghanistan,Gabon,Senegal,Tanzania,Uganda,Democratic Republic of the Congo,Kenya,Armenia,Azerbaijan,Georgia,Nigeria,Egypt,Morocco,Philippines,Israel,Saudi Arabia,Libya,Macedonia,Serbia,Iraq,Singapore,Australia,Pakistan,Ukraine,Kazakhstan,Myanmar,Cambodia,Thailand,Laos,Tunisia,South Africa,Malaysia,New Zealand,United Arab Emirates,Vietnam",vuong.hue@samsung.com,srv.gba@samsung.com,"2026-09-23 17:21:14 KST","2026-09-24 13:06:18 KST","2026-09-24 13:06:18 KST","2026-09-24 13:06:18 KST",,q6qxxx,2026-09-05,mailtolim@samsung.com,SRV,100.0,F956BXXU4EZIH,F956BXXU4EZIH,F956BOXM4EZIH,SM-F956B,PHONE,"2026-09-23 23:30:00 KST",false,FULL,No,SM8650,,SRV
4746895184625664,Regular,Approved,MR,true,samsung/b6qcsx/b6q:17/CP2A.260605.016/F741WVLU4EZIH:user/release-keys,"TLS,VMC,BMC,TBT,FIZ,RWC,PMB,GLW,KDO,ESK,PCM,FMC,BWA,SOL,XAC,VTR,CHR",Canada,umesh.k@samsung.com,ga1.sec@samsung.com,"2026-09-23 17:12:27 KST","2026-09-23 23:00:31 KST","2026-09-23 18:42:55 KST","2026-09-23 23:00:31 KST",,b6qcsx,2026-09-05,kdh8926@samsung.com,HQ-Suwon,100.0,F741WVLU4EZIH,F741WVLU4EZIH,F741WOYV4EZIH,SM-F741W,PHONE,"2026-09-24 20:30:00 KST",false,FULL,Yes,SM8650,,SRI-N
5285248934084608,Regular,Approved,MR,false,samsung/b6qctcx/b6q:17/CP2A.260605.016/W7025ZCU4EZIH:user/release-keys,CHC,China,priyanka.l@samsung.com,ga.srcg@samsung.com,"2026-09-23 17:07:39 KST","2026-09-23 23:36:56 KST","2026-09-23 17:59:43 KST","2026-09-23 23:36:56 KST",,b6qctcx,2026-08-05,peng.zhou@samsung.com,SRC-Guangzhou,100.0,W7025ZCU4EZIH,W7025ZCU4EZIH,W7025CTC4EZIH,SM-W7025,PHONE,"2026-09-24 20:00:00 KST",false,FULL,Yes,SM8650,,SRI-N
5874810504871936,Regular,Approved,MR,true,samsung/a17xxx/a17x:17/CP2A.260605.016/A176BXXU8DZIC_OXM8DZIC:user/release-keys,EUY,"Kosovo,Macedonia,Serbia,Bosnia and Herzegovina,Montenegro",yen.dt@samsung.com,suwonga2.sec@samsung.com,"2026-09-23 17:07:38 KST","2026-09-23 19:01:14 KST","2026-09-23 18:23:23 KST","2026-09-23 19:01:14 KST",,a17xxx,2026-09-05,kaeby@samsung.com,HQ-Suwon2,100.0,A176BXXU8DZIC,A176BXXU8DZIC,A176BOXM8DZIC,SM-A176B,PHONE,"2026-09-24 20:00:00 KST",false,FULL,Yes,s5e8535,,SRV
6168992343654400,Regular,Approved,MR,false,samsung/a57xsq/a57x:17/CP2A.260605.016/A576USQU4BZIE_OYN4BZIE:user/release-keys,"ATT,TMK,AIO,CCT,TMB,XMT","United States",bhawna.s1@samsung.com,srin-pregba@samsung.com,"2026-09-23 17:06:34 KST","2026-09-24 14:42:09 KST","2026-09-24 14:19:15 KST","2026-09-24 14:42:09 KST",,a57xsq,2026-09-05,k.mittal@samsung.com,SRI-Noida,100.0,A576USQU4BZIE,A576USQU4BZIE,A576UOYN4BZIE,SM-A576U,PHONE,"2026-09-24 20:00:00 KST",false,FULL,Yes,s5e8865,,SRI-N
6578497946648576,Vendor,Approved,,false,samsung/a17xxx/a17x:13/TP1A.220624.014/A176BXXU8DZIC:user/release-keys,,,yen.dt@samsung.com,suwonga2.sec@samsung.com,"2026-09-23 17:05:47 KST","2026-09-24 00:00:02 KST","2026-09-23 18:19:54 KST","2026-09-24 00:00:02 KST",,a17xxx,,kaeby@samsung.com,HQ-Suwon2,100.0,A176BXXU8DZIC,,,SM-A176B,PHONE,"2026-09-24 19:00:00 KST",false,,No,s5e8535,,SRV
4920427164205056,SMR,Approved,SMR,,samsung/gts9fepwifitur/gts9fepwifi:16/BP4A.251205.006/X610XXSGEZI3:user/release-keys,TUR,"Turkey,Türkiye",approval.se@samsung.com,srv.gba@samsung.com,"2026-09-23 17:05:18 KST","2026-09-23 18:00:08 KST","2026-09-23 17:59:09 KST","2026-09-23 18:00:08 KST",,gts9fepwifitur,2026-09-05,thang.hv1@samsung.com,SRV,100.0,X610XXSGEZI3,,X610OJMGEZI3,SM-X610,TABLET,"2026-09-23 21:00:00 KST",false,,Yes,s5e8835,,SRV
5693663346950144,SMR,Approved,SMR,,samsung/b8sxxx/b8s:17/CP2A.260605.016/F776BXXS2AZIA_OXM2AZIA:user/release-keys,EUY,"Kosovo,Macedonia,Serbia,Bosnia and Herzegovina,Montenegro,Albania",ng.thanhtuan@samsung.com,cuckoo89@samsung.com,"2026-09-23 16:53:50 KST","2026-09-24 13:36:16 KST","2026-09-23 19:57:22 KST","2026-09-24 13:36:16 KST",,b8sxxx,2026-10-05,yy82.choi@samsung.com,HQ-Gumi,100.0,F776BXXS2AZIA,F776BXXU2AZI5,F776BOXM2AZIA,SM-F776B,PHONE,"2026-09-23 21:30:00 KST",false,,Yes,s5e9965,,SRV
4935419485749248,Regular,Approved,MR,false,samsung/q6qksx/q6q:17/CP2A.260605.016/F956NKSU4EZIH:user/release-keys,"SKC,KOO,KTC,LUC",Korea,a2.rajput@samsung.com,gumi.ga2.sec@samsung.com,"2026-09-23 16:48:04 KST","2026-09-23 18:01:56 KST","2026-09-23 17:35:29 KST","2026-09-23 18:01:56 KST",,q6qksx,2026-09-05,jungyh@samsung.com,HQ-Gumi,100.0,F956NKSU4EZIH,F956NKSU4EZI4,F956NOKR4EZIH,SM-F956N,PHONE,"2026-09-24 00:00:00 KST",false,FULL,Yes,SM8650,,SRI-N
5369218765946880,Vendor,Approved,,false,samsung/b6qzcx/b6q:14/UP1A.231005.007/F7410ZCU4EZIH:user/release-keys,,,ruchi.joshi@samsung.com,ga.srcg@samsung.com,"2026-09-23 16:47:11 KST","2026-09-24 16:00:03 KST","2026-09-24 12:52:47 KST","2026-09-24 16:00:03 KST",,b6qzcx,,peng.zhou@samsung.com,SRC-Guangzhou,100.0,F7410ZCU4EZIH,,,SM-F7410,PHONE,"2026-09-23 23:00:00 KST",false,,No,SM8650,,SRI-N
4754175221301248,Vendor,Approved,,false,samsung/gta9pcsx/gta9p:14/UP1A.231005.007/X218UVLUDEZI3:user/release-keys,,,priyanka.l@samsung.com,srin-pregba@samsung.com,"2026-09-23 16:43:45 KST","2026-09-25 00:00:03 KST","2026-09-24 14:30:15 KST","2026-09-25 00:00:03 KST",,gta9pcsx,,prem.bhatt@samsung.com,SRI-Noida,100.0,X218UVLUDEZI3,,,SM-X218U,TABLET,"2026-09-23 23:00:00 KST",false,,No,SM6375,,SRI-N
6710760726331392,Vendor,Approved,,false,samsung/b6qctcx/b6q:14/UP1A.231005.007/W7025ZCU4EZIH:user/release-keys,,,priyanka.l@samsung.com,ga.srcg@samsung.com,"2026-09-23 16:42:42 KST","2026-09-24 00:00:02 KST","2026-09-23 17:58:27 KST","2026-09-24 00:00:02 KST",,b6qctcx,,peng.zhou@samsung.com,SRC-Guangzhou,100.0,W7025ZCU4EZIH,,,SM-W7025,PHONE,"2026-09-23 23:00:00 KST",false,,No,SM8650,,SRI-N
4674136559583232,Regular,Approved,MR,false,samsung/dm1qzcx/dm1q:17/CP2A.260605.016/S9110ZCU8GZIC:user/release-keys,CHC,China,d.khantwal@samsung.com,ga.srcg@samsung.com,"2026-09-23 16:41:49 KST","2026-09-24 01:00:51 KST","2026-09-23 18:14:32 KST","2026-09-24 01:00:51 KST",,dm1qzcx,2026-08-05,w.xia@samsung.com,SRC-Guangzhou,100.0,S9110ZCU8GZIC,S9110ZCU8GZIC,S9110CHC8GZIC,SM-S9110,PHONE,"2026-09-24 00:00:00 KST",false,FULL,Yes,SM8550,,SRI-N
4744289213218816,Regular,Approved,MR,false,samsung/gts11tur/gts11:17/CP2A.260605.016/X736BXXU9CZI3_OXM9CZI3:user/release-keys,TUR,Türkiye,oanh.lt@samsung.com,srv.gba@samsung.com,"2026-09-23 16:41:37 KST","2026-09-23 17:35:13 KST","2026-09-23 17:29:00 KST","2026-09-23 17:35:13 KST",,gts11tur,2026-09-05,huyen.ngt@samsung.com,SRV,100.0,X736BXXU9CZI3,X736BXXU9CZI3,X736BOXM9CZI3,SM-X736B,TABLET,"2026-09-23 23:30:00 KST",false,VARIANT,Yes,MT6991,,SRV
5527549195321344,SMR,Approved,SMR,,samsung/gts9uwifixx/gts9uwifi:16/BP4A.251205.006/X910XXS6EZI2:user/release-keys,"XAC,XAR","Canada,United States",approval.se@samsung.com,srin-pregba@samsung.com,"2026-09-23 16:40:23 KST","2026-09-23 18:35:23 KST","2026-09-23 17:39:11 KST","2026-09-23 18:35:23 KST",,gts9uwifixx,2026-09-05,sajal.ag@samsung.com,SRI-Noida,100.0,X910XXS6EZI2,,X910OXM6EZI2,SM-X910,TABLET,"2026-09-23 21:30:00 KST",false,,Yes,SM8550,,SRI-N
6371974125453312,Regular,Approved,MR,false,samsung/a37xzh/a37x:17/CP2A.260605.016/A3760ZHU5BZI6_TGY5BZI6:user/release-keys,TGY,"Hong Kong",ruchi.joshi@samsung.com,ga.srcg@samsung.com,"2026-09-23 16:39:56 KST","2026-09-23 17:35:20 KST","2026-09-23 17:16:09 KST","2026-09-23 17:35:20 KST",,a37xzh,2026-09-05,speng.zheng@samsung.com,SRC-Guangzhou,100.0,A3760ZHU5BZI6,A3760ZHU5BZI6,A3760TGY5BZI6,SM-A3760,PHONE,,false,FULL,Yes,s5e8845,,SRI-N
4670067145179136,Vendor,Approved,,false,samsung/dm1qzcx/dm1q:13/TP1A.220624.014/S9110ZCU8GZIC:user/release-keys,,,d.khantwal@samsung.com,ga.srcg@samsung.com,"2026-09-23 16:39:35 KST","2026-09-24 08:00:03 KST","2026-09-23 18:11:15 KST","2026-09-24 08:00:03 KST",,dm1qzcx,,w.xia@samsung.com,SRC-Guangzhou,100.0,S9110ZCU8GZIC,,,SM-S9110,PHONE,"2026-09-23 23:00:00 KST",false,,No,SM8550,,SRI-N
5140520347369472,SafetyNet,Approved,,,samsung/a55xnaeea/a55x:17/CP2A.260605.016/A556BXXUIEZI6:user/release-keys,,,,srv.gba@samsung.com,"2026-09-23 16:38:47 KST","2026-09-23 16:38:58 KST",,"2026-09-23 16:38:58 KST",,a55xnaeea,2026-09-05,manh.ns@samsung.com,SRV,100.0,,,,SM-A556B,,,false,,No,s5e8845,,
4577570393948160,Vendor,Approved,,false,samsung/a57xue/a57x:16/BP2A.250605.031.A3/A576U1UEU6BZIE:user/release-keys,,,ruchi.joshi@samsung.com,srin-pregba@samsung.com,"2026-09-23 16:37:33 KST","2026-09-25 00:00:04 KST","2026-09-24 16:30:26 KST","2026-09-25 00:00:04 KST",,a57xue,,k.mittal@samsung.com,SRI-Noida,100.0,A576U1UEU6BZIE,,,SM-A576U1,PHONE,"2026-09-23 23:00:00 KST",false,,No,s5e8865,,SRI-N
4647939893100544,SMR,Approved,SMR,,samsung/a08xx/a08:17/CP2A.260605.016/A085FXXS2AZI1_OLM2AZI2:user/release-keys,"GLB,XTC",Philippines,ng.thanhtuan@samsung.com,srv.gba@samsung.com,"2026-09-23 16:28:49 KST","2026-09-23 21:36:37 KST","2026-09-23 19:45:26 KST","2026-09-23 21:36:37 KST",,a08xx,2026-09-05,minh.nq3@samsung.com,SRV,100.0,A085FXXS2AZI1,A085FXXS2AZI1,A085FOLM2AZI2,SM-A085F,PHONE,"2026-09-23 21:00:00 KST",false,,Yes,MT6789V/CD,,SRV
5351627334877184,SMR,Approved,SMR,,samsung/b6qxxx/b6q:16/BP4A.251205.006/F741BXXS4DZI1:user/release-keys,"ACR,AFG,AFR,CAU,DKR,ECT,EGY,FWD,GLB,ILO,ILP,KSA,LYS,MBM,MID,MM1,MSR,MWD,OPS,PAK,PKD,SEK,SIN,SKZ,STH,TEL,THL,TOP,TUN,VAU,XFA,XFV,XME,XNZ,XSA,XSG,XSP,XTC,XXV","Ghana,Afghanistan,Gabon,Senegal,Tanzania,Uganda,Democratic Republic of the Congo,Kenya,Armenia,Azerbaijan,Georgia,Nigeria,Egypt,Morocco,Philippines,Israel,Saudi Arabia,Libya,Macedonia,Serbia,Iraq,Singapore,Australia,Pakistan,Ukraine,Kazakhstan,Myanmar,Cambodia,Thailand,Laos,Tunisia,South Africa,Malaysia,New Zealand,United Arab Emirates,Vietnam",approval.se@samsung.com,srv.gba@samsung.com,"2026-09-23 16:28:41 KST","2026-09-23 18:01:49 KST","2026-09-23 17:49:11 KST","2026-09-23 18:01:49 KST",,b6qxxx,2026-09-05,dung.ttt@samsung.com,SRV,100.0,F741BXXS4DZI1,F741BXXS4DZE1,F741BOXM4DZE1,SM-F741B,PHONE,"2026-09-23 21:00:00 KST",false,,Yes,SM8650,,SRV
5697210989936640,Vendor,Approved,,false,samsung/a37xzh/a37x:14/UP1A.231005.007/A3760ZHU5BZI6:user/release-keys,,,ruchi.joshi@samsung.com,ga.srcg@samsung.com,"2026-09-23 16:26:56 KST","2026-09-24 00:00:02 KST","2026-09-23 16:52:34 KST","2026-09-24 00:00:02 KST",,a37xzh,,speng.zheng@samsung.com,SRC-Guangzhou,100.0,A3760ZHU5BZI6,,,SM-A3760,PHONE,"2026-09-23 23:00:00 KST",false,,No,s5e8845,,SRI-N
6217451788566528,SMR,Rejected,SMR,,samsung/b8qzhx/b8q:17/CP2A.260605.016/F7760ZSS3AZIH_OZS3AZIH:user/release-keys,"BRI,TGY","Taiwan,Hong Kong",bhawna.s1@samsung.com,suwonga2.sec@samsung.com,"2026-09-23 16:24:45 KST","2026-09-29 12:57:43 KST","2026-09-29 12:57:43 KST",,,b8qzhx,2026-10-05,dragonkim@samsung.com,HQ-Suwon2,100.0,F7760ZSS3AZIH,F7760ZCU3AZI1,F7760OZS3AZIH,SM-F7760,PHONE,"2026-09-23 21:30:00 KST",false,,No,SM8850,,SRI-N
6655866480885760,SafetyNet,Approved,,,samsung/a55xnaxx/a55x:17/CP2A.260605.016/A556BXXUIEZI6:user/release-keys,,,,srv.gba@samsung.com,"2026-09-23 16:24:28 KST","2026-09-23 16:24:40 KST",,"2026-09-23 16:24:40 KST",,a55xnaxx,2026-09-05,manh.ns@samsung.com,SRV,100.0,,,,SM-A556B,,,false,,No,s5e8845,,
6426708433698816,SMR,Approved,SMR,,samsung/r14scs/r14s:17/CP2A.260605.016/S741WVLS2AZI5_OYV2AZI5:user/release-keys,"BMC,BWA,CHR,ESK,FIZ,FMC,GLW,KDO,PCM,PMB,RWC,SOL,TBT,TLS,VMC,VTR,XAC",Canada,approval.se@samsung.com,srin-pregba@samsung.com,"2026-09-23 16:18:14 KST","2026-09-24 14:37:19 KST","2026-09-24 14:14:12 KST","2026-09-24 14:37:19 KST",,r14scs,2026-10-05,akash.jindal@samsung.com,SRI-Noida,100.0,S741WVLS2AZI5,S741WVLS2AZI5,S741WOYV2AZI5,SM-S741W,PHONE,"2026-09-23 21:30:00 KST",false,,Yes,s5e9955,,SRI-N
5384020229881856,Regular,Approved,MR,true,samsung/b6qsqw/b6q:17/CP2A.260605.016/F741USQU4EZIH:user/release-keys,"ASR,ATT,VZW,TMK,USC,CCT,TMB,XAA,CHA","United States",akansha.s1@samsung.com,ga1.sec@samsung.com,"2026-09-23 16:13:09 KST","2026-09-23 17:35:09 KST","2026-09-23 17:21:03 KST","2026-09-23 17:35:09 KST",,b6qsqw,2026-09-05,bk.k@samsung.com,HQ-Suwon,100.0,F741USQU4EZIH,F741USQU4EZIH,F741UOYN4EZIH,SM-F741U,PHONE,"2026-09-24 00:00:00 KST",false,FULL,Yes,SM8650,,SRI-N
6516518951321600,SimpleException,Approved,MR,,samsung/b7szhx/b7s:17/CP2A.260605.016/F7660ZSUCCZIH_OZSCCZIH:user/release-keys,"BRI,TGY","Taiwan,Hong Kong",hoang.ng.huy@samsung.com,suwonga2.sec@samsung.com,"2026-09-23 16:12:37 KST","2026-09-23 20:30:34 KST","2026-09-23 20:30:34 KST","2026-09-23 20:30:34 KST",,b7szhx,2026-09-05,chulhee.woo@samsung.com,HQ-Suwon2,100.0,F7660ZSUCCZIH,F7660ZCUCCZIH,F7660OZSCCZIH,SM-F7660,PHONE,,false,,No,s5e9955,,SRV
6037314887483392,SMR,Approved,SMR,,samsung/a08xx/a08:17/CP2A.260605.016/A085FXXS2AZI1_OJM2AZI1:user/release-keys,"ACR,AFG,AFR,DKR,ECT,EGY,FWD,ILO,ILP,KSA,LYS,MID,MWD,PKD,TKD,TUN,XFA,XFV,XSG","Ghana,Afghanistan,Kenya,Senegal,Nigeria,Egypt,Morocco,Israel,Palestine,Saudi Arabia,Libya,Lebanon,Iraq,Jordan,Syria,Pakistan,Algeria,Tunisia,South Africa,Zambia,Mauritius,Qatar,United Arab Emirates,Kuwait,Bahrain,Oman",huy.dn@samsung.com,srv.gba@samsung.com,"2026-09-23 16:12:24 KST","2026-09-24 10:36:21 KST","2026-09-24 10:33:49 KST","2026-09-24 10:36:21 KST",,a08xx,2026-09-05,theanh.duc@samsung.com,SRV,100.0,A085FXXS2AZI1,A085FXXS2AZI1,A085FOJM2AZI1,SM-A085F,PHONE,"2026-09-23 21:00:00 KST",false,,Yes,MT6789V/CD,,SRV
5298443073617920,SMR,Approved,SMR,,samsung/r12sxxx/r12s:16/BP4A.251205.006/S721BXXSEDZI1:user/release-keys,CAU,"Armenia,Azerbaijan,Georgia",approval.se@samsung.com,srv.gba@samsung.com,"2026-09-23 16:05:00 KST","2026-09-23 17:35:40 KST","2026-09-23 17:19:03 KST","2026-09-23 17:35:40 KST",,r12sxxx,2026-09-05,huy.tb@samsung.com,SRV,100.0,S721BXXSEDZI1,S721BXXSEDZI1,S721BOXEEDZI1,SM-S721B,PHONE,"2026-09-23 21:00:00 KST",false,,Yes,s5e9945,,SRV
4923500011978752,SMR,Approved,SMR,,samsung/r12sxxx/r12s:16/BP4A.251205.006/S721BXXSEDZI1:user/release-keys,CAC,"Mongolia,Uzbekistan,Turkmenistan,Kyrgyzstan,Tajikistan",approval.se@samsung.com,srv.gba@samsung.com,"2026-09-23 16:04:46 KST","2026-09-23 17:35:40 KST","2026-09-23 17:19:39 KST","2026-09-23 17:35:40 KST",,r12sxxx,2026-09-05,huy.tb@samsung.com,SRV,100.0,S721BXXSEDZI1,S721BXXSEDZI1,S721BOXEEDZI1,SM-S721B,PHONE,"2026-09-23 21:00:00 KST",false,,Yes,s5e9945,,SRV
5131862028845056,SMR,Approved,SMR,,samsung/e1sxxx/e1s:16/BP4A.251205.006/S921BXXSHDZI1:user/release-keys,XID,Indonesia,khanh.toan@samsung.com,endri.s@samsung.com,"2026-09-23 16:02:34 KST","2026-09-25 17:36:41 KST","2026-09-25 17:19:13 KST","2026-09-25 17:36:41 KST",,e1sxxx,2026-09-05,danar.kurnia@samsung.com,SRV,100.0,S921BXXSHDZI1,S921BXXSHDZI1,S921BOLEHDZI1,SM-S921B,PHONE,"2026-09-23 21:00:00 KST",false,,Yes,S5E9945,,SRV
6083902078976000,Regular,Approved,LR,false,samsung/SCG32_jp_kdi/SCG32:17/CP2A.260605.016/SCG32KDU1DZI9_QDI1DZI9:user/release-keys,"SJP,KDI",Japan,ruchi.joshi@samsung.com,suwonga2.sec@samsung.com,"2026-09-23 16:02:29 KST","2026-09-28 13:00:29 KST","2026-09-28 12:56:27 KST","2026-09-28 13:00:29 KST","2026-09-23 20:29:31 KST",SCG32_jp_kdi,2026-09-05,jimipark@samsung.com,HQ-Suwon2,100.0,SCG32KDU1DZI9,SCG32KDU1DZI9,SCG32QDI1DZI9,SCG32,PHONE,"2026-10-12 23:30:00 KST",false,FULL,Yes,SM8750,LD,SRI-N
5721233882873856,SMR,Approved,SMR,,samsung/q8qzhx/q8q:17/CP2A.260605.016/F9760ZSS3AZIH_OZS3AZIH:user/release-keys,"BRI,TGY","Taiwan,Hong Kong",approval.se@samsung.com,suwonga2.sec@samsung.com,"2026-09-23 16:01:23 KST","2026-09-24 14:38:08 KST","2026-09-24 14:02:00 KST","2026-09-24 14:38:08 KST",,q8qzhx,2026-10-05,chulhee.woo@samsung.com,HQ-Suwon2,100.0,F9760ZSS3AZIH,F9760ZCU3AZI1,F9760OZS3AZIH,SM-F9760,PHONE,"2026-09-23 21:30:00 KST",false,,Yes,SM8850,,SRI-N
6395909021892608,SMR,Approved,SMR,,samsung/a08xx/a08:17/CP2A.260605.016/A085FXXS2AZI1_VFJ2AZI1:user/release-keys,"VFJ,XME","New Zealand,Malaysia",ducmanh.ng1@samsung.com,srv.gba@samsung.com,"2026-09-23 16:01:17 KST","2026-09-24 11:01:31 KST","2026-09-24 10:45:25 KST","2026-09-24 11:01:31 KST",,a08xx,2026-09-05,minh.nq3@samsung.com,SRV,100.0,A085FXXS2AZI1,A085FXXS2AZI1,A085FVFJ2AZI1,SM-A085F,PHONE,"2026-09-23 21:00:00 KST",false,,Yes,MT6789V/CD,,SRV
6243551331745792,Regular,Approved,MR,true,samsung/b7ruew/b7r:17/CP2A.260605.016/F761U1UEUCCZIH_OYMCCZIH:user/release-keys,"ATT,USC,ACG,AIO,TMB,XAR,ATC,VZW,DSA,TMK,CCT,DSH,DSG,XAA,LRA,CHA,TFN,XAG,FKR","United States",d.khantwal@samsung.com,ga1.sec@samsung.com,"2026-09-23 16:01:06 KST","2026-09-23 22:01:52 KST","2026-09-23 19:02:51 KST","2026-09-23 22:01:52 KST",,b7ruew,2026-09-05,cmoh@samsung.com,HQ-Suwon,100.0,F761U1UEUCCZIH,F761U1UEUCCZIH,F761U1OYMCCZIH,SM-F761U1,PHONE,"2026-09-24 00:30:00 KST",false,FULL,Yes,s5e9945,,SRI-N
4712393779445760,SKU,Approved,MR,false,samsung/b7rxxx/b7r:17/CP2A.260605.016/F761BXXUCCZIH_OXMCCZIH:user/release-keys,"ACR,MM1,CAC,CAU,ECT,KSA,MID,MBM,DKR,GLB,AFR,MSR,XNZ,STH,XTC,XSA,XFV,VAU,XSG,XME,XFA,XSP,TOP,XXV,SEK,THL,SIN,EUY","Ghana,Singapore,Mongolia,Turkmenistan,Kyrgyzstan,Tajikistan,Armenia,Azerbaijan,Georgia,Nigeria,Saudi Arabia,Iraq,Macedonia,Serbia,Senegal,Philippines,Gabon,Tanzania,Uganda,Democratic Republic of the Congo,Kenya,New Zealand,Australia,South Africa,United Arab Emirates,Malaysia,Vietnam,Ukraine,Myanmar,Cambodia,Thailand,Laos,Kosovo,Bosnia and Herzegovina,Montenegro,Albania",ducmanh.ng1@samsung.com,gumi.ga2.sec@samsung.com,"2026-09-23 16:00:50 KST","2026-09-23 18:44:44 KST","2026-09-23 18:44:44 KST","2026-09-23 18:44:44 KST",,b7rxxx,2026-09-05,th.yu@samsung.com,HQ-Gumi,100.0,F761BXXUCCZIH,F761BXXUCCZIH,F761BOXMCCZIH,SM-F761B,PHONE,"2026-09-24 00:00:00 KST",false,VARIANT,No,s5e9945,,SRV
6699627835555840,Regular,Approved,MR,false,samsung/e3qxins/e3q:17/CP2A.260605.016/S928BXXU6EZIF:user/release-keys,INS,India,d2.kumar@samsung.com,srin-pregba@samsung.com,"2026-09-23 15:59:31 KST","2026-09-24 13:36:30 KST","2026-09-24 13:27:13 KST","2026-09-24 13:36:30 KST",,e3qxins,2026-09-05,gurmeet.c@samsung.com,SRI-Noida,100.0,S928BXXU6EZIF,S928BXXU6EZIF,S928BOXM6EZIF,SM-S928B,PHONE,"2026-09-24 00:00:00 KST",false,VARIANT,Yes,SM8650,,SRI-N
4772152343789568,Regular,Approved,LR,false,samsung/SC-52F/SC-52F:17/CP2A.260605.016/SC52FOMU1DZI9_QCM1DZI9:user/release-keys,"SJP,DCM",Japan,jm00.choi@samsung.com,suwonga2.sec@samsung.com,"2026-09-23 15:51:14 KST","2026-10-02 15:01:42 KST","2026-10-02 14:56:33 KST","2026-10-02 15:01:42 KST","2026-09-29 13:47:36 KST",SC-52F,2026-09-05,chjo@samsung.com,HQ-Suwon2,100.0,SC52FOMU1DZI9,SC52FOMU1DZI9,SC52FQCM1DZI9,SC-52F,PHONE,"2026-10-12 23:30:00 KST",false,FULL,Yes,SM8750,LD,
6330695513538560,SafetyNet,Approved,,,samsung/on4qsqw/on4q:17/CP4A.260831.006/S958USQU0AZIF_OYN0AZIF:user/release-keys,,,,ga1.sec@samsung.com,"2026-09-23 15:47:13 KST","2026-09-23 15:47:29 KST",,"2026-09-23 15:47:29 KST",,on4qsqw,2026-10-05,ga1.sec@samsung.com,HQ-Suwon,100.0,,,,SM-S958U,,,false,,No,SM8975,,
6119589281005568,SKU,Approved,MR,false,samsung/pa2qxxx/pa2q:17/CP2A.260605.016/S936BXXUCDZIF_OXMCDZIF:user/release-keys,"BNG,NPB,SLK","Bangladesh,Nepal,Sri Lanka",umesh.k@samsung.com,srin-pregba@samsung.com,"2026-09-23 15:44:38 KST","2026-09-23 18:11:27 KST","2026-09-23 18:11:27 KST","2026-09-23 18:11:27 KST",,pa2qxxx,2026-09-05,hokyun.choi@samsung.com,SRI-Noida,100.0,S936BXXUCDZIF,S936BXXUCDZIF,S936BOXMCDZIF,SM-S936B,PHONE,"2026-09-23 22:30:00 KST",false,VARIANT,No,SM8750,,SRI-N
6132364862554112,Vendor,Approved,,false,samsung/a57xsq/a57x:16/BP2A.250605.031.A3/A576USQU4BZIE:user/release-keys,,,bhawna.s1@samsung.com,srin-pregba@samsung.com,"2026-09-23 15:43:14 KST","2026-09-24 16:00:04 KST","2026-09-24 14:13:01 KST","2026-09-24 16:00:04 KST",,a57xsq,,k.mittal@samsung.com,SRI-Noida,100.0,A576USQU4BZIE,,,SM-A576U,PHONE,"2026-09-23 23:00:00 KST",false,,No,s5e8865,,SRI-N
6328678221086720,Regular,Approved,MR,false,samsung/dm2qzcx/dm2q:17/CP2A.260605.016/S9160ZCU8GZIC:user/release-keys,CHC,China,bhawna.s1@samsung.com,ga.srcg@samsung.com,"2026-09-23 15:43:07 KST","2026-09-23 22:35:48 KST","2026-09-23 16:39:30 KST","2026-09-23 22:35:48 KST",,dm2qzcx,2026-08-05,w.xia@samsung.com,SRC-Guangzhou,100.0,S9160ZCU8GZIC,S9160ZCU8GZIC,S9160CHC8GZIC,SM-S9160,PHONE,"2026-09-24 00:00:00 KST",false,FULL,Yes,SM8550,,SRI-N
4701783599611904,SafetyNet,Approved,,,samsung/a07xins/a07x:17/CP2A.260605.016/A076BXXU5ZZI7_ODM5ZZI7:user/release-keys,,,,srin-pregba@samsung.com,"2026-09-23 15:42:35 KST","2026-09-23 15:42:48 KST",,"2026-09-23 15:42:48 KST",,a07xins,2026-09-05,ankur.gautam@samsung.com,SRI-Noida,100.0,,,,SM-A076B,,,false,,No,MT6835V/TZ,,
5174351603433472,SKU,Approved,MR,false,samsung/q7qxxx/q7q:17/CP2A.260605.016/F966BXXUCCZIH_OXMCCZIH:user/release-keys,GTO,Guatemala,welton.seabra@samsung.com,googleapproval.sidia@samsung.com,"2026-09-23 15:36:18 KST","2026-09-23 22:37:09 KST","2026-09-23 22:37:09 KST","2026-09-23 22:37:09 KST",,q7qxxx,2026-09-05,th.yu@samsung.com,SIDIA,100.0,F966BXXUCCZIH,F966BXXUCCZIH,F966BOXMCCZIH,SM-F966B,PHONE,"2026-09-24 03:00:00 KST",false,VARIANT,No,SM8750,,SIDIA
5367399746633728,SKU,Approved,MR,false,samsung/q7qxxx/q7q:17/CP2A.260605.016/F966BXXUCCZIH_OXMCCZIH:user/release-keys,"EUY,XNZ,STH,XTC,XSA,XFV,VAU,XSG,XME,XFA,OPS,XSP,TOP,XXV,SEK,THL,SIN,TEL,CAC,MID,DKR,ILP,ILO,AFR,MSR,MM1,ACR,CAU,ECT,KSA,MBM,GLB","Kosovo,Macedonia,Serbia,Bosnia and Herzegovina,Montenegro,Albania,New Zealand,Singapore,Philippines,Australia,South Africa,United Arab Emirates,Malaysia,Vietnam,Ukraine,Myanmar,Cambodia,Thailand,Laos,Mongolia,Turkmenistan,Kyrgyzstan,Tajikistan,Iraq,Senegal,Israel,Gabon,Tanzania,Uganda,Democratic Republic of the Congo,Kenya,Ghana,Armenia,Azerbaijan,Georgia,Nigeria,Saudi Arabia",ly.ltt@samsung.com,gumi.ga1.sec@samsung.com,"2026-09-23 15:36:17 KST","2026-09-24 12:59:13 KST","2026-09-24 12:59:13 KST","2026-09-24 12:59:13 KST",,q7qxxx,2026-09-05,th.yu@samsung.com,HQ-Gumi,100.0,F966BXXUCCZIH,F966BXXUCCZIH,F966BOXMCCZIH,SM-F966B,PHONE,"2026-09-24 00:00:00 KST",false,VARIANT,No,SM8750,,SRV
5290659317809152,SKU,Approved,MR,false,samsung/q7qxxx/q7q:17/CP2A.260605.016/F966BXXUCCZIH_OXMCCZIH:user/release-keys,XID,Indonesia,nam.dt1@samsung.com,endri.s@samsung.com,"2026-09-23 15:36:17 KST","2026-09-24 10:34:28 KST","2026-09-24 10:34:28 KST","2026-09-24 10:34:28 KST",,q7qxxx,2026-09-05,th.yu@samsung.com,SRV,100.0,F966BXXUCCZIH,F966BXXUCCZIH,F966BOXMCCZIH,SM-F966B,PHONE,"2026-09-23 22:00:00 KST",false,VARIANT,No,SM8750,,SRV
5400583368605696,Vendor,Approved,,false,samsung/SC-52F/SC-52F:15/AP3A.240905.015.A2/SC52FOMU1DZI9:user/release-keys,,,r1.rawat@samsung.com,suwonga2.sec@samsung.com,"2026-09-23 15:26:04 KST","2026-10-02 16:00:04 KST","2026-09-29 13:45:27 KST","2026-10-02 16:00:04 KST",,SC-52F,,chjo@samsung.com,HQ-Suwon2,100.0,SC52FOMU1DZI9,,,SC-52F,PHONE,"2026-09-23 23:00:00 KST",false,,No,SM8750,,SRI-N
5183319495147520,SMR,Approved,SMR,,samsung/a16xsq/a16x:16/BP4A.251205.006/A166USQSADZI2:user/release-keys,"AIO,APP,ATT,CCT,CHA,DSA,DSG,DSH,TMB,TMK,USC,VPP,VZW","United States",approval.se@samsung.com,srin-pregba@samsung.com,"2026-09-23 15:24:07 KST","2026-09-23 21:36:18 KST","2026-09-23 16:49:05 KST","2026-09-23 21:36:18 KST",,a16xsq,2026-09-05,chandan2.das@samsung.com,SRI-Noida,100.0,A166USQSADZI2,A166USQSADZI2,A166UOYNADZI2,SM-A166U,PHONE,"2026-09-23 21:30:00 KST",false,,Yes,s5e8535,,SRI-N
5107540367245312,Vendor,Approved,,false,samsung/dm2qzcx/dm2q:13/TP1A.220624.014/S9160ZCU8GZIC:user/release-keys,,,bhawna.s1@samsung.com,ga.srcg@samsung.com,"2026-09-23 15:23:19 KST","2026-09-24 00:00:03 KST","2026-09-23 16:37:23 KST","2026-09-24 00:00:03 KST",,dm2qzcx,,w.xia@samsung.com,SRC-Guangzhou,100.0,S9160ZCU8GZIC,,,SM-S9160,PHONE,"2026-09-23 23:00:00 KST",false,,No,SM8550,,SRI-N
5417223279869952,Regular,Approved,MR,false,samsung/a37xxx/a37x:17/CP2A.260605.016/A376EXXU5BZI6_OXE5BZI6:user/release-keys,CAU,"Armenia,Azerbaijan,Georgia",huy.dn@samsung.com,srv.gba@samsung.com,"2026-09-23 15:22:08 KST","2026-09-23 21:35:41 KST","2026-09-23 16:01:09 KST","2026-09-23 21:35:41 KST",,a37xxx,2026-09-05,tuan.nm4@samsung.com,SRV,100.0,A376EXXU5BZI6,A376EXXU5BZI6,A376EOXE5BZI6,SM-A376E,PHONE,"2026-09-23 23:30:00 KST",false,FULL,Yes,s5e8845,,SRV
4650518165323776,SMR,Approved,SMR,,samsung/q8qksx/q8q:17/CP2A.260605.016/F976NKSS3AZIH_OKR3AZIH:user/release-keys,"KOO,KTC,LUC,SKC",Korea,approval.se@samsung.com,gumi.ga0.sec@samsung.com,"2026-09-23 15:21:58 KST","2026-09-24 14:04:20 KST","2026-09-24 13:42:57 KST","2026-09-24 14:04:20 KST",,q8qksx,2026-10-05,hyunchul0221.jung@samsung.com,HQ-Gumi,100.0,F976NKSS3AZIH,F976NKSU3AZI1,F976NOKR3AZIH,SM-F976N,PHONE,"2026-09-23 21:30:00 KST",false,,Yes,SM8850,,SRI-N
4979440014852096,SMR,Approved,SMR,,samsung/h8qksx/h8q:17/CP2A.260605.016/F971NKSS3AZIH_OKR3AZIH:user/release-keys,"KOO,KTC,LUC,SKC",Korea,approval.se@samsung.com,gumi.ga0.sec@samsung.com,"2026-09-23 15:21:40 KST","2026-09-24 14:03:56 KST","2026-09-24 13:49:02 KST","2026-09-24 14:03:56 KST",,h8qksx,2026-10-05,hyunchul0221.jung@samsung.com,HQ-Gumi,100.0,F971NKSS3AZIH,F971NKSU3AZI1,F971NOKR3AZIH,SM-F971N,PHONE,"2026-09-23 21:30:00 KST",false,,Yes,SM8850,,SRI-N
6151060184104960,SMR,Approved,SMR,,samsung/q8qxeea/q8q:17/CP2A.260605.016/F976BXXS3AZIH_OXM3AZIH:user/release-keys,"EUX,3IE,AMO,ATL,BOG,CNX,DO2,DRE,EVR,FTM,H3G,HTS,HUI,MEO,MOB,O2U,OMN,OPV,ORO,ORS,PLS,PRT,SFR,SIM,TCL,TIM,VD2,VDC,VDF,VDI,VGR,VOD,XEC","Portugal,Iceland,Greece,Austria,Sweden,Netherlands,Latvia,Luxembourg,Poland,Slovakia,Slovenia,Bulgaria,Lithuania,France,Croatia,Romania,Hungary,United Kingdom,Switzerland,Spain,Czech Republic,Norway,Finland,Denmark,Italy,Germany,Estonia,Ireland",approval.se@samsung.com,gumi.ga0.sec@samsung.com,"2026-09-23 15:21:23 KST","2026-09-24 14:37:40 KST","2026-09-24 14:09:02 KST","2026-09-24 14:37:40 KST",,q8qxeea,2026-10-05,sue46.yang@samsung.com,HQ-Gumi,100.0,F976BXXS3AZIH,F976BXXU3AZI5,F976BOXM3AZIH,SM-F976B,PHONE,"2026-09-23 21:30:00 KST",false,,Yes,SM8850,,SRV
5776875653955584,Regular,Approved,MR,false,samsung/a37xser/a37x:17/CP2A.260605.016/A376EXXU5BZI6_OXE5BZI6:user/release-keys,SER,"Belarus,Russia",yen.dt@samsung.com,srv.gba@samsung.com,"2026-09-23 15:21:23 KST","2026-09-24 01:36:34 KST","2026-09-23 16:01:26 KST","2026-09-24 01:36:34 KST",,a37xser,2026-09-05,tuan.nm4@samsung.com,SRV,100.0,A376EXXU5BZI6,A376EXXU5BZI6,A376EOXE5BZI6,SM-A376E,PHONE,,false,VARIANT,Yes,s5e8845,,SRV
6356778782818304,SMR,Approved,SMR,,samsung/gts10pxxx/gts10p:16/BP4A.251205.006/X826BXXSBDZI2:user/release-keys,XID,Indonesia,khanh.toan@samsung.com,lufti.b@samsung.com,"2026-09-23 15:08:39 KST","2026-09-25 13:35:34 KST","2026-09-25 13:20:03 KST","2026-09-25 13:35:34 KST",,gts10pxxx,2026-09-05,danar.kurnia@samsung.com,SRV,100.0,X826BXXSBDZI2,X826BXXSBDZI2,X826BOLEBDZI2,SM-X826B,TABLET,"2026-09-24 17:00:00 KST",false,,Yes,SM8650,,SRV
6492368014671872,SMR,Approved,SMR,,samsung/h8qxser/h8q:17/CP2A.260605.016/F971BXXS3AZIH_OXM3AZIH:user/release-keys,"SER,SKZ","Belarus,Russia,Kazakhstan",approval.se@samsung.com,gumi.ga0.sec@samsung.com,"2026-09-23 15:06:27 KST","2026-09-24 14:38:13 KST","2026-09-24 14:16:34 KST","2026-09-24 14:38:13 KST",,h8qxser,2026-10-05,sue46.yang@samsung.com,HQ-Gumi,100.0,F971BXXS3AZIH,F971BXXU3AZI5,F971BOXM3AZIH,SM-F971B,PHONE,"2026-09-23 21:30:00 KST",false,,Yes,SM8850,,SRV
6584147506364416,SMR,Approved,SMR,,samsung/q8qxser/q8q:17/CP2A.260605.016/F976BXXS3AZIH_OXM3AZIH:user/release-keys,"SER,SKZ","Belarus,Russia,Kazakhstan",approval.se@samsung.com,gumi.ga0.sec@samsung.com,"2026-09-23 15:06:06 KST","2026-09-24 14:38:47 KST","2026-09-24 14:18:09 KST","2026-09-24 14:38:47 KST",,q8qxser,2026-10-05,sue46.yang@samsung.com,HQ-Gumi,100.0,F976BXXS3AZIH,F976BXXU3AZI5,F976BOXM3AZIH,SM-F976B,PHONE,"2026-09-23 21:30:00 KST",false,,Yes,SM8850,,SRV
5042752463306752,SMR,Approved,SMR,,samsung/a08xx/a08:17/CP2A.260605.016/A085FXXS2AZI1_PNG2AZI1:user/release-keys,"PNG,XME","New Zealand,Malaysia",hoai.nt4@samsung.com,srv.gba@samsung.com,"2026-09-23 15:05:49 KST","2026-09-23 19:37:02 KST","2026-09-23 17:01:23 KST","2026-09-23 19:37:02 KST",,a08xx,2026-09-05,minh.nq3@samsung.com,SRV,100.0,A085FXXS2AZI1,A085FXXS2AZI1,A085FPNG2AZI1,SM-A085F,PHONE,"2026-09-23 21:00:00 KST",false,,Yes,MT6789V/CD,,SRV
6021197552943104,SMR,Approved,SMR,,samsung/h8qxins/h8q:17/CP2A.260605.016/F971BXXS3AZIH_OXM3AZIH:user/release-keys,INS,India,approval.se@samsung.com,gumi.ga0.sec@samsung.com,"2026-09-23 15:05:34 KST","2026-09-24 14:42:32 KST","2026-09-24 14:07:54 KST","2026-09-24 14:42:32 KST",,h8qxins,2026-10-05,sue46.yang@samsung.com,HQ-Gumi,100.0,F971BXXS3AZIH,F971BXXU3AZI5,F971BOXM3AZIH,SM-F971B,PHONE,"2026-09-23 21:30:00 KST",false,,Yes,SM8850,,SRI-N
5084993131118592,SMR,Approved,SMR,,samsung/b6qxeea/b6q:16/BP4A.251205.006/F741BXXS4DZI1:user/release-keys,"3IE,AMO,ATL,BOG,CNX,COS,CRO,DO2,DRE,DTM,EUX,EVR,FTM,H3G,HTS,HUI,MAX,MEO,MET,MOB,MOT,O2U,OMN,OPV,ORO,ORS,PLS,PRT,SFR,SIM,SWC,TCL,TIM,TMH,TMS,TMZ,TPL,VD2,VDC,VDF,VDI,VGR,VIP,VOD,XEC","Ireland,United Kingdom,Spain,France,Romania,Greece,Slovenia,Croatia,Germany,Austria,Portugal,Iceland,Sweden,Netherlands,Latvia,Luxembourg,Poland,Slovakia,Bulgaria,Lithuania,Hungary,Switzerland,Czech Republic,Norway,Finland,Denmark,Italy,Estonia",approval.se@samsung.com,srv.gba@samsung.com,"2026-09-23 15:05:08 KST","2026-09-23 16:36:46 KST","2026-09-23 16:09:07 KST","2026-09-23 16:36:46 KST",,b6qxeea,2026-09-05,dung.ttt@samsung.com,SRV,100.0,F741BXXS4DZI1,F741BXXS4DZE1,F741BOXM4DZE1,SM-F741B,PHONE,"2026-09-23 21:00:00 KST",false,,Yes,SM8650,,SRV
5320656644472832,Regular,Approved,MR,false,samsung/b5qxtur/b5q:17/CP2A.260605.016/F731BXXU7HZIH:user/release-keys,TUR,Turkey,vuong.hue@samsung.com,srv.gba@samsung.com,"2026-09-23 15:04:42 KST","2026-09-23 16:36:09 KST","2026-09-23 16:24:42 KST","2026-09-23 16:36:09 KST",,b5qxtur,2026-09-05,ha.hoang@samsung.com,SRV,100.0,F731BXXU7HZIH,F731BXXU7HZIH,F731BOXM7HZIH,SM-F731B,PHONE,"2026-09-23 23:30:00 KST",false,VARIANT,Yes,SM8550,,SRV
5365398996516864,SMR,Approved,SMR,,samsung/a08xx/a08:17/CP2A.260605.016/A085FXXS2AZI1_OXM2AZI1:user/release-keys,"CAC,SEE,SEK,SOZ,CAU","Mongolia,Turkmenistan,Kyrgyzstan,Tajikistan,Kosovo,Macedonia,Serbia,Bosnia and Herzegovina,Montenegro,Albania,Ukraine,Moldova,Uzbekistan,Armenia,Azerbaijan,Georgia",ng.thanhtuan@samsung.com,srv.gba@samsung.com,"2026-09-23 15:04:40 KST","2026-09-23 19:36:02 KST","2026-09-23 16:29:52 KST","2026-09-23 19:36:02 KST",,a08xx,2026-09-05,chinh.hoa@samsung.com,SRV,100.0,A085FXXS2AZI1,A085FXXS2AZI1,A085FOXM2AZI1,SM-A085F,PHONE,"2026-09-23 21:00:00 KST",false,,Yes,MT6789V/CD,,SRV
6302672529653760,Regular,Approved,MR,false,samsung/b5qxser/b5q:17/CP2A.260605.016/F731BXXU7HZIH:user/release-keys,SER,Russia,tu.nv1@samsung.com,srv.gba@samsung.com,"2026-09-23 15:04:30 KST","2026-09-23 18:02:11 KST","2026-09-23 17:57:29 KST","2026-09-23 18:02:11 KST",,b5qxser,2026-09-05,ha.hoang@samsung.com,SRV,100.0,F731BXXU7HZIH,F731BXXU7HZIH,F731BOXM7HZIH,SM-F731B,PHONE,,false,VARIANT,Yes,SM8550,,SRV
5887177393438720,Regular,Approved,MR,false,samsung/b5qxeea/b5q:17/CP2A.260605.016/F731BXXU7HZIH:user/release-keys,EUX,"Portugal,Iceland,Greece,Austria,Sweden,Netherlands,Latvia,Luxembourg,Poland,Slovakia,Slovenia,Bulgaria,Lithuania,France,Croatia,Romania,Hungary,United Kingdom,Switzerland,Spain,Czech Republic,Norway,Finland,Denmark,Italy,Germany,Estonia",oanh.lt@samsung.com,srv.gba@samsung.com,"2026-09-23 15:04:20 KST","2026-09-23 16:37:15 KST","2026-09-23 16:05:11 KST","2026-09-23 16:37:15 KST",,b5qxeea,2026-09-05,ha.hoang@samsung.com,SRV,100.0,F731BXXU7HZIH,F731BXXU7HZIH,F731BOXM7HZIH,SM-F731B,PHONE,"2026-09-23 23:30:00 KST",false,VARIANT,Yes,SM8550,,SRV
6061684800356352,SMR,Approved,SMR,,samsung/a08xx/a08:17/CP2A.260605.016/A085FXXS2AZI1_OLM2AZI1:user/release-keys,"GLB,THL,XNZ,XSP,XTC,XXV","Philippines,Myanmar,Cambodia,Thailand,Laos,New Zealand,Singapore,Vietnam",thuynga.dt@samsung.com,srv.gba@samsung.com,"2026-09-23 15:03:53 KST","2026-09-23 17:00:09 KST","2026-09-23 16:56:55 KST","2026-09-23 17:00:09 KST",,a08xx,2026-09-05,minh.nq3@samsung.com,SRV,100.0,A085FXXS2AZI1,A085FXXS2AZI1,A085FOLM2AZI1,SM-A085F,PHONE,"2026-09-23 21:00:00 KST",false,,Yes,MT6789V/CD,,SRV
4522043177697280,Vendor,Approved,,false,samsung/a37xxx/a37x:14/UP1A.231005.007/A376EXXU5BZI6:user/release-keys,,,huy.dn@samsung.com,srv.gba@samsung.com,"2026-09-23 15:03:44 KST","2026-09-24 00:00:03 KST","2026-09-23 15:58:01 KST","2026-09-24 00:00:03 KST",,a37xxx,,tuan.nm4@samsung.com,SRV,100.0,A376EXXU5BZI6,,,SM-A376E,PHONE,"2026-09-23 22:30:00 KST",false,,No,s5e8845,,SRV
6001715111526400,SMR,Approved,SMR,,samsung/q8qxins/q8q:17/CP2A.260605.016/F976BXXS3AZIH_OXM3AZIH:user/release-keys,INS,India,approval.se@samsung.com,gumi.ga0.sec@samsung.com,"2026-09-23 15:03:18 KST","2026-09-24 14:41:51 KST","2026-09-24 14:07:00 KST","2026-09-24 14:41:51 KST",,q8qxins,2026-10-05,sue46.yang@samsung.com,HQ-Gumi,100.0,F976BXXS3AZIH,F976BXXU3AZI5,F976BOXM3AZIH,SM-F976B,PHONE,"2026-09-23 21:30:00 KST",false,,Yes,SM8850,,SRI-N
5531762877005824,SMR,Cancelled,SMR,,samsung/h8qxeea/h8q:17/CP2A.260605.016/F971BXXS3AZIH_OXM3AZIH:user/release-keys,"EUX,3IE,AMO,ATL,BOG,CNX,DO2,DRE,EVR,FTM,H3G,HTS,HUI,MEO,MOB,O2U,OMN,OPV,ORO,ORS,PLS,PRT,SFR,SIM,TCL,TIM,VD2,VDC,VDF,VDI,VGR,VOD,XEC","Portugal,Iceland,Greece,Austria,Sweden,Netherlands,Latvia,Luxembourg,Poland,Slovakia,Slovenia,Bulgaria,Lithuania,France,Croatia,Romania,Hungary,United Kingdom,Switzerland,Spain,Czech Republic,Norway,Finland,Denmark,Italy,Germany,Estonia,Ireland",approval.se@samsung.com,gumi.ga0.sec@samsung.com,"2026-09-23 15:01:48 KST","2026-09-23 15:42:34 KST",,,,h8qxeea,2026-10-05,sue46.yang@samsung.com,HQ-Gumi,100.0,F971BXXS3AZIH,F971BXXU3AZI5,F971BOXM3AZIH,SM-F971B,PHONE,"2026-09-23 21:30:00 KST",false,,No,SM8850,,SRV
4968812923584512,SMR,Approved,SMR,,samsung/q8qxtur/q8q:17/CP2A.260605.016/F976BXXS3AZIH_OXM3AZIH:user/release-keys,TUR,Türkiye,approval.se@samsung.com,gumi.ga0.sec@samsung.com,"2026-09-23 15:01:32 KST","2026-09-24 14:07:22 KST","2026-09-24 13:48:36 KST","2026-09-24 14:07:22 KST",,q8qxtur,2026-10-05,sue46.yang@samsung.com,HQ-Gumi,100.0,F976BXXS3AZIH,F976BXXU3AZI5,F976BOXM3AZIH,SM-F976B,PHONE,"2026-09-23 21:30:00 KST",false,,Yes,SM8850,,SRV
5469999838003200,Vendor,Approved,,false,samsung/SCG32_jp_kdi/SCG32:15/AP3A.240905.015.A2/SCG32KDU1DZI9:user/release-keys,,,ruchi.joshi@samsung.com,suwonga2.sec@samsung.com,"2026-09-23 14:59:42 KST","2026-09-28 16:00:03 KST","2026-09-23 20:28:00 KST","2026-09-28 16:00:03 KST",,SCG32_jp_kdi,,jimipark@samsung.com,HQ-Suwon2,100.0,SCG32KDU1DZI9,,,SCG32,PHONE,"2026-09-23 23:00:00 KST",false,,No,SM8750,,SRI-N
6211529699753984,SMR,Approved,SMR,,samsung/h8qxtur/h8q:17/CP2A.260605.016/F971BXXS3AZIH_OXM3AZIH:user/release-keys,TUR,Türkiye,approval.se@samsung.com,gumi.ga0.sec@samsung.com,"2026-09-23 14:59:21 KST","2026-09-24 14:42:12 KST","2026-09-24 14:11:00 KST","2026-09-24 14:42:12 KST",,h8qxtur,2026-10-05,sue46.yang@samsung.com,HQ-Gumi,100.0,F971BXXS3AZIH,F971BXXU3AZI5,F971BOXM3AZIH,SM-F971B,PHONE,"2026-09-23 21:30:00 KST",false,,Yes,SM8850,,SRV
5728039560544256,SMR,Approved,SMR,,samsung/b6qxeea/b6q:16/BP4A.251205.006/F741BOPS4DZI1:user/release-keys,XEF,France,tu.nv1@samsung.com,srv.gba@samsung.com,"2026-09-23 14:56:31 KST","2026-09-23 22:36:46 KST","2026-09-23 18:35:37 KST","2026-09-23 22:36:46 KST",,b6qxeea,2026-09-05,dung.ttt@samsung.com,SRV,100.0,F741BOPS4DZI1,F741BXXS4DZE1,F741BOXO4DZE1,SM-F741B,PHONE,"2026-09-23 21:00:00 KST",false,,Yes,SM8650,,SRV
4518095733653504,SKU,Approved,MR,false,samsung/b7rxeea/b7r:17/CP2A.260605.016/F761BXXUCCZIH_OXMCCZIH:user/release-keys,"EUX,EVR,MOB,CRO,AMO,MAX,DO2,COS,CNX,3IE,OMN,MOT,O2U,MEO,BOG,DTM,HUI,H3G,FTM,TMZ,VD2,VOD,TMH,ORS,PRT,VDC,OPV,SIM,PLS,XEC,TIM,VDF,TMS,VIP,TCL,SFR,ORO,TPL,VDI,VGR,MET,DRE,HTS","Portugal,Iceland,Greece,Austria,Sweden,Netherlands,Latvia,Luxembourg,Poland,Slovakia,Slovenia,Bulgaria,Lithuania,France,Croatia,Romania,Hungary,United Kingdom,Switzerland,Spain,Czech Republic,Norway,Finland,Denmark,Italy,Germany,Estonia,Ireland",thuynga.dt@samsung.com,gumi.ga1.sec@samsung.com,"2026-09-23 14:52:26 KST","2026-09-23 17:00:23 KST","2026-09-23 17:00:23 KST","2026-09-23 17:00:23 KST",,b7rxeea,2026-09-05,th.yu@samsung.com,HQ-Gumi,100.0,F761BXXUCCZIH,F761BXXUCCZIH,F761BOXMCCZIH,SM-F761B,PHONE,"2026-09-24 00:00:00 KST",false,VARIANT,No,s5e9945,,SRV
6440228118331392,Regular,Approved,LR,false,samsung/a24ks/a24:17/CP2A.260605.016/A245NKSUBGZI4:user/release-keys,"KOO,SKC,KTC,LUC",Korea,d.khantwal@samsung.com,ga1.sec@samsung.com,"2026-09-23 14:50:59 KST","2026-09-29 12:36:33 KST","2026-09-29 12:34:03 KST","2026-09-29 12:36:33 KST","2026-09-24 12:48:17 KST",a24ks,2026-09-05,th.kim@samsung.com,HQ-Suwon,100.0,A245NKSUBGZI4,A245NKSUBGZI3,A245NOKRBGZI4,SM-A245N,PHONE,"2026-10-02 23:30:00 KST",false,FULL,Yes,MT6789V/CD,LD,SRI-N
5285472272384000,SKU,Approved,MR,false,samsung/b7sxeea/b7s:17/CP2A.260605.016/F766BXXUCCZIH_OXMCCZIH:user/release-keys,"EUX,EVR,CRO,MOB,AMO,MAX,COS,HTS,DO2,CNX,3IE,OMN,MOT,O2U,MEO,DRE,ATL,BOG,DTM,HUI,MET,H3G,FTM,TMZ,VGR,VD2,VOD,ORO,ORS,TPL,PRT,VDC,OPV,SIM,PLS,XEC,VDF,TIM,VDI,TMS,VIP,TCL,SWC,SFR,TMH","Portugal,Iceland,Greece,Austria,Sweden,Netherlands,Latvia,Luxembourg,Poland,Slovakia,Slovenia,Bulgaria,Lithuania,France,Croatia,Romania,Hungary,United Kingdom,Switzerland,Spain,Czech Republic,Norway,Finland,Denmark,Italy,Germany,Estonia,Ireland",ng.thanhtuan@samsung.com,gumi.ga1.sec@samsung.com,"2026-09-23 14:49:56 KST","2026-09-23 16:22:51 KST","2026-09-23 16:22:51 KST","2026-09-23 16:22:51 KST",,b7sxeea,2026-09-05,th.yu@samsung.com,HQ-Gumi,100.0,F766BXXUCCZIH,F766BXXUCCZIH,F766BOXMCCZIH,SM-F766B,PHONE,"2026-09-24 00:00:00 KST",false,VARIANT,No,s5e9955,,SRV
4697638620626944,Regular,Approved,MR,false,samsung/q6aqksx/q6aq:17/CP2A.260605.016/F958NKSU4EZIH:user/release-keys,KOO,Korea,priyanka.l@samsung.com,gumi.ga2.sec@samsung.com,"2026-09-23 14:41:52 KST","2026-09-23 16:01:28 KST","2026-09-23 15:37:47 KST","2026-09-23 16:01:12 KST",,q6aqksx,2026-09-05,jungyh@samsung.com,HQ-Gumi,100.0,F958NKSU4EZIH,F958NKSU4EZI4,F958NOKR4EZIH,SM-F958N,PHONE,"2026-09-24 00:00:00 KST",false,FULL,Yes,SM8650,,SRI-N
4987166996561920,SKU,Approved,MR,false,samsung/a57xnsxx/a57x:17/CP2A.260605.016/A576BXXU6BZIE_ODM6BZIE:user/release-keys,"BKD,SLK","Bangladesh,Sri Lanka",deeksha.s@samsung.com,srin-pregba@samsung.com,"2026-09-23 14:40:46 KST","2026-09-23 18:51:09 KST","2026-09-23 18:51:09 KST","2026-09-23 18:51:09 KST",,a57xnsxx,2026-09-05,neha.mittal@samsung.com,SRI-Noida,100.0,A576BXXU6BZIE,A576BXXU6BZIE,A576BODM6BZIE,SM-A576B,PHONE,"2026-09-23 22:30:00 KST",false,VARIANT,No,s5e8865,,SRI-N
5737832320860160,SMR,Approved,SMR,,samsung/e1qzcx/e1q:16/BP4A.251205.006/S9210ZCS6DZI1:user/release-keys,CHC,China,approval.se@samsung.com,ga.srcg@samsung.com,"2026-09-23 14:39:31 KST","2026-09-23 15:36:01 KST","2026-09-23 15:19:10 KST","2026-09-23 15:36:01 KST",,e1qzcx,2026-08-05,qixiang.wen@partner.samsung.com,SRC-Guangzhou,100.0,S9210ZCS6DZI1,S9210ZCS6DZI1,S9210CHC6DZI1,SM-S9210,PHONE,"2026-09-23 21:30:00 KST",false,,Yes,SM8650,,SRI-N
4690100583923712,SafetyNet,Approved,,,samsung/a16xmnsins/a16xm:17/CP2A.260605.016/A166PXXU9ZZIE:user/release-keys,,,,srin-pregba@samsung.com,"2026-09-23 14:22:02 KST","2026-09-23 14:22:15 KST",,"2026-09-23 14:22:15 KST",,a16xmnsins,2026-09-05,ankur.gautam@samsung.com,SRI-Noida,100.0,,,,SM-A166P,,,false,,No,MT6835V/TZ,,
6462636908871680,Regular,Approved,LR,false,samsung/a15ks/a15:17/CP2A.260605.016/A155NKSUBEZI2:user/release-keys,"LUC,KOO,SKC,KTC",Korea,bhawna.s1@samsung.com,ga1.sec@samsung.com,"2026-09-23 14:21:34 KST","2026-10-02 17:35:59 KST","2026-10-01 12:30:40 KST","2026-10-02 17:35:59 KST",,a15ks,2026-09-05,yong.k.park@samsung.com,HQ-Suwon,100.0,A155NKSUBEZI2,A155NKSUBEZI2,A155NOKRBEZI2,SM-A155N,PHONE,"2026-10-12 23:30:00 KST",false,FULL,Yes,MT6789V/CD,LD,SRI-N
5560618816110592,Widevine,Approved,,,samsung/xcover8sq/xcover8:17/CP2A.260605.016/G586USQU0AZI1_OYN0AZI1:user/release-keys,"VZW,ATT,TMB,TMK","United States",phan.hue@samsung.com,phan.hue@samsung.com,"2026-09-23 14:18:31 KST","2026-09-23 16:49:18 KST","2026-09-23 16:49:18 KST","2026-09-23 16:49:18 KST",,xcover8sq,2026-10-05,minjung.ma@samsung.com,SRV,100.0,,,,SM-G586U,PHONE,,false,,No,SM4875,,SRV
5789005916667904,Vendor,Approved,,false,samsung/a24ks/a24:16/BP2A.250605.031.A3/A245NKSUBGZI4:user/release-keys,,,d.khantwal@samsung.com,ga1.sec@samsung.com,"2026-09-23 14:10:42 KST","2026-09-29 16:00:04 KST","2026-09-24 12:46:20 KST","2026-09-29 16:00:04 KST",,a24ks,,th.kim@samsung.com,HQ-Suwon,100.0,A245NKSUBGZI4,,,SM-A245N,PHONE,"2026-09-23 23:00:00 KST",false,,No,MT6789V/CD,,SRI-N
5862485290909696,Vendor,Approved,,false,samsung/a15ks/a15:16/BP2A.250605.031.A3/A155NKSUBEZI2:user/release-keys,,,bhawna.s1@samsung.com,ga1.sec@samsung.com,"2026-09-23 14:02:29 KST","2026-10-03 00:00:04 KST","2026-10-01 12:20:24 KST","2026-10-03 00:00:04 KST",,a15ks,,yong.k.park@samsung.com,HQ-Suwon,100.0,A155NKSUBEZI2,,,SM-A155N,PHONE,"2026-09-23 23:00:00 KST",false,,No,MT6789V/CD,,SRI-N
4850065667784704,Regular,Approved,MR,false,samsung/pa1quew/pa1q:17/CP2A.260605.016/S931U1UEUCDZIF_OYMCDZIF:user/release-keys,"ATT,DSA,CHA,VZW,XAG,FKR,XAA,AIO,TFN,LRA,TMB,TMK,ATC,XAR,CCT,DSH,USC,DSG,ACG","United States",bhawna.s1@samsung.com,srin-pregba@samsung.com,"2026-09-23 13:52:12 KST","2026-09-23 20:35:23 KST","2026-09-23 17:06:40 KST","2026-09-23 20:35:23 KST",,pa1quew,2026-09-05,akash.gupta@samsung.com,SRI-Noida,100.0,S931U1UEUCDZIF,S931U1UEUCDZIF,S931U1OYMCDZIF,SM-S931U1,PHONE,,false,FULL,Yes,SM8750,,SRI-N
5974148736352256,Regular,Approved,MR,false,samsung/b6qxxx/b6q:17/CP2A.260605.016/F741BOPU4EZIH:user/release-keys,EUY,"Kosovo,Macedonia,Serbia,Bosnia and Herzegovina,Montenegro,Albania",ly.ltt@samsung.com,srv.gba@samsung.com,"2026-09-23 13:47:52 KST","2026-09-24 13:01:09 KST","2026-09-24 12:44:18 KST","2026-09-24 13:01:09 KST",,b6qxxx,2026-09-05,duy.th1@samsung.com,SRV,100.0,F741BOPU4EZIH,F741BXXU4EZIH,F741BOXO4EZIH,SM-F741B,PHONE,"2026-09-23 23:30:00 KST",false,FULL,Yes,SM8650,,SRV
5502720576585728,SMR,Approved,SMR,,samsung/b6qxtur/b6q:16/BP4A.251205.006/F741BXXS4DZI1:user/release-keys,TUR,Türkiye,approval.se@samsung.com,srv.gba@samsung.com,"2026-09-23 13:46:49 KST","2026-09-23 14:37:09 KST","2026-09-23 14:09:08 KST","2026-09-23 14:37:09 KST",,b6qxtur,2026-09-05,dung.ttt@samsung.com,SRV,100.0,F741BXXS4DZI1,F741BXXS4DZE1,F741BOXM4DZE1,SM-F741B,PHONE,"2026-09-23 21:00:00 KST",false,,Yes,SM8650,,SRV
4658295646453760,Regular,Approved,MR,false,samsung/e3qxxx/e3q:17/CP2A.260605.016/S928BXXU6EZIF:user/release-keys,EUY,"Kosovo,Ukraine,Macedonia,Serbia,Bosnia and Herzegovina,Montenegro,Albania",nam.dt1@samsung.com,gumi.ga2.sec@samsung.com,"2026-09-23 13:45:11 KST","2026-09-23 21:35:07 KST","2026-09-23 18:34:04 KST","2026-09-23 21:35:07 KST",,e3qxxx,2026-09-05,hyunah45.lee@samsung.com,HQ-Gumi,100.0,S928BXXU6EZIF,S928BXXU6EZIF,S928BOXM6EZIF,SM-S928B,PHONE,"2026-09-24 00:00:00 KST",false,FULL,Yes,SM8650,,SRV
5868595620085760,Regular,Approved,LR,false,samsung/gts11uins/gts11u:17/CP2A.260605.016/X936BXXU9CZI3_OXM9CZI3:user/release-keys,INS,India,r1.rawat@samsung.com,kamakshi.j@samsung.com,"2026-09-23 13:42:34 KST","2026-09-28 19:36:28 KST","2026-09-28 19:09:47 KST","2026-09-28 19:36:28 KST","2026-09-25 20:56:38 KST",gts11uins,2026-09-05,shikha.gupta@samsung.com,SRI-Noida,100.0,X936BXXU9CZI3,X936BXXU9CZI3,X936BOXM9CZI3,SM-X936B,TABLET,"2026-10-02 23:30:00 KST",false,VARIANT,Yes,MT6991,SP,SRI-N
5237093760761856,SMR,Approved,SMR,,samsung/xcover7prosq/xcover7pro:16/BP4A.251205.006/G766USQSACZI3_OYNACZI3:user/release-keys,"ATT,TMB,TMK,VZW","United States",approval.se@samsung.com,srin-pregba@samsung.com,"2026-09-23 13:42:18 KST","2026-09-23 19:37:14 KST","2026-09-23 14:19:07 KST","2026-09-23 19:37:14 KST",,xcover7prosq,2026-09-05,deepak.k1@samsung.com,SRI-Noida,100.0,G766USQSACZI3,G766USQSACZI3,G766UOYNACZI3,SM-G766U,PHONE,"2026-09-23 21:30:00 KST",false,,Yes,SM7635,,SRI-N
5682132500611072,Vendor,Submitted,,false,samsung/xcover7proxx/xcover7pro:14/UP1A.231005.007/G766BXXUABZI2_B2BF:user/release-keys,,,bich.hanh@samsung.com,srv.gba@samsung.com,"2026-09-23 13:42:18 KST","2026-09-23 14:06:18 KST",,,,xcover7proxx,,viet.tien@samsung.com,SRV,,G766BXXUABZI2_B2BF,,,SM-G766B,PHONE,"2026-09-23 22:30:00 KST",false,,No,SM7635,,SRV
5106021290999808,Regular,Approved,MR,true,samsung/a56xnaxx/a56x:17/CP2A.260605.016/A566BXXUEDZIE_OXMEDZIE:user/release-keys,EUY,"Ukraine,Macedonia,Serbia",huy.dn@samsung.com,suwonga2.sec@samsung.com,"2026-09-23 13:33:04 KST","2026-09-23 16:37:05 KST","2026-09-23 16:22:29 KST","2026-09-23 16:37:05 KST",,a56xnaxx,2026-09-05,kaeby@samsung.com,HQ-Suwon2,100.0,A566BXXUEDZIE,A566BXXUEDZIE,A566BOXMEDZIE,SM-A566B,PHONE,"2026-09-24 00:00:00 KST",false,FULL,Yes,s5e8855,,SRV
5803610885849088,Regular,Approved,MR,false,samsung/a56xnaeea/a56x:17/CP2A.260605.016/A566BXXUEDZIE_OXMEDZIE:user/release-keys,EUX,"Portugal,Iceland,Greece,Netherlands,Sweden,Austria,Latvia,Luxembourg,Poland,Slovakia,Slovenia,Bulgaria,France,Lithuania,Croatia,Romania,Hungary,United Kingdom,Switzerland,Spain,Czech Republic,Belgium,Norway,Finland,Denmark,Italy,Germany,Estonia",yen.dt@samsung.com,suwonga2.sec@samsung.com,"2026-09-23 13:32:48 KST","2026-09-23 16:35:17 KST","2026-09-23 16:22:47 KST","2026-09-23 16:35:17 KST",,a56xnaeea,2026-09-05,kaeby@samsung.com,HQ-Suwon2,100.0,A566BXXUEDZIE,A566BXXUEDZIE,A566BOXMEDZIE,SM-A566B,PHONE,"2026-09-24 00:00:00 KST",false,VARIANT,Yes,s5e8855,,SRV
4731500142788608,SMR,Approved,SMR,,samsung/m47xqdxx/m47xq:16/BP4A.251205.006/E476BXXS3AZH3_ODM3AZH3:user/release-keys,"NPB,SLI","Nepal,Sri Lanka",approval.se@samsung.com,srin-pregba@samsung.com,"2026-09-23 13:17:31 KST","2026-09-23 14:00:52 KST","2026-09-23 13:39:12 KST","2026-09-23 14:00:12 KST",,m47xqdxx,2026-08-05,tarun.lohia@samsung.com,SRI-Noida,100.0,E476BXXS3AZH3,E476BXXS3AZH3,E476BODM3AZH3,SM-E476B,PHONE,"2026-09-23 19:30:00 KST",false,,Yes,SM6475,,SRI-N
5435187584565248,Regular,Approved,MR,false,samsung/e1sxins/e1s:17/CP2A.260605.016/S921BXXUHEZIF:user/release-keys,INS,India,a2.rajput@samsung.com,srin-pregba@samsung.com,"2026-09-23 13:15:19 KST","2026-10-02 01:35:56 KST","2026-09-28 12:03:42 KST","2026-10-02 01:35:56 KST",,e1sxins,2026-09-05,gurmeet.c@samsung.com,SRI-Noida,100.0,S921BXXUHEZIF,S921BXXUHEZIF,S921BOXMHEZIF,SM-S921B,PHONE,,false,VARIANT,Yes,S5E9945,,SRI-N
5103516955967488,Regular,Approved,MR,false,samsung/r13ssqw/r13s:17/CP2A.260605.016/S731USQU9CZIF_OYN9CZIF:user/release-keys,"SPT,TMK,CHA,TMB,DSA,VZW,XMT,AIO,USC,CCT,DSH,DSG,XAA,ATT","United States",ruchi.joshi@samsung.com,srin-pregba@samsung.com,"2026-09-23 13:14:43 KST","2026-09-23 17:35:51 KST","2026-09-23 17:22:15 KST","2026-09-23 17:35:51 KST",,r13ssqw,2026-09-05,awadhesh.k@samsung.com,SRI-Noida,100.0,S731USQU9CZIF,S731USQU9CZIF,S731UOYN9CZIF,SM-S731U,PHONE,"2026-09-23 22:30:00 KST",false,FULL,Yes,s5e9945,,SRI-N
5496388117069824,Regular,Approved,MR,false,samsung/e2sxins/e2s:17/CP2A.260605.016/S926BXXUHEZIF:user/release-keys,INS,India,bhawna.s1@samsung.com,srin-pregba@samsung.com,"2026-09-23 13:13:45 KST","2026-10-02 01:36:45 KST","2026-09-23 19:34:18 KST","2026-10-02 01:36:45 KST",,e2sxins,2026-09-05,gurmeet.c@samsung.com,SRI-Noida,100.0,S926BXXUHEZIF,S926BXXUHEZIF,S926BOXMHEZIF,SM-S926B,PHONE,"2026-09-23 22:00:00 KST",false,VARIANT,Yes,S5E9945,,SRI-N
5560913793122304,SMR,On_Hold,SMR,,samsung/r11sxxx/r11s:16/BP4A.251205.006/S711BXXSJGZI6:user/release-keys,"CAU,EUY,MBM,MSR,SEK,SKZ,TOP","Armenia,Azerbaijan,Georgia,Serbia,Macedonia,Ukraine,Moldova,Mongolia,Uzbekistan,Kazakhstan,Turkmenistan,Kyrgyzstan,Tajikistan",khanh.toan@samsung.com,srv.gba@samsung.com,"2026-09-23 13:12:22 KST","2026-09-23 15:01:45 KST","2026-09-23 15:01:45 KST",,,r11sxxx,2026-10-05,tiendung.h@samsung.com,SRV,100.0,S711BXXSJGZI6,S711BXXSJGZI6,S711BOXMJGZI6,SM-S711B,PHONE,"2026-09-23 19:00:00 KST",false,,No,s5e9925,,SRV
4792700675293184,SMR,On_Hold,SMR,,samsung/r11sxxx/r11s:16/BP4A.251205.006/S711BXXSJGZI6:user/release-keys,"ACR,AFG,AFR,DKR,ECT,EGY,FWD,ILO,ILP,KSA,LYS,MID,MWD,PKD,TUN,XFA,XFE,XFV,XSG","Ghana,Afghanistan,United Arab Emirates,Senegal,Nigeria,Egypt,Morocco,Israel,Saudi Arabia,Libya,Iraq,Pakistan,Tunisia,South Africa",hoai.nt4@samsung.com,srv.gba@samsung.com,"2026-09-23 13:11:07 KST","2026-09-23 14:50:42 KST","2026-09-23 14:50:42 KST",,,r11sxxx,2026-10-05,tiendung.h@samsung.com,SRV,100.0,S711BXXSJGZI6,S711BXXSJGZI6,S711BOJMJGZI6,SM-S711B,PHONE,"2026-09-23 19:00:00 KST",false,,No,s5e9925,,SRV
6196736825753600,SMR,On_Hold,SMR,,samsung/r11sxxx/r11s:16/BP4A.251205.006/S711BXXSJGZI6:user/release-keys,"GLB,MM1,MYM,OPS,SIN,STH,TEL,THL,VAU,XME,XNZ,XSA,XSP,XTC,XXV","Philippines,Singapore,Myanmar,Australia,Thailand,Laos,Malaysia,New Zealand,Vietnam",ducmanh.ng1@samsung.com,srv.gba@samsung.com,"2026-09-23 13:10:39 KST","2026-09-24 10:32:01 KST","2026-09-24 10:32:01 KST",,,r11sxxx,2026-10-05,tiendung.h@samsung.com,SRV,100.0,S711BXXSJGZI6,S711BXXSJGZI6,S711BOLMJGZI6,SM-S711B,PHONE,"2026-09-23 19:00:00 KST",false,,No,s5e9925,,SRV
6170680936890368,SMR,Approved,SMR,,samsung/h8qzhx/h8q:17/CP2A.260605.016/F9710ZSS3AZIH_OZS3AZIH:user/release-keys,"BRI,TGY","Taiwan,Hong Kong",approval.se@samsung.com,suwonga2.sec@samsung.com,"2026-09-23 13:08:24 KST","2026-09-24 14:42:58 KST","2026-09-24 14:09:46 KST","2026-09-24 14:42:58 KST",,h8qzhx,2026-10-05,sookk@samsung.com,HQ-Suwon2,100.0,F9710ZSS3AZIH,F9710ZCU3AZI1,F9710OZS3AZIH,SM-F9710,PHONE,"2026-09-23 19:30:00 KST",false,,Yes,SM8850,,SRI-N
5393606596886528,Vendor,Approved,,false,samsung/a56xnaxx/a56x:15/AP3A.240905.015.A2/A566BXXUEDZIE:user/release-keys,,,huy.dn@samsung.com,suwonga2.sec@samsung.com,"2026-09-23 13:08:18 KST","2026-09-24 00:00:03 KST","2026-09-23 16:20:28 KST","2026-09-24 00:00:03 KST",,a56xnaxx,,kaeby@samsung.com,HQ-Suwon2,100.0,A566BXXUEDZIE,,,SM-A566B,PHONE,"2026-09-23 21:00:00 KST",false,,No,s5e8855,,SRV
5627189802565632,NormalException,Approved,MR,false,samsung/r12sxeea/r12s:17/CP2A.260605.016/S721BXXUEEZIF:user/release-keys,"ATL,BOG,EUX,EVR,MEO,MET,MOB,MOT,PLS,PRT,SFR,SIM,SWC,TIM,VIP","Spain,France,Romania,Hungary,United Kingdom,Portugal,Switzerland,Greece,Sweden,Czech Republic,Netherlands,Latvia,Austria,Belgium,Poland,Italy,Slovakia,Bulgaria,Germany,Croatia,Ireland,Slovenia",vuong.hue@samsung.com,srv.gba@samsung.com,"2026-09-23 13:07:11 KST","2026-09-23 18:05:44 KST","2026-09-23 18:05:44 KST","2026-09-23 18:05:44 KST",,r12sxeea,2026-09-05,huy.tb@samsung.com,SRV,100.0,S721BXXUEEZIF,S721BXXUEEZIF,S721BOXMEEZIF,SM-S721B,PHONE,"2026-09-23 21:30:00 KST",false,VARIANT,No,s5e9945,,SRV
6581726486986752,Regular,Approved,MR,false,samsung/psqsqw/psq:17/CP2A.260605.016/S937USQU9DZIF_OYN9DZIF:user/release-keys,"USC,TMB,ATT,CCT,XAA,SPT,XMT,VZW,CHA,TMK","United States",a2.rajput@samsung.com,meenakshi.b@samsung.com,"2026-09-23 12:59:08 KST","2026-09-23 23:01:49 KST","2026-09-23 20:36:09 KST","2026-09-23 23:01:49 KST",,psqsqw,2026-09-05,sunil.y@samsung.com,SRI-Noida,100.0,S937USQU9DZIF,S937USQU9DZIF,S937UOYN9DZIF,SM-S937U,PHONE,,false,FULL,Yes,SM8750,,SRI-N
4907450658717696,SMR,Approved,SMR,,samsung/q8qxxx/q8q:17/CP2A.260605.016/F976BXXS3AZIH_OXM3AZIH:user/release-keys,"EUY,ACR,AFR,CAC,CAU,DKR,ECT,GLB,ILO,ILP,KSA,MM1,OPS,SEK,SIN,STH,TEL,THL,VAU,XFA,XFV,XME,XNZ,XSA,XSG,XSP,XTC,XXV","Kosovo,Macedonia,Serbia,Bosnia and Herzegovina,Montenegro,Albania,Ghana,Gabon,Senegal,Tanzania,Uganda,Democratic Republic of the Congo,Kenya,Mongolia,Turkmenistan,Kyrgyzstan,Tajikistan,Armenia,Azerbaijan,Georgia,Nigeria,Philippines,Israel,Saudi Arabia,Singapore,Australia,Ukraine,Myanmar,Cambodia,Thailand,Laos,South Africa,Malaysia,New Zealand,United Arab Emirates,Vietnam",approval.se@samsung.com,gumi.ga0.sec@samsung.com,"2026-09-23 12:58:56 KST","2026-09-24 14:07:31 KST","2026-09-24 13:46:55 KST","2026-09-24 14:07:31 KST",,q8qxxx,2026-10-05,sue46.yang@samsung.com,HQ-Gumi,100.0,F976BXXS3AZIH,F976BXXU3AZI5,F976BOXM3AZIH,SM-F976B,PHONE,"2026-09-23 19:30:00 KST",false,,Yes,SM8850,,SRV
6064766909153280,Vendor,Approved,,false,samsung/q5qxxx/q5q:13/TP1A.220624.014/F946BTBU7HZIH:user/release-keys,,,oanh.lt@samsung.com,srv.gba@samsung.com,"2026-09-23 12:57:09 KST","2026-09-25 00:00:04 KST","2026-09-24 18:16:09 KST","2026-09-25 00:00:04 KST",,q5qxxx,,dat.tien@samsung.com,SRV,100.0,F946BTBU7HZIH,,,SM-F946B,PHONE,"2026-09-23 20:30:00 KST",false,,No,SM8550,,SRV
6401245988519936,SMR,Cancelled,SMR,,samsung/h8qxxx/h8q:17/CP2A.260605.016/F971BXXS3AZIH_OXM3AZIH:user/release-keys,"EUY,ACR,AFR,CAC,CAU,DKR,ECT,GLB,ILO,ILP,KSA,MM1,OPS,SEK,SIN,STH,TEL,THL,VAU,XFA,XFV,XME,XNZ,XSA,XSG,XSP,XTC,XXV","Kosovo,Macedonia,Serbia,Bosnia and Herzegovina,Montenegro,Albania,Ghana,Gabon,Senegal,Tanzania,Uganda,Democratic Republic of the Congo,Kenya,Mongolia,Turkmenistan,Kyrgyzstan,Tajikistan,Armenia,Azerbaijan,Georgia,Nigeria,Philippines,Israel,Saudi Arabia,Singapore,Australia,Ukraine,Myanmar,Cambodia,Thailand,Laos,South Africa,Malaysia,New Zealand,United Arab Emirates,Vietnam",approval.se@samsung.com,gumi.ga0.sec@samsung.com,"2026-09-23 12:41:26 KST","2026-09-23 15:42:34 KST","2026-09-23 13:18:44 KST",,,h8qxxx,2026-10-05,sue46.yang@samsung.com,HQ-Gumi,100.0,F971BXXS3AZIH,F971BXXU3AZI5,F971BOXM3AZIH,SM-F971B,PHONE,"2026-09-23 19:30:00 KST",false,,No,SM8850,,SRV
6296830132617216,Regular,Approved,MR,true,samsung/q6quew/q6q:17/CP2A.260605.016/F956U1UEU4EZIH:user/release-keys,"ATT,USC,ACG,AIO,TMB,XAR,FKR,ATC,VZW,DSA,TMK,CCT,DSH,DSG,XAA,LRA,CHA,TFN,XAG","United States",d.khantwal@samsung.com,ga1.sec@samsung.com,"2026-09-23 12:30:05 KST","2026-09-23 20:36:35 KST","2026-09-23 20:20:10 KST","2026-09-23 20:36:35 KST",,q6quew,2026-09-05,cmoh@samsung.com,HQ-Suwon,100.0,F956U1UEU4EZIH,F956U1UEU4EZIH,F956U1OYM4EZIH,SM-F956U1,PHONE,"2026-09-23 22:30:00 KST",false,FULL,Yes,SM8650,,SRI-N
4630829498368000,SMR,Approved,SMR,,samsung/e3qzcx/e3q:16/BP4A.251205.006/S9280ZCS6DZI1:user/release-keys,CHC,China,approval.se@samsung.com,ga.srcg@samsung.com,"2026-09-23 12:19:39 KST","2026-09-23 18:36:34 KST","2026-09-23 13:19:09 KST","2026-09-23 18:36:34 KST",,e3qzcx,2026-08-05,qixiang.wen@partner.samsung.com,SRC-Guangzhou,100.0,S9280ZCS6DZI1,S9280ZCS6DZI1,S9280CHC6DZI1,SM-S9280,PHONE,"2026-09-23 19:30:00 KST",false,,Yes,SM8650,,SRI-N
5111832012652544,SKU,Approved,MR,false,samsung/a17eea/a17:17/CP2A.260605.016/A175FXXU7DZI6_OXM7DZI6:user/release-keys,"AMO,ATL,BOG,COS,DRE,EUX,EVR,FTM,HUI,MEO,MET,MOT,O2U,OMN,OPV,ORO,ORS,PLS,SFR,SIM,TCL,TIM,VDC,VDI,VGR,VIP,VOD","Spain,France,Greece,Austria,Romania,Hungary,United Kingdom,Portugal,Switzerland,Netherlands,Sweden,Czech Republic,Latvia,Belgium,Ireland,Poland,Italy,Slovakia,Bulgaria,Germany,Croatia,Slovenia",tu.nv1@samsung.com,srv.gba@samsung.com,"2026-09-23 12:09:50 KST","2026-09-23 17:25:55 KST","2026-09-23 17:25:55 KST","2026-09-23 17:25:55 KST",,a17eea,2026-09-05,the.toan@samsung.com,SRV,100.0,A175FXXU7DZI6,A175FXXU7DZI6,A175FOXM7DZI6,SM-A175F,PHONE,"2026-09-23 21:30:00 KST",false,VARIANT,No,MT6789V/CD,,SRV
5545411679092736,Regular,Approved,MR,false,samsung/e1sxser/e1s:17/CP2A.260605.016/S921BXXUHEZIF:user/release-keys,SER,Russia,oanh.lt@samsung.com,srv.gba@samsung.com,"2026-09-23 12:08:59 KST","2026-09-28 15:01:29 KST","2026-09-28 12:03:59 KST","2026-09-28 15:01:29 KST",,e1sxser,2026-09-05,huy.tb@samsung.com,SRV,100.0,S921BXXUHEZIF,S921BXXUHEZIF,S921BOXMHEZIF,SM-S921B,PHONE,"2026-09-23 21:30:00 KST",false,VARIANT,Yes,S5E9945,,SRV
6670805668986880,Regular,Approved,MR,false,samsung/e1sxtur/e1s:17/CP2A.260605.016/S921BXXUHEZIF:user/release-keys,TUR,Türkiye,thuynga.dt@samsung.com,srv.gba@samsung.com,"2026-09-23 12:08:44 KST","2026-09-28 12:36:54 KST","2026-09-28 12:04:35 KST","2026-09-28 12:36:54 KST",,e1sxtur,2026-09-05,huy.tb@samsung.com,SRV,100.0,S921BXXUHEZIF,S921BXXUHEZIF,S921BOXMHEZIF,SM-S921B,PHONE,"2026-09-23 21:30:00 KST",false,VARIANT,Yes,S5E9945,,SRV
6277964253888512,Regular,Approved,MR,false,samsung/e1sxeea/e1s:17/CP2A.260605.016/S921BXXUHEZIF:user/release-keys,EUX,"Portugal,Iceland,Greece,Austria,Latvia,Netherlands,Sweden,Luxembourg,Poland,Slovakia,Slovenia,Bulgaria,France,Lithuania,Croatia,Romania,Hungary,United Kingdom,Switzerland,Spain,Czech Republic,Belgium,Norway,Finland,Denmark,Italy,Germany,Estonia",ng.thanhtuan@samsung.com,srv.gba@samsung.com,"2026-09-23 12:08:31 KST","2026-09-28 15:00:54 KST","2026-09-28 12:04:17 KST","2026-09-28 15:00:54 KST",,e1sxeea,2026-09-05,huy.tb@samsung.com,SRV,100.0,S921BXXUHEZIF,S921BXXUHEZIF,S921BOXMHEZIF,SM-S921B,PHONE,"2026-09-23 21:30:00 KST",false,VARIANT,Yes,S5E9945,,SRV
6559693103431680,Widevine,Cancelled,,,samsung/xcover8sq/xcover8:17/CP2A.260605.016/G586USQU0AZI1_OYN0AZI1:user/release-keys,"VZW,ATT,TMB,TMK","United States",phan.hue@samsung.com,ga1.sec@samsung.com,"2026-09-23 12:07:59 KST","2026-09-23 12:47:41 KST",,,,xcover8sq,2026-10-05,minjung.ma@samsung.com,HQ-Suwon,100.0,,,,SM-G586U,PHONE,,false,,No,SM4875,,SRV
5551066808844288,SafetyNet,Approved,,,samsung/dm3qksx/dm3q:17/CP2A.260605.016/S918NKSU8ZZI9:user/release-keys,,,,gumi.ga0.sec@samsung.com,"2026-09-23 12:05:33 KST","2026-09-23 12:05:50 KST",,"2026-09-23 12:05:50 KST",,dm3qksx,2026-09-05,gumi.ga0.sec@samsung.com,HQ-Gumi,100.0,,,,SM-S918N,,,false,,No,SM8550,,
6506799104786432,SafetyNet,Approved,,,samsung/dm2qksx/dm2q:17/CP2A.260605.016/S916NKSU8ZZI9:user/release-keys,,,,gumi.ga0.sec@samsung.com,"2026-09-23 12:04:54 KST","2026-09-23 12:05:25 KST",,"2026-09-23 12:05:25 KST",,dm2qksx,2026-09-05,gumi.ga0.sec@samsung.com,HQ-Gumi,100.0,,,,SM-S916N,,,false,,No,SM8550,,
5346485571158016,SafetyNet,Approved,,,samsung/dm1qksx/dm1q:17/CP2A.260605.016/S911NKSU8ZZI9:user/release-keys,,,,gumi.ga0.sec@samsung.com,"2026-09-23 12:04:52 KST","2026-09-23 12:05:09 KST",,"2026-09-23 12:05:09 KST",,dm1qksx,2026-09-05,gumi.ga0.sec@samsung.com,HQ-Gumi,100.0,,,,SM-S911N,,,false,,No,SM8550,,
5755974262718464,NormalException,Approved,MR,false,samsung/q6qxxx/q6q:17/CP2A.260605.016/F956BXXU4EZIH:user/release-keys,"BNG,NPB,SLK","Bangladesh,Nepal,Sri Lanka",d2.kumar@samsung.com,srin-pregba@samsung.com,"2026-09-23 12:01:07 KST","2026-09-23 14:29:45 KST","2026-09-23 14:29:45 KST","2026-09-23 14:29:45 KST",,q6qxxx,2026-09-05,mailtolim@samsung.com,SRI-Noida,100.0,F956BXXU4EZIH,F956BXXU4EZIH,F956BOXM4EZIH,SM-F956B,PHONE,"2026-09-23 20:30:00 KST",false,FULL,No,SM8650,,SRI-N
5545274240139264,Regular,Approved,MR,false,samsung/e1sxxx/e1s:17/CP2A.260605.016/S921BXXUHEZIF:user/release-keys,EUY,"Kosovo,Ukraine,Macedonia,Serbia,Bosnia and Herzegovina,Montenegro,Albania",ducmanh.ng1@samsung.com,yc25.bang@samsung.com,"2026-09-23 11:58:09 KST","2026-09-28 12:35:21 KST","2026-09-28 12:03:24 KST","2026-09-28 12:35:21 KST",,e1sxxx,2026-09-05,eunmi.cheon@samsung.com,HQ-Gumi,100.0,S921BXXUHEZIF,S921BXXUHEZIF,S921BOXMHEZIF,SM-S921B,PHONE,"2026-09-23 22:00:00 KST",false,FULL,Yes,S5E9945,,SRV
4607016689729536,SKU,Approved,MR,false,samsung/b7sxxx/b7s:17/CP2A.260605.016/F766BXXUCCZIH_OXMCCZIH:user/release-keys,"EUY,ACR,CAC,CAU,ECT,MID,MBM,DKR,ILP,ILO,AFR,XNZ,STH,XTC,XSA,XFV,VAU,XSG,MM1,XME,XFA,OPS,TOP,XSP,XXV,SEK,THL,SIN,TEL,GLB,KSA,MSR","Kosovo,Macedonia,Serbia,Bosnia and Herzegovina,Montenegro,Albania,Ghana,Mongolia,Turkmenistan,Kyrgyzstan,Tajikistan,Armenia,Azerbaijan,Georgia,Nigeria,Iraq,Senegal,Israel,Gabon,Tanzania,Uganda,Democratic Republic of the Congo,Kenya,New Zealand,Singapore,Philippines,Australia,South Africa,United Arab Emirates,Malaysia,Vietnam,Ukraine,Myanmar,Cambodia,Thailand,Laos,Saudi Arabia",hoai.nt4@samsung.com,gumi.ga2.sec@samsung.com,"2026-09-23 11:49:10 KST","2026-09-23 15:15:21 KST","2026-09-23 15:15:21 KST","2026-09-23 15:15:21 KST",,b7sxxx,2026-09-05,th.yu@samsung.com,HQ-Gumi,100.0,F766BXXUCCZIH,F766BXXUCCZIH,F766BOXMCCZIH,SM-F766B,PHONE,"2026-09-23 22:00:00 KST",false,VARIANT,No,s5e9945,,SRV
5983084013158400,NormalException,Approved,MR,false,samsung/r12sxxx/r12s:17/CP2A.260605.016/S721BXXUEEZIF:user/release-keys,CAC,"Mongolia,Uzbekistan,Turkmenistan,Kyrgyzstan,Tajikistan",ly.ltt@samsung.com,srv.gba@samsung.com,"2026-09-23 11:48:42 KST","2026-09-23 13:13:56 KST","2026-09-23 13:13:56 KST","2026-09-23 13:13:56 KST",,r12sxxx,2026-09-05,huy.tb@samsung.com,SRV,100.0,S721BXXUEEZIF,S721BXXUEEZIF,S721BOXEEEZIF,SM-S721B,PHONE,"2026-09-23 20:00:00 KST",false,FULL,No,s5e9945,,SRV
6439736143249408,Regular,Approved,MR,false,samsung/q5qxxx/q5q:17/CP2A.260605.016/F946BXXU7HZIH:user/release-keys,EUY,"Kosovo,Macedonia,Serbia,Bosnia and Herzegovina,Montenegro,Albania",huy.dn@samsung.com,gumi.ga1.sec@samsung.com,"2026-09-23 11:37:59 KST","2026-09-23 15:01:15 KST","2026-09-23 13:08:51 KST","2026-09-23 15:01:15 KST",,q5qxxx,2026-09-05,ccy2k@samsung.com,HQ-Gumi,100.0,F946BXXU7HZIH,F946BXXU7HZIH,F946BOXM7HZIH,SM-F946B,PHONE,"2026-09-23 22:00:00 KST",false,FULL,Yes,SM8550,,SRV
6407115799527424,SMR,Approved,SMR,,samsung/e2qzcx/e2q:16/BP4A.251205.006/S9260ZCS6DZI1:user/release-keys,CHC,China,approval.se@samsung.com,ga.srcg@samsung.com,"2026-09-23 11:33:48 KST","2026-09-23 18:36:13 KST","2026-09-23 12:19:02 KST","2026-09-23 18:36:13 KST",,e2qzcx,2026-08-05,qixiang.wen@partner.samsung.com,SRC-Guangzhou,100.0,S9260ZCS6DZI1,S9260ZCS6DZI1,S9260CHC6DZI1,SM-S9260,PHONE,"2026-09-23 19:30:00 KST",false,,Yes,SM8650,,SRI-N
5068451551117312,SKU,Approved,MR,false,samsung/pa1qxeea/pa1q:17/CP2A.260605.016/S931BXXUCDZIF_OXMCDZIF:user/release-keys,"AMO,VD2,MAX,EUX,CNX,ORO,TMH,OMN,O2U,OPV,SIM,VDF,ATL,TIM,VDI,BOG,VIP,TCL,HUI,MET,SFR,SWC,VGR,EVR,TMZ,CRO,MOB,COS,HTS,DO2,VOD,3IE,TPL,ORS,PRT,MOT,VDC,DRE,PLS,MEO,XEC,TMS,DTM,H3G,FTM","Spain,Germany,Austria,Portugal,Iceland,Greece,Latvia,Netherlands,Sweden,Luxembourg,Poland,Slovakia,Slovenia,Bulgaria,France,Lithuania,Croatia,Romania,Hungary,United Kingdom,Switzerland,Czech Republic,Belgium,Norway,Finland,Denmark,Italy,Estonia,Ireland",yen.dt@samsung.com,srv.gba@samsung.com,"2026-09-23 11:33:47 KST","2026-09-23 13:24:15 KST","2026-09-23 13:24:15 KST","2026-09-23 13:24:15 KST",,pa1qxeea,2026-09-05,yen.nh3@samsung.com,SRV,100.0,S931BXXUCDZIF,S931BXXUCDZIF,S931BOXMCDZIF,SM-S931B,PHONE,"2026-09-23 21:30:00 KST",false,VARIANT,No,SM8750,,SRV
5777356690292736,NormalException,Approved,MR,false,samsung/r12sxxx/r12s:17/CP2A.260605.016/S721BXXUEEZIF:user/release-keys,"EUY,MBM,MSR,TOP","Ukraine,Serbia,Macedonia",vuong.hue@samsung.com,srv.gba@samsung.com,"2026-09-23 11:27:52 KST","2026-09-23 11:56:03 KST","2026-09-23 11:56:03 KST","2026-09-23 11:56:03 KST",,r12sxxx,2026-09-05,huy.tb@samsung.com,SRV,100.0,S721BXXUEEZIF,S721BXXUEEZIF,S721BOXMEEZIF,SM-S721B,PHONE,,false,FULL,No,s5e9945,,SRV
5634661971918848,SMR,Approved,SMR,,samsung/e2sxxx/e2s:16/BP4A.251205.006/S926BXXSHDZI1:user/release-keys,"ACR,AFG,AFR,CAU,DKR,ECT,EGY,EUY,FWD,GLB,ILO,ILP,KSA,LYS,MBM,MID,MM1,MSR,MWD,OPS,PAK,PKD,SIN,SKZ,STH,TEL,THL,TOP,TUN,VAU,XFA,XFE,XFV,XME,XNZ,XSA,XSG,XSP,XTC,XXV","Ghana,Afghanistan,Gabon,Senegal,Tanzania,Uganda,Democratic Republic of the Congo,Kenya,Armenia,Azerbaijan,Georgia,Nigeria,Egypt,Kosovo,Ukraine,Macedonia,Serbia,Bosnia and Herzegovina,Montenegro,Albania,Morocco,Philippines,Israel,Saudi Arabia,Libya,Iraq,Singapore,Australia,Pakistan,Kazakhstan,Myanmar,Cambodia,Thailand,Laos,Tunisia,South Africa,Malaysia,New Zealand,United Arab Emirates,Vietnam",nam.dt1@samsung.com,thuong.nv1@samsung.com,"2026-09-23 11:14:30 KST","2026-09-23 16:01:29 KST","2026-09-23 15:45:48 KST","2026-09-23 16:01:29 KST",,e2sxxx,2026-09-05,phan.ttrang@samsung.com,SRV,100.0,S926BXXSHDZI1,S926BXXSHDZI1,S926BOXMHDZI1,SM-S926B,PHONE,"2026-09-23 19:00:00 KST",false,,Yes,S5E9945,,SRV
5358122617274368,NormalException,Approved,MR,false,samsung/r12sxeea/r12s:17/CP2A.260605.016/S721BXXUEEZIF:user/release-keys,"VGR,TMZ,CRO,MAX,VD2,DO2,HTS,CNX,ORO,3IE,ORS,TPL,VDC,OPV,VDF,VDI,HUI,AMO,COS,VOD,TMH,OMN,O2U,DRE,XEC,TMS,DTM,TCL,H3G,FTM","Greece,Czech Republic,Slovenia,Croatia,Austria,Germany,Sweden,Romania,Ireland,United Kingdom,Slovakia,Poland,Netherlands,Italy,Spain,Hungary,Portugal,France",oanh.lt@samsung.com,srv.gba@samsung.com,"2026-09-23 11:08:44 KST","2026-09-23 20:13:08 KST","2026-09-23 20:13:08 KST","2026-09-23 20:13:08 KST",,r12sxeea,2026-09-05,huy.tb@samsung.com,SRV,100.0,S721BXXUEEZIF,S721BXXUEEZIF,S721BOXMEEZIF,SM-S721B,PHONE,"2026-09-23 21:30:00 KST",false,VARIANT,No,s5e9945,,SRV
4959480932728832,SMR,Approved,SMR,,samsung/e2sxeea/e2s:16/BP4A.251205.006/S926BXXSHDZI1:user/release-keys,"3IE,AMO,ATL,BOG,CNX,COS,CRO,DO2,DRE,DTM,EUX,EVR,FTM,H3G,HTS,HUI,MAX,MEO,MET,MOB,MOT,O2C,O2U,OMN,OPV,ORO,ORS,PLS,PRT,SFR,SIM,SWC,TCL,TIM,TMH,TMS,TMZ,TNL,TPL,VD2,VDC,VDF,VDI,VGR,VIP,VOD,XEC","Ireland,United Kingdom,Spain,France,Romania,Greece,Slovenia,Croatia,Germany,Austria,Portugal,Iceland,Latvia,Netherlands,Sweden,Luxembourg,Poland,Slovakia,Bulgaria,Lithuania,Hungary,Switzerland,Czech Republic,Belgium,Norway,Finland,Denmark,Italy,Estonia",khanh.toan@samsung.com,thuong.nv1@samsung.com,"2026-09-23 11:06:26 KST","2026-09-23 15:01:26 KST","2026-09-23 14:54:19 KST","2026-09-23 15:01:26 KST",,e2sxeea,2026-09-05,phan.ttrang@samsung.com,SRV,100.0,S926BXXSHDZI1,S926BXXSHDZI1,S926BOXMHDZI1,SM-S926B,PHONE,"2026-09-23 19:00:00 KST",false,,Yes,S5E9945,,SRV
6482288061972480,SKU,Approved,MR,false,samsung/a57xnaxx/a57x:17/CP2A.260605.016/A576BXXU6BZIE_OXM6BZIE:user/release-keys,"EUY,MBM","Ukraine,Macedonia,Serbia",thuynga.dt@samsung.com,srv.gba@samsung.com,"2026-09-23 11:00:23 KST","2026-09-23 12:45:15 KST","2026-09-23 12:45:15 KST","2026-09-23 12:45:15 KST",,a57xnaxx,2026-09-05,jaywon.chey@samsung.com,SRV,100.0,A576BXXU6BZIE,A576BXXU6BZIE,A576BOXM6BZIE,SM-A576B,PHONE,"2026-09-23 20:00:00 KST",false,VARIANT,No,s5e8865,,SRV
4768784384786432,SKU,Approved,MR,false,samsung/a17xx/a17:17/CP2A.260605.016/A175FXXU7DZI6_OXM7DZI6:user/release-keys,"EUY,MBM,MSR,TOP","Ukraine,Macedonia,Serbia",ng.thanhtuan@samsung.com,srv.gba@samsung.com,"2026-09-23 10:55:13 KST","2026-09-23 12:33:49 KST","2026-09-23 12:33:49 KST","2026-09-23 12:33:49 KST",,a17xx,2026-09-05,the.toan@samsung.com,SRV,100.0,A175FXXU7DZI6,A175FXXU7DZI6,A175FOXM7DZI6,SM-A175F,PHONE,"2026-09-23 20:00:00 KST",false,VARIANT,No,MT6789V/CD,,SRV
5676708024025088,Vendor,Approved,,false,samsung/b6qxxx/b6q:14/UP1A.231005.007/F741BXXU4EZIH:user/release-keys,,,oanh.lt@samsung.com,gumi.ga2.sec@samsung.com,"2026-09-23 10:53:39 KST","2026-09-24 16:00:04 KST","2026-09-24 11:10:35 KST","2026-09-24 16:00:04 KST",,b6qxxx,,yhkim90@samsung.com,HQ-Gumi,100.0,F741BXXU4EZIH,,,SM-F741B,PHONE,"2026-09-23 21:00:00 KST",false,,No,SM8650,,SRV
5979453088071680,Widevine,Cancelled,,,samsung/xcoverfrwifieea/xcoverfrwifi:16/BP2A.250605.031.A3/G771FXXU0AZI1_OXM0AZI1:user/release-keys,EUX,Germany,phan.hue@samsung.com,ga1.sec@samsung.com,"2026-09-23 10:44:31 KST","2026-09-23 11:26:27 KST",,,,xcoverfrwifieea,2026-10-05,minjung.ma@samsung.com,HQ-Suwon,100.0,,,,SM-G771F,PHONE,,false,,No,QCM6690,,SRV
5399285583839232,SMR,Approved,SMR,,samsung/e2sxtur/e2s:16/BP4A.251205.006/S926BXXSHDZI1:user/release-keys,TUR,Türkiye,tu.nv1@samsung.com,thuong.nv1@samsung.com,"2026-09-23 10:44:09 KST","2026-09-23 12:36:24 KST","2026-09-23 12:11:30 KST","2026-09-23 12:36:24 KST",,e2sxtur,2026-09-05,phan.ttrang@samsung.com,SRV,100.0,S926BXXSHDZI1,S926BXXSHDZI1,S926BOXMHDZI1,SM-S926B,PHONE,"2026-09-23 19:00:00 KST",false,,Yes,S5E9945,,SRV
5842207341019136,NormalException,Approved,MR,false,samsung/r12sxxx/r12s:17/CP2A.260605.016/S721BXXUEEZIF:user/release-keys,"GLB,MM1,OPS,SIN,STH,TEL,THL,VAU,XME,XNZ,XSA,XSP,XTC,XXV","Philippines,Singapore,Australia,Myanmar,Cambodia,Thailand,Laos,Malaysia,New Zealand,Vietnam",ducmanh.ng1@samsung.com,srv.gba@samsung.com,"2026-09-23 10:43:18 KST","2026-09-23 17:54:42 KST","2026-09-23 17:54:42 KST","2026-09-23 17:54:42 KST",,r12sxxx,2026-09-05,huy.tb@samsung.com,SRV,100.0,S721BXXUEEZIF,S721BXXUEEZIF,S721BOLMEEZIF,SM-S721B,PHONE,"2026-09-23 21:30:00 KST",false,FULL,No,s5e9945,,SRV
4635241335750656,SKU,Approved,MR,false,samsung/pa3qxeea/pa3q:17/CP2A.260605.016/S938BXXUCDZIF_OXMCDZIF:user/release-keys,"TMZ,EVR,VGR,MAX,DO2,CNX,ORO,3IE,TPL,PRT,OPV,BOG,SWC,MOB,AMO,VOD,TMH,MOT,O2U,SIM,XEC,ATL,TCL,VIP,H3G,FTM,CRO,VD2,HTS,ORS,VDC,PLS,VDF,VDI,HUI,SFR,COS,EUX,OMN,DRE,MEO,TIM,TMS,DTM,MET","Czech Republic,United Kingdom,Greece,Austria,Germany,Romania,Ireland,Poland,France,Switzerland,Spain,Hungary,Slovenia,Portugal,Croatia,Sweden,Slovakia,Netherlands,Italy,Iceland,Latvia,Luxembourg,Bulgaria,Lithuania,Belgium,Norway,Finland,Denmark,Estonia",hoai.nt4@samsung.com,srv.gba@samsung.com,"2026-09-23 10:40:53 KST","2026-09-23 11:49:35 KST","2026-09-23 11:49:35 KST","2026-09-23 11:49:35 KST",,pa3qxeea,2026-09-05,yen.nh3@samsung.com,SRV,100.0,S938BXXUCDZIF,S938BXXUCDZIF,S938BOXMCDZIF,SM-S938B,PHONE,"2026-09-23 21:30:00 KST",false,VARIANT,No,SM8750,,SRV
5700140157632512,Regular,Approved,MR,false,samsung/e2sxser/e2s:17/CP2A.260605.016/S926BXXUHEZIF:user/release-keys,SER,Russia,khanh.toan@samsung.com,srv.gba@samsung.com,"2026-09-23 10:35:30 KST","2026-09-23 20:01:45 KST","2026-09-23 19:35:15 KST","2026-09-23 20:01:45 KST",,e2sxser,2026-09-05,huy.tb@samsung.com,SRV,100.0,S926BXXUHEZIF,S926BXXUHEZIF,S926BOXMHEZIF,SM-S926B,PHONE,"2026-09-23 21:30:00 KST",false,VARIANT,Yes,S5E9945,,SRV
5669662599938048,Regular,Approved,MR,false,samsung/e2sxtur/e2s:17/CP2A.260605.016/S926BXXUHEZIF:user/release-keys,TUR,Türkiye,ly.ltt@samsung.com,srv.gba@samsung.com,"2026-09-23 10:35:21 KST","2026-09-23 20:01:08 KST","2026-09-23 19:34:55 KST","2026-09-23 20:01:02 KST",,e2sxtur,2026-09-05,huy.tb@samsung.com,SRV,100.0,S926BXXUHEZIF,S926BXXUHEZIF,S926BOXMHEZIF,SM-S926B,PHONE,"2026-09-23 21:30:00 KST",false,VARIANT,Yes,S5E9945,,SRV
5061353631121408,SKU,Approved,MR,false,samsung/pa1qxxx/pa1q:17/CP2A.260605.016/S931BXXUCDZIF_OXMCDZIF:user/release-keys,"AFG,XTC,STH,VAU,ILP,AFR,ILO,MM1,XFA,FWD,OPS,XXV,KSA,THL,MWD,CAC,XNZ,XSA,LYS,PKD,EUY,MID,XFV,DKR,TUN,MSR,XSG,ACR,XME,XSP,TOP,CAU,EGY,ECT,SIN,TEL,PAK,GLB,SOZ,MBM","Afghanistan,Philippines,Singapore,Australia,Israel,Gabon,Senegal,Tanzania,Uganda,Democratic Republic of the Congo,Kenya,South Africa,Morocco,Vietnam,Saudi Arabia,Myanmar,Cambodia,Thailand,Laos,Mongolia,Turkmenistan,Kyrgyzstan,Tajikistan,New Zealand,Libya,Pakistan,Kosovo,Ukraine,Macedonia,Serbia,Bosnia and Herzegovina,Montenegro,Albania,Iraq,Tunisia,United Arab Emirates,Ghana,Malaysia,Armenia,Azerbaijan,Georgia,Egypt,Nigeria,Uzbekistan",nam.dt1@samsung.com,srv.gba@samsung.com,"2026-09-23 10:35:17 KST","2026-09-23 15:24:37 KST","2026-09-23 15:24:37 KST","2026-09-23 15:24:37 KST",,pa1qxxx,2026-09-05,hokyun.choi@samsung.com,SRV,100.0,S931BXXUCDZIF,S931BXXUCDZIF,S931BOXMCDZIF,SM-S931B,PHONE,"2026-09-23 21:30:00 KST",false,VARIANT,No,SM8750,,SRV
6673924872208384,Regular,Approved,MR,false,samsung/e2sxeea/e2s:17/CP2A.260605.016/S926BXXUHEZIF:user/release-keys,EUX,"Portugal,Iceland,Greece,Austria,Latvia,Netherlands,Sweden,Luxembourg,Poland,Slovakia,Slovenia,Bulgaria,France,Lithuania,Croatia,Romania,Hungary,United Kingdom,Switzerland,Spain,Czech Republic,Belgium,Norway,Finland,Denmark,Italy,Germany,Estonia",huy.dn@samsung.com,srv.gba@samsung.com,"2026-09-23 10:34:55 KST","2026-09-23 20:01:53 KST","2026-09-23 19:34:37 KST","2026-09-23 20:01:53 KST",,e2sxeea,2026-09-05,huy.tb@samsung.com,SRV,100.0,S926BXXUHEZIF,S926BXXUHEZIF,S926BOXMHEZIF,SM-S926B,PHONE,"2026-09-23 21:30:00 KST",false,VARIANT,Yes,S5E9945,,SRV
5938127181185024,SMR,Approved,SMR,,samsung/e2sxser/e2s:16/BP4A.251205.006/S926BXXSHDZI1:user/release-keys,SER,Russia,approval.se@samsung.com,srv.gba@samsung.com,"2026-09-23 10:33:29 KST","2026-09-23 11:36:31 KST","2026-09-23 11:19:11 KST","2026-09-23 11:36:31 KST",,e2sxser,2026-09-05,phan.ttrang@samsung.com,SRV,100.0,S926BXXSHDZI1,S926BXXSHDZI1,S926BOXMHDZI1,SM-S926B,PHONE,"2026-09-23 19:00:00 KST",false,,Yes,S5E9945,,SRV
6343889653071872,Widevine,Cancelled,,,samsung/xcoverfrwifixx/xcoverfrwifi:16/BP2A.250605.031.A3/G771FXXU0AZI1_OXM0AZI1:user/release-keys,EUY,Serbia,phan.hue@samsung.com,ga1.sec@samsung.com,"2026-09-23 10:29:03 KST","2026-09-23 10:29:03 KST",,,,xcoverfrwifixx,2026-10-05,minjung.ma@samsung.com,HQ-Suwon,100.0,,,,SM-G771F,PHONE,,false,,No,QCM6690,,SRV
5125812500299776,Vendor,Submitted,,false,samsung/gta11pxx/gta11p:14/UP1A.231005.007/X236BXXU7CZI7:user/release-keys,,,bich.hanh@samsung.com,gumi.ga1.sec@samsung.com,"2026-09-23 10:27:41 KST","2026-09-23 11:00:05 KST",,,,gta11pxx,,faith.choi@samsung.com,HQ-Gumi,,X236BXXU7CZI7,,,SM-X236B,TABLET,"2026-09-23 21:00:00 KST",false,,No,MT8775,,SRV
6551278792736768,NormalException,Approved,MR,false,samsung/r12sxxx/r12s:17/CP2A.260605.016/S721BXXUEEZIF:user/release-keys,CAU,"Armenia,Azerbaijan,Georgia",tu.nv1@samsung.com,srv.gba@samsung.com,"2026-09-23 10:16:32 KST","2026-09-23 11:43:39 KST","2026-09-23 11:43:39 KST","2026-09-23 11:43:39 KST",,r12sxxx,2026-09-05,huy.tb@samsung.com,SRV,100.0,S721BXXUEEZIF,S721BXXUEEZIF,S721BOXEEEZIF,SM-S721B,PHONE,"2026-09-23 20:00:00 KST",false,FULL,No,s5e9945,,SRV
5314142152163328,Vendor,Approved,,false,samsung/b5qksx/b5q:13/TP1A.220624.014/F731NTCU6HZIB:user/release-keys,,,r1.rawat@samsung.com,gumi.ga1.sec@samsung.com,"2026-09-23 10:15:07 KST","2026-09-29 16:00:05 KST","2026-09-29 14:40:40 KST","2026-09-29 16:00:05 KST",,b5qksx,,jungyh@samsung.com,HQ-Gumi,100.0,F731NTCU6HZIB,,,SM-F731N,PHONE,"2026-09-23 21:00:00 KST",false,,No,SM8550,,SRI-N
5161184777207808,NormalException,Approved,MR,false,samsung/r12sxser/r12s:17/CP2A.260605.016/S721BXXUEEZIF:user/release-keys,SKZ,Kazakhstan,oanh.lt@samsung.com,srv.gba@samsung.com,"2026-09-23 10:06:15 KST","2026-09-23 13:24:52 KST","2026-09-23 13:24:52 KST","2026-09-23 13:24:52 KST",,r12sxser,2026-09-05,huy.tb@samsung.com,SRV,100.0,S721BXXUEEZIF,S721BXXUEEZIF,S721BOXEEEZIF,SM-S721B,PHONE,"2026-09-23 20:00:00 KST",false,VARIANT,No,s5e9945,,SRV
6747127657267200,Vendor,Approved,,false,samsung/q6aqksx/q6aq:14/UP1A.231005.007/F958NKSU4EZIH:user/release-keys,,,priyanka.l@samsung.com,gumi.ga2.sec@samsung.com,"2026-09-23 09:57:51 KST","2026-09-24 00:00:03 KST","2026-09-23 15:35:34 KST","2026-09-24 00:00:03 KST",,q6aqksx,,jungyh@samsung.com,HQ-Gumi,100.0,F958NKSU4EZIH,,,SM-F958N,PHONE,"2026-09-23 21:00:00 KST",false,,No,SM8650,,SRI-N
4663470075412480,Regular,Approved,LR,false,samsung/pa3qsbmw/pa3q:17/CP2A.260605.016/S938ZSCU1DZI9_QBM1DZI9:user/release-keys,"SJP,SBM",Japan,ruchi.joshi@samsung.com,suwonga2.sec@samsung.com,"2026-09-23 09:52:25 KST","2026-09-28 12:36:04 KST","2026-09-28 12:30:57 KST","2026-09-28 12:36:04 KST","2026-09-23 18:07:39 KST",pa3qsbmw,2026-09-05,jimipark@samsung.com,HQ-Suwon2,100.0,S938ZSCU1DZI9,S938ZSCU1DZI9,S938ZQBM1DZI9,SM-S938Z,PHONE,"2026-10-12 23:30:00 KST",false,FULL,Yes,SM8750,LD,SRI-N
5595855935766528,Regular,Approved,MR,true,samsung/b6quew/b6q:17/CP2A.260605.016/F741U1UEU4EZIH:user/release-keys,"ATT,USC,ACG,AIO,TMB,XAR,FKR,ATC,VZW,DSA,TMK,CCT,DSH,DSG,XAA,LRA,CHA,TFN,XAG","United States",a2.rajput@samsung.com,ga1.sec@samsung.com,"2026-09-23 09:43:50 KST","2026-09-23 18:02:06 KST","2026-09-23 17:38:52 KST","2026-09-23 18:02:06 KST",,b6quew,2026-09-05,cmoh@samsung.com,HQ-Suwon,100.0,F741U1UEU4EZIH,F741U1UEU4EZIH,F741U1OYM4EZIH,SM-F741U1,PHONE,"2026-09-23 22:30:00 KST",false,FULL,Yes,SM8650,,SRI-N
6568786706825216,Regular,Approved,MR,false,samsung/r13sxxx/r13s:17/CP2A.260605.016/S731BXXU9CZIF_OWO9CZIF:user/release-keys,"ARO,BVO,CDR,CGU,CHE,CHL,CHO,CHT,COB,COL,COM,COO,CRC,CTI,CTU,DOR,EBE,ECO,EON,EUY,GLO,GTO,IUS,MXO,PEO,PET,PGU,PNT,PSN,SAM,TCE,UFN,UFU,UPO,UYO,ZTA,ZTM,ZTO,ZVV","Argentina,Bolivia,Dominican Republic,Guatemala,Chile,Colombia,Costa Rica,Uruguay,Ecuador,Kosovo,Ukraine,Macedonia,Serbia,Bosnia and Herzegovina,Montenegro,Albania,Mexico,Peru,Paraguay,Brazil",paulo.cunha@samsung.com,googleapproval.sidia@samsung.com,"2026-09-23 09:35:26 KST","2026-09-23 11:00:46 KST","2026-09-23 10:53:25 KST","2026-09-23 11:00:46 KST",,r13sxxx,2026-09-05,patriane.araujo@samsung.com,SIDIA,100.0,S731BXXU9CZIF,S731BXXU9CZIF,S731BOWO9CZIF,SM-S731B,PHONE,"2026-09-24 05:00:00 KST",false,VARIANT,Yes,s5e9945,,SIDIA
6664577077215232,Regular,Approved,LR,false,samsung/gts9kxx/gts9:17/CP2A.260605.016/X716NKOU6FZI3:user/release-keys,KOO,Korea,deeksha.s@samsung.com,suwonga2.sec@samsung.com,"2026-09-23 09:23:53 KST","2026-09-29 20:00:47 KST","2026-09-29 19:48:10 KST","2026-09-29 20:00:47 KST","2026-09-23 18:48:59 KST",gts9kxx,2026-09-05,shcho99@samsung.com,HQ-Suwon2,100.0,X716NKOU6FZI3,X716NKOU6FZI1,X716NKOO6FZI3,SM-X716N,TABLET,"2026-10-02 23:30:00 KST",false,FULL,Yes,SM8550,LD,SRI-N
4660532737212416,Vendor,Approved,,false,samsung/gts9kxx/gts9:13/TP1A.220624.014/X716NKOU6FZI3:user/release-keys,,,deeksha.s@samsung.com,suwonga2.sec@samsung.com,"2026-09-23 09:21:20 KST","2026-09-30 00:00:05 KST","2026-09-23 18:45:00 KST","2026-09-30 00:00:05 KST",,gts9kxx,,shcho99@samsung.com,HQ-Suwon2,100.0,X716NKOU6FZI3,,,SM-X716N,TABLET,"2026-09-23 21:00:00 KST",false,,No,SM8550,,SRI-N
5395079837777920,SMR,Approved,SMR,,samsung/q8quew/q8q:17/CP2A.260605.016/F976U1UES3AZIH_OYM3AZIH:user/release-keys,"ACG,AIO,ATC,ATT,CCT,CHA,DSA,DSG,DSH,FKR,LRA,SPT,TFN,TMB,TMK,VZW,XAA,XAG,XAR,XMT","United States",approval.se@samsung.com,ga1.sec@samsung.com,"2026-09-23 09:20:42 KST","2026-09-24 14:02:16 KST","2026-09-24 13:56:18 KST","2026-09-24 14:02:16 KST",,q8quew,2026-10-05,cmoh@samsung.com,HQ-Suwon,100.0,F976U1UES3AZIH,F976U1UES3AZIH,F976U1OYM3AZIH,SM-F976U1,PHONE,"2026-09-23 19:30:00 KST",false,,Yes,SM8850,,SRI-N
4651237673009152,Regular,Approved,MR,true,samsung/q6qcsx/q6q:17/CP2A.260605.016/F956WVLU4EZIH:user/release-keys,"PMB,TBT,CHR,VMC,BWA,SOL,GLW,VTR,FIZ,KDO,BMC,TLS,XAC,PCM,ESK,FMC,RWC",Canada,akansha.s1@samsung.com,ga1.sec@samsung.com,"2026-09-23 09:19:43 KST","2026-09-23 20:01:33 KST","2026-09-23 19:42:19 KST","2026-09-23 20:01:33 KST",,q6qcsx,2026-09-05,yunseok.hyun@samsung.com,HQ-Suwon,100.0,F956WVLU4EZIH,F956WVLU4EZIH,F956WOYV4EZIH,SM-F956W,PHONE,"2026-09-23 22:30:00 KST",false,FULL,Yes,SM8650,,SRI-N
5473891481026560,SMR,Approved,SMR,,samsung/b8quew/b8q:17/CP2A.260605.016/F776U1UES3AZIH_OYM3AZIH:user/release-keys,"ACG,AIO,ATC,ATT,CCT,CHA,DSA,DSG,DSH,FKR,LRA,SPT,TFN,TMB,TMK,VZW,XAA,XAG,XAR,XMT","United States",d.khantwal@samsung.com,kyuung.lee@samsung.com,"2026-09-23 09:19:24 KST","2026-09-24 14:03:42 KST","2026-09-24 13:57:24 KST","2026-09-24 14:03:42 KST",,b8quew,2026-10-05,cmoh@samsung.com,HQ-Suwon,100.0,F776U1UES3AZIH,F776U1UES3AZIH,F776U1OYM3AZIH,SM-F776U1,PHONE,"2026-09-23 19:30:00 KST",false,,Yes,SM8850,,SRI-N
5464343701618688,Vendor,Approved,,false,samsung/q6qsqw/q6q:14/UP1A.231005.007/F956USQU4EZIH:user/release-keys,,,bhawna.s1@samsung.com,ga1.sec@samsung.com,"2026-09-23 09:19:12 KST","2026-09-24 00:00:04 KST","2026-09-23 19:23:06 KST","2026-09-24 00:00:04 KST",,q6qsqw,,bk.k@samsung.com,HQ-Suwon,100.0,F956USQU4EZIH,,,SM-F956U,PHONE,"2026-09-23 21:00:00 KST",false,,No,SM8650,,SRI-N
5595047273955328,SMR,Approved,SMR,,samsung/h8quew/h8q:17/CP2A.260605.016/F971U1UES3AZIH_OYM3AZIH:user/release-keys,"ACG,AIO,ATC,ATT,CCT,CHA,DSA,DSG,DSH,FKR,LRA,SPT,TFN,TMB,TMK,VZW,XAA,XAG,XAR,XMT","United States",approval.se@samsung.com,ga1.sec@samsung.com,"2026-09-23 09:18:59 KST","2026-09-24 14:39:28 KST","2026-09-24 14:00:06 KST","2026-09-24 14:39:28 KST",,h8quew,2026-10-05,cmoh@samsung.com,HQ-Suwon,100.0,F971U1UES3AZIH,F971U1UES3AZIH,F971U1OYM3AZIH,SM-F971U1,PHONE,"2026-09-23 19:30:00 KST",false,,Yes,SM8850,,SRI-N
5927170132410368,SMR,On_Hold,SMR,,samsung/a34xeea/a34x:16/BP4A.251205.006/A346BXXSHFZI5:user/release-keys,EUX,"Portugal,Iceland,Greece,Netherlands,Sweden,Austria,Latvia,Luxembourg,Poland,Slovakia,Slovenia,Bulgaria,France,Lithuania,Croatia,Romania,Hungary,United Kingdom,Switzerland,Spain,Czech Republic,Belgium,Norway,Finland,Denmark,Italy,Germany,Estonia",vuong.hue@samsung.com,ga1.sec@samsung.com,"2026-09-23 09:18:57 KST","2026-09-23 12:10:48 KST","2026-09-23 12:10:48 KST",,,a34xeea,2026-10-05,kevin93@samsung.com,HQ-Suwon,100.0,A346BXXSHFZI5,A346BXXSHFZI5,A346BOXMHFZI5,SM-A346B,PHONE,"2026-09-23 19:30:00 KST",false,,No,MT6877V/TTZA,,SRV
5034258158845952,SMR,On_Hold,SMR,,samsung/a34xxx/a34x:16/BP4A.251205.006/A346BXXSHFZI5:user/release-keys,EUY,Serbia,yen.dt@samsung.com,ga1.sec@samsung.com,"2026-09-23 09:18:48 KST","2026-09-23 11:46:17 KST","2026-09-23 11:46:17 KST",,,a34xxx,2026-10-05,kevin93@samsung.com,HQ-Suwon,100.0,A346BXXSHFZI5,A346BXXSHFZI5,A346BOXMHFZI5,SM-A346B,PHONE,"2026-09-23 19:30:00 KST",false,,No,MT6877V/TTZA,,SRV
5929379742089216,SMR,Approved,SMR,,samsung/h8qcsx/h8q:17/CP2A.260605.016/F971WVLS3AZIH_OYV3AZIH:user/release-keys,"BMC,BWA,CHR,ESK,FIZ,FMC,GLW,KDO,PCM,PMB,RWC,SOL,TBT,TLS,VMC,VTR,XAC",Canada,approval.se@samsung.com,ga1.sec@samsung.com,"2026-09-23 09:14:30 KST","2026-09-24 14:41:39 KST","2026-09-24 14:05:09 KST","2026-09-24 14:41:39 KST",,h8qcsx,2026-10-05,kdh8926@samsung.com,HQ-Suwon,100.0,F971WVLS3AZIH,F971WVLS3AZIH,F971WOYV3AZIH,SM-F971W,PHONE,,false,,Yes,SM8850,,SRI-N
5229195248795648,Vendor,Approved,,false,samsung/pa3qsbmw/pa3q:15/AP3A.240905.015.A2/S938ZSCU1DZI9:user/release-keys,,,ruchi.joshi@samsung.com,suwonga2.sec@samsung.com,"2026-09-23 09:00:17 KST","2026-09-28 16:00:03 KST","2026-09-23 18:05:37 KST","2026-09-28 16:00:03 KST",,pa3qsbmw,,jimipark@samsung.com,HQ-Suwon2,100.0,S938ZSCU1DZI9,,,SM-S938Z,PHONE,"2026-09-23 21:00:00 KST",false,,No,SM8750,,SRI-N
4631535114518528,Regular,Approved,LR,false,samsung/a57xsbm/a57x:17/CP2A.260605.016/A576ZSCU1BZI9_QBM1BZI9:user/release-keys,SBM,Japan,priyanka.l@samsung.com,suwonga2.sec@samsung.com,"2026-09-23 08:52:37 KST","2026-09-28 20:35:17 KST","2026-09-28 20:08:44 KST","2026-09-28 20:35:17 KST","2026-09-24 12:57:01 KST",a57xsbm,2026-09-05,suhyun78.kim@samsung.com,HQ-Suwon2,100.0,A576ZSCU1BZI9,A576ZSCU1BZI8,A576ZQBM1BZI9,SM-A576Z,PHONE,"2026-10-02 23:30:00 KST",false,FULL,Yes,s5e8865,SP,SRI-N
5712264514764800,Regular,Approved,MR,false,samsung/SC-56F/SC-56F:17/CP2A.260605.016/SC56FOMU1CZIH_QCM1CZIH:user/release-keys,DCM,Japan,r1.rawat@samsung.com,suwonga2.sec@samsung.com,"2026-09-23 08:21:52 KST","2026-09-28 15:36:49 KST","2026-09-28 15:27:58 KST","2026-09-28 15:36:49 KST",,SC-56F,2026-09-05,youngjune.jang@samsung.com,HQ-Suwon2,100.0,SC56FOMU1CZIH,SC56FOMU1CZIH,SC56FQCM1CZIH,SC-56F,PHONE,"2026-09-23 22:00:00 KST",false,FULL,Yes,SM8750,,SRI-N
6187751754170368,Vendor,Approved,,false,samsung/q6qksx/q6q:14/UP1A.231005.007/F956NKSU4EZIH:user/release-keys,,,a2.rajput@samsung.com,gumi.ga2.sec@samsung.com,"2026-09-23 08:21:25 KST","2026-09-24 00:00:04 KST","2026-09-23 17:33:39 KST","2026-09-24 00:00:04 KST",,q6qksx,,jungyh@samsung.com,HQ-Gumi,100.0,F956NKSU4EZIH,,,SM-F956N,PHONE,"2026-09-23 21:00:00 KST",false,,No,SM8650,,SRI-N
4546064560685056,Regular,Approved,MR,false,samsung/q7quew/q7q:17/CP2A.260605.016/F966U1UEUCCZIH_OWACCZIH:user/release-keys,"LLA,PCT,XAA","Puerto Rico,United States",dinara.araujo@samsung.com,googleapproval.sidia@samsung.com,"2026-09-23 08:01:54 KST","2026-09-24 01:01:08 KST","2026-09-24 00:40:44 KST","2026-09-24 01:01:08 KST",,q7quew,2026-09-05,fabio.sousa@samsung.com,SIDIA,100.0,F966U1UEUCCZIH,F966U1UEUCCZIH,F966U1OWACCZIH,SM-F966U1,PHONE,"2026-09-24 04:30:00 KST",false,VARIANT,Yes,SM8750,,SIDIA
5992726885826560,Vendor,Submitted,,false,samsung/b8sxxx/b8s:16/BP2A.250605.031.A3/F776BXXS2AZIC:user/release-keys,,,bich.hanh@samsung.com,gumi.ga2.sec@samsung.com,"2026-09-23 07:42:16 KST","2026-09-23 08:25:54 KST",,,,b8sxxx,,yy82.choi@samsung.com,HQ-Gumi,,F776BXXS2AZIC,,,SM-F776B,PHONE,"2026-09-23 21:00:00 KST",false,,No,s5e9965,,SRV
6164041185886208,SMR,Approved,SMR,,samsung/r12suew/r12s:16/BP4A.251205.006/S721U1UESEDZI1:user/release-keys,"LLA,PCT","Puerto Rico",paulo.cunha@samsung.com,googleapproval.sidia@samsung.com,"2026-09-23 06:54:40 KST","2026-09-24 06:01:23 KST","2026-09-24 05:58:50 KST","2026-09-24 06:01:23 KST",,r12suew,2026-09-05,jonatas.nascimento@samsung.com,SIDIA,100.0,S721U1UESEDZI1,S721U1UESEDZI1,S721U1OWAEDZI1,SM-S721U1,PHONE,"2026-09-24 02:00:00 KST",false,,Yes,s5e9945,,SIDIA
5576944657891328,NormalException,Approved,MR,false,samsung/a33xub/a33x:16/BP2A.250605.031.A3/A336MUBUKGZI3:user/release-keys,"ANC,ARO,BAT,BVO,BVT,CDR,CGU,CHE,CHL,CHO,CHT,CHX,COB,COL,COM,COO,CRC,CTI,CTP,CTU,CWW,DOR,EBE,ECO,EON,IUS,MXO,PEO,PET,PGU,PNT,PSN,PSP,SAM,TCE,TMM,TPA,UFN,UFU,UPO,UYO,ZTA,ZTM,ZTO,ZVV","Uruguay,Argentina,Bahamas,Bolivia,Dominican Republic,Guatemala,Chile,Colombia,Costa Rica,Paraguay,Jamaica,Ecuador,Mexico,Peru,Panama,Brazil",dinara.araujo@samsung.com,googleapproval.sidia@samsung.com,"2026-09-23 06:38:37 KST","2026-09-23 07:19:15 KST","2026-09-23 07:19:15 KST","2026-09-23 07:19:15 KST",,a33xub,2026-08-05,matheus.lopes@samsung.com,SIDIA,100.0,A336MUBUKGZI3,A336MUBUKGZI3,"A336MOWAKGZI3,A336MOWEKGZI3,A336MOWOKGZI3",SM-A336M,PHONE,,false,FULL,No,S5E8825,,SIDIA
5490967801233408,SMR,Approved,SMR,,samsung/h8quew/h8q:17/CP2A.260605.016/F971U1UES3AZIH_OWA3AZIH:user/release-keys,"LLA,PCT","Puerto Rico",welton.seabra@samsung.com,googleapproval.sidia@samsung.com,"2026-09-23 06:38:07 KST","2026-09-24 14:07:42 KST","2026-09-24 13:58:16 KST","2026-09-24 14:07:42 KST",,h8quew,2026-10-05,a.maewe@samsung.com,SIDIA,100.0,F971U1UES3AZIH,F971U1UES3AZIH,F971U1OWA3AZIH,SM-F971U1,PHONE,"2026-09-24 02:00:00 KST",false,,Yes,SM8850,,SIDIA
4558652405186560,SMR,Approved,SMR,,samsung/q8quew/q8q:17/CP2A.260605.016/F976U1UES3AZIH_OWA3AZIH:user/release-keys,"LLA,PCT","Puerto Rico",rene.a@samsung.com,googleapproval.sidia@samsung.com,"2026-09-23 06:28:06 KST","2026-09-24 14:03:22 KST","2026-09-24 13:39:42 KST","2026-09-24 14:01:59 KST",,q8quew,2026-10-05,a.maewe@samsung.com,SIDIA,100.0,F976U1UES3AZIH,F976U1UES3AZIH,F976U1OWA3AZIH,SM-F976U1,PHONE,"2026-09-24 02:00:00 KST",false,,Yes,SM8850,,SIDIA
5554739475644416,SMR,Approved,SMR,,samsung/a06ub/a06:16/BP2A.250605.031.A3/A065MUBSGCZI3:user/release-keys,"CDR,CGU,CHE,CHL,CHO,CHT,CHX,COB,COL,COM,COO,CRC,DOR,EBE,ECO,EON,GLO,GTO,PCT,PEO,PET,PGU,PNT,SAM","Dominican Republic,Guatemala,Chile,Colombia,Costa Rica,Ecuador,Puerto Rico,Peru",approval.se@samsung.com,googleapproval.sidia@samsung.com,"2026-09-23 06:11:34 KST","2026-09-23 07:01:31 KST","2026-09-23 06:39:04 KST","2026-09-23 07:01:31 KST",,a06ub,2026-09-05,matheus.lopes@samsung.com,SIDIA,100.0,A065MUBSGCZI3,A065MUBSGCZI2,A065MOWBGCZI3,SM-A065M,PHONE,,false,,Yes,MT6769V/CZ,,SIDIA
4609965788758016,Regular,Approved,MR,false,samsung/a57xnsxx/a57x:17/CP2A.260605.016/A576BXXU6BZIE_OWO6BZIE:user/release-keys,"ARO,BVO,CDR,CGU,CHE,CHL,CHO,CHT,COB,COL,COM,COO,CRC,CTI,CTP,CTU,DOR,ECO,EON,EUY,GLO,GTO,IUS,MXO,PEO,PET,PGU,PNT,PSN,PSP,SAM,TCE,TGP,UFN,UPO,UYO,ZTA,ZTM,ZTO,ZVV","Argentina,Bolivia,Dominican Republic,Guatemala,Chile,Colombia,Costa Rica,Paraguay,Uruguay,Ecuador,Kosovo,Ukraine,Macedonia,Serbia,Bosnia and Herzegovina,Montenegro,Albania,Mexico,Peru,Brazil",paulo.cunha@samsung.com,googleapproval.sidia@samsung.com,"2026-09-23 05:59:30 KST","2026-09-23 12:36:43 KST","2026-09-23 12:17:13 KST","2026-09-23 12:36:43 KST",,a57xnsxx,2026-09-05,s.conde@samsung.com,SIDIA,100.0,A576BXXU6BZIE,A576BXXU6BZIE,A576BOWO6BZIE,SM-A576B,PHONE,"2026-09-24 05:00:00 KST",false,VARIANT,Yes,s5e8865,,SIDIA
6490863433940992,SMR,Approved,SMR,,samsung/a16xue/a16x:16/BP4A.251205.006/A166U1UESADZI2:user/release-keys,"LLA,PCT","Puerto Rico",paulo.cunha@samsung.com,alves.r@samsung.com,"2026-09-23 05:34:58 KST","2026-09-23 11:35:47 KST","2026-09-23 11:22:44 KST","2026-09-23 11:35:47 KST",,a16xue,2026-09-05,caroline.fernandes@samsung.com,SIDIA,100.0,A166U1UESADZI2,A166U1UESADZI2,A166U1OWAADZI2,SM-A166U1,PHONE,"2026-09-24 02:00:00 KST",false,,Yes,s5e8535,,SIDIA
4616214630629376,SKU,Submitted,MR,false,samsung/a18mxx/a18m:17/CP2A.260605.016/A185GXXU1AZI4_OLM1AZI4:user/release-keys,XID,Indonesia,thuynga.dt@samsung.com,endri.s@samsung.com,"2026-09-23 05:15:56 KST","2026-10-01 16:25:38 KST",,,,a18mxx,2026-09-05,bs1991.yoon@samsung.com,SRV,Reviewing,A185GXXU1AZI4,A185GXXU1AZI4,A185GOLM1AZI4,SM-A185G,PHONE,"2026-09-23 18:00:00 KST",false,VARIANT,No,MT6789V/CD,,SRV
5979000640110592,SMR,Approved,SMR,,samsung/r14sxxx/r14s:17/CP2A.260605.016/S741BXXS2AZI5_OWO2AZI5:user/release-keys,"ARO,BVO,CDR,CGU,CHE,CHL,CHO,CHT,COL,COM,COO,CTI,ECO,GLO,GTO,IUS,MXO,PEO,PET,PGU,PNT,PSN,SAM,TCE,UFN,ZTA,ZTM,ZTO,ZVV","Argentina,Bolivia,Dominican Republic,Guatemala,Chile,Colombia,Ecuador,Mexico,Peru,Brazil",approval.se@samsung.com,googleapproval.sidia@samsung.com,"2026-09-23 04:56:35 KST","2026-09-24 14:36:36 KST","2026-09-24 14:05:56 KST","2026-09-24 14:36:36 KST",,r14sxxx,2026-10-05,ursula.campos@samsung.com,SIDIA,100.0,S741BXXS2AZI5,S741BXXS2AZI3,S741BOWO2AZI5,SM-S741B,PHONE,"2026-09-24 02:00:00 KST",false,,Yes,s5e9955,,SIDIA
6555059236372480,Regular,Approved,LR,false,samsung/a07ub/a07:17/CP2A.260605.016/A075MUBU7DZHD_OWB7DZHD:user/release-keys,GTO,Guatemala,welton.seabra@samsung.com,douglas.araujo@samsung.com,"2026-09-23 04:54:05 KST","2026-09-29 08:36:04 KST","2026-09-25 05:38:50 KST","2026-09-29 08:36:04 KST",,a07ub,2026-07-05,aglair.p@samsung.com,SIDIA,100.0,A075MUBU7DZHD,A075MUBU7DZHC,A075MOWB7DZHD,SM-A075M,PHONE,"2026-10-02 23:30:00 KST",false,FULL,Yes,MT6789V/CD,LD,SIDIA
5673539143467008,Vendor,Approved,,false,samsung/a07ub/a07:16/BP2A.250605.031.A3/A075MUBU7DZHD:user/release-keys,,,welton.seabra@samsung.com,googleapproval.sidia@samsung.com,"2026-09-23 04:44:03 KST","2026-09-29 16:00:05 KST","2026-09-25 05:35:29 KST","2026-09-29 16:00:05 KST",,a07ub,,aglair.p@samsung.com,SIDIA,100.0,A075MUBU7DZHD,,,SM-A075M,PHONE,"2026-09-24 03:30:00 KST",false,,No,MT6789V/CD,,SIDIA
4902970470957056,NormalException,Approved,MR,false,samsung/r12sxxx/r12s:17/CP2A.260605.016/S721BXXUEEZIF:user/release-keys,"ANC,ARO,BVO,CDR,CGU,CHE,CHL,CHO,CHT,CHX,COB,COL,COM,COO,CRC,CTI,CTP,CTU,DOR,EBE,ECO,EON,GLO,GTO,IUS,MXO,PEO,PET,PGU,PNT,PSN,PSP,SAM,TCE,TGP,TMM,TPA,UFN,UFU,UPO,UYO,ZTA,ZTM,ZTO,ZVV","Uruguay,Argentina,Bolivia,Dominican Republic,Guatemala,Chile,Colombia,Costa Rica,Paraguay,Ecuador,Mexico,Peru,Panama,Brazil",welton.seabra@samsung.com,googleapproval.sidia@samsung.com,"2026-09-23 04:29:33 KST","2026-09-23 05:16:58 KST","2026-09-23 05:16:58 KST","2026-09-23 05:16:58 KST",,r12sxxx,2026-09-05,huy.tb@samsung.com,SIDIA,100.0,S721BXXUEEZIF,S721BXXUEEZIF,S721BOWOEEZIF,SM-S721B,PHONE,"2026-09-24 04:30:00 KST",false,FULL,No,s5e9945,,SIDIA
6592678452264960,SMR,Approved,SMR,,samsung/e1sxxx/e1s:16/BP4A.251205.006/S921BXXSHDZI1:user/release-keys,"ANC,ARO,BVO,CDR,CGU,CHE,CHL,CHO,CHT,CHX,COB,COL,COM,COO,CRC,CTI,CTP,CTU,DOR,EBE,ECO,EON,GLO,GTO,IUS,MXO,PEO,PET,PGU,PNT,PSN,PSP,SAM,TCE,TGP,TMM,TPA,UFN,UFU,UPO,UYO,ZTA,ZTM,ZTO,ZVV","Uruguay,Argentina,Bolivia,Dominican Republic,Guatemala,Chile,Colombia,Costa Rica,Paraguay,Ecuador,Mexico,Peru,Panama,Brazil",approval.se@samsung.com,googleapproval.sidia@samsung.com,"2026-09-23 02:09:45 KST","2026-09-23 03:01:51 KST","2026-09-23 02:39:07 KST","2026-09-23 03:01:51 KST",,e1sxxx,2026-09-05,anne.barroncas@samsung.com,SIDIA,100.0,S921BXXSHDZI1,S921BXXSHDZI1,S921BOWOHDZI1,SM-S921B,PHONE,,false,,Yes,S5E9945,,SIDIA
6332996340940800,SMR,Approved,SMR,,samsung/r14sue/r14s:17/CP2A.260605.016/S741U1UES2AZI5_OWA2AZI5:user/release-keys,"LLA,PCT","Puerto Rico",dinara.araujo@samsung.com,alves.r@samsung.com,"2026-09-23 01:42:28 KST","2026-09-24 14:35:07 KST","2026-09-24 14:13:05 KST","2026-09-24 14:35:07 KST",,r14sue,2026-10-05,ursula.campos@samsung.com,SIDIA,100.0,S741U1UES2AZI5,S741U1UES2AZI5,S741U1OWA2AZI5,SM-S741U1,PHONE,,false,,Yes,s5e9955,,SIDIA
5060154966147072,SMR,Approved,SMR,,samsung/e3qxxx/e3q:16/BP4A.251205.006/S928BXXS6DZI1:user/release-keys,"ANC,ARO,BVO,CDR,CGU,CHE,CHL,CHO,CHT,CHX,COB,COL,COM,COO,CRC,CTI,CTP,CTU,DOR,EBE,ECO,EON,GLO,GTO,IUS,MXO,PEO,PET,PGU,PNT,PSN,PSP,SAM,TCE,TGP,TMM,TPA,UFN,UFU,UPO,UYO,ZTA,ZTM,ZTO,ZVV","Uruguay,Argentina,Bolivia,Dominican Republic,Guatemala,Chile,Colombia,Costa Rica,Paraguay,Ecuador,Mexico,Peru,Panama,Brazil",approval.se@samsung.com,googleapproval.sidia@samsung.com,"2026-09-23 01:11:19 KST","2026-09-23 02:36:04 KST","2026-09-23 01:39:05 KST","2026-09-23 02:36:04 KST",,e3qxxx,2026-09-05,anne.barroncas@samsung.com,SIDIA,100.0,S928BXXS6DZI1,S928BXXS6DZI1,S928BOWO6DZI1,SM-S928B,PHONE,,false,,Yes,SM8650,,SIDIA
6652419836739584,SMR,Approved,SMR,,samsung/e2sxxx/e2s:16/BP4A.251205.006/S926BXXSHDZI1:user/release-keys,"ANC,ARO,BVO,CDR,CGU,CHE,CHL,CHO,CHT,CHX,COB,COL,COM,COO,CRC,CTI,CTP,CTU,DOR,EBE,ECO,EON,GLO,GTO,IUS,MXO,PEO,PET,PGU,PNT,PSN,PSP,SAM,TCE,TGP,TMM,TPA,UFN,UFU,UPO,UYO,ZTA,ZTM,ZTO,ZVV","Uruguay,Argentina,Bolivia,Dominican Republic,Guatemala,Chile,Colombia,Costa Rica,Paraguay,Ecuador,Mexico,Peru,Panama,Brazil",approval.se@samsung.com,googleapproval.sidia@samsung.com,"2026-09-23 01:02:39 KST","2026-09-23 02:01:21 KST","2026-09-23 01:49:04 KST","2026-09-23 02:01:21 KST",,e2sxxx,2026-09-05,anne.barroncas@samsung.com,SIDIA,100.0,S926BXXSHDZI1,S926BXXSHDZI1,S926BOWOHDZI1,SM-S926B,PHONE,"2026-09-23 02:00:00 KST",false,,Yes,S5E9945,,SIDIA
6208973053362176,SMR,Approved,SMR,,samsung/a14xub/a14x:15/AP3A.240905.015.A2/A146MUBSFDZI1:user/release-keys,CDR,"Dominican Republic",approval.se@samsung.com,googleapproval.sidia@samsung.com,"2026-09-23 00:18:41 KST","2026-09-23 01:36:52 KST","2026-09-23 01:09:05 KST","2026-09-23 01:36:52 KST",,a14xub,2026-09-05,cristiano.mendes@samsung.com,SIDIA,100.0,A146MUBSFDZI1,A146MUBSFDZI1,A146MOWAFDZI1,SM-A146M,PHONE,"2026-09-23 02:00:00 KST",false,,Yes,s5e8835,,SIDIA
5241655284465664,SMR,Approved,SMR,,samsung/a16xue/a16x:16/BP4A.251205.006/A166U1UESADZI3:user/release-keys,"LLA,PCT","Puerto Rico",paulo.cunha@samsung.com,alves.r@samsung.com,"2026-09-23 00:13:42 KST","2026-09-23 07:00:10 KST","2026-09-23 06:57:38 KST","2026-09-23 07:00:10 KST",,a16xue,2026-09-05,caroline.fernandes@samsung.com,SIDIA,100.0,A166U1UESADZI3,A166U1UESADZI3,A166U1OWAADZI3,SM-A166U1,PHONE,,false,,Yes,s5e8535,,SIDIA
